task,group,metric,n,top1_hit,regret_at_1,spearman,best_retention,prior_pick_retention
T1_select_source,llama1b,rel_direction_l1_to_target,12,0,0.1267509286780849,-0.04895104895104895,0.9506268986886264,0.8238759700105415
T1_select_source,llama1b,rel_direction_rmse_to_target,12,0,0.1267509286780849,-0.04895104895104895,0.9506268986886264,0.8238759700105415
T1_select_source,llama1b,rel_magnitude_l1_to_target,12,0,0.17266941331062202,0.32167832167832167,0.9506268986886264,0.7779574853780044
T1_select_source,llama1b,rel_magnitude_rmse_to_target,12,0,0.17266941331062202,0.32167832167832167,0.9506268986886264,0.7779574853780044
T1_select_source,llama1b,memory_target_norm_gap,12,0,0.1267509286780849,0.2517482517482518,0.9506268986886264,0.8238759700105415
T1_select_source,llama1b,anchor_direction_js_to_target,12,0,0.1267509286780849,-0.22377622377622378,0.9506268986886264,0.8238759700105415
T1_select_source,llama1b,target_direction_subspace_residual,12,0,0.22294576163758983,0.11888111888111888,0.9506268986886264,0.7276811370510365
T1_select_source,llama1b,capacity_normalized_direction_rmse,12,0,0.1267509286780849,-0.04895104895104895,0.9506268986886264,0.8238759700105415
T1_select_source,llama1b,diagnostic_rel_direction_z2_mean,12,0,0.1267509286780849,0.0,0.9506268986886264,0.8238759700105415
T1_select_source,llama1b,diagnostic_rel_magnitude_z_abs_mean,12,0,0.17266941331062202,0.2867132867132867,0.9506268986886264,0.7779574853780044
T1_select_source,llama1b,diagnostic_target_direction_std_mean,12,0,0.22294576163758983,0.22529024816220128,0.9506268986886264,0.7276811370510365
T1_select_source,llama1b,diagnostic_target_direction_std_min,12,0,0.17266941331062202,0.28536764767212164,0.9506268986886264,0.7779574853780044
T1_select_source,llama1b,diagnostic_target_magnitude_std_mean,12,0,0.1267509286780849,0.13517414889732077,0.9506268986886264,0.8238759700105415
T1_select_source,llama1b,diagnostic_target_magnitude_std_min,12,0,0.1267509286780849,0.13517414889732077,0.9506268986886264,0.8238759700105415
T1_select_source,llama1b,source_native_nll,12,0,0.03514420563792142,0.5454545454545454,0.9506268986886264,0.915482693050705
T1_select_source,llama1b,target_minus_source_nll,12,0,0.1570162427759545,-0.5454545454545454,0.9506268986886264,0.7936106559126719
T1_select_source,llama1b,source_hidden_size,12,0,0.22294576163758983,0.04302429646588314,0.9506268986886264,0.7276811370510365
T1_select_source,llama1b,abs_log_hidden_ratio,12,0,0.8563384258456376,-0.24380434664000444,0.9506268986886264,0.09428847284298883
T1_select_source,llama1b,prior_same_model_family,12,0,0.17266941331062202,0.30725493389951347,0.9506268986886264,0.7779574853780044
T1_select_source,llama1b,prior_cross_model_family,12,0,0.1267509286780849,-0.30725493389951347,0.9506268986886264,0.8238759700105415
T1_select_source,llama1b,prior_source_param_b,12,0,0.22294576163758983,-0.03639276222842889,0.9506268986886264,0.7276811370510365
T1_select_source,llama1b,prior_log_param_ratio_target_over_source,12,0,0.1570162427759545,0.03639276222842889,0.9506268986886264,0.7936106559126719
T1_select_source,llama1b,pair_normalized_direction_rmse,12,0,0.1267509286780849,0.027972027972027972,0.9506268986886264,0.8238759700105415
T1_select_source,llama1b,target_readability_z2_mean,12,0,0.1267509286780849,0.0,0.9506268986886264,0.8238759700105415
T1_select_source,llama1b,target_readability_tail_frac,12,0,0.1267509286780849,-0.06293706293706294,0.9506268986886264,0.8238759700105415
T1_select_source,llama1b,target_readability_cross_entropy,12,0,0.1267509286780849,-0.09090909090909091,0.9506268986886264,0.8238759700105415
T1_select_source,llama1b,source_to_target_anchor_kl,12,0,0.1267509286780849,-0.09090909090909091,0.9506268986886264,0.8238759700105415
T1_select_source,llama1b,target_readability_energy,12,0,0.1570162427759545,0.16783216783216784,0.9506268986886264,0.7936106559126719
T1_select_source,llama1b,source_target_top_anchor_overlap,12,1,0.0,0.11188811188811189,0.9506268986886264,0.9506268986886264
T1_select_source,llama1b,source_target_direction_entropy_gap,12,0,0.177474071773271,-0.21678321678321677,0.9506268986886264,0.7731528269153554
T1_select_source,llama1b,source_target_direction_dispersion_gap,12,0,0.177474071773271,0.04895104895104895,0.9506268986886264,0.7731528269153554
T1_select_source,llama1b,diagnostic_source_direction_entropy_mean,12,0,0.1267509286780849,0.11888111888111888,0.9506268986886264,0.8238759700105415
T1_select_source,llama1b,diagnostic_target_direction_entropy,12,0,0.1267509286780849,-0.22529024816220128,0.9506268986886264,0.8238759700105415
T1_select_source,llama1b,diagnostic_source_direction_std_mean,12,0,0.177474071773271,0.15384615384615385,0.9506268986886264,0.7731528269153554
T1_select_source,llama1b,_z_log_param_ratio,12,0,0.1570162427759545,0.03639276222842889,0.9506268986886264,0.7936106559126719
T1_select_source,llama1b,_z_neg_direction_rmse,12,0,0.1267509286780849,-0.04895104895104895,0.9506268986886264,0.8238759700105415
T1_select_source,llama1b,_z_neg_anchor_js,12,0,0.1267509286780849,-0.22377622377622378,0.9506268986886264,0.8238759700105415
T1_select_source,llama1b,_z_neg_magnitude_rmse,12,0,0.17266941331062202,0.32167832167832167,0.9506268986886264,0.7779574853780044
T1_select_source,llama1b,_z_neg_subspace_residual,12,0,0.22294576163758983,0.11888111888111888,0.9506268986886264,0.7276811370510365
T1_select_source,llama1b,_z_neg_pair_norm_direction_rmse,12,0,0.1267509286780849,0.027972027972027972,0.9506268986886264,0.8238759700105415
T1_select_source,llama1b,_z_neg_target_readability_z2,12,0,0.1267509286780849,0.0,0.9506268986886264,0.8238759700105415
T1_select_source,llama1b,_z_neg_target_readability_tail,12,0,0.1267509286780849,-0.06293706293706294,0.9506268986886264,0.8238759700105415
T1_select_source,llama1b,_z_neg_target_readability_ce,12,0,0.1267509286780849,-0.09090909090909091,0.9506268986886264,0.8238759700105415
T1_select_source,llama1b,_z_neg_source_to_target_kl,12,0,0.1267509286780849,-0.09090909090909091,0.9506268986886264,0.8238759700105415
T1_select_source,llama1b,_z_target_readability_energy,12,0,0.1570162427759545,0.16783216783216784,0.9506268986886264,0.7936106559126719
T1_select_source,llama1b,_z_top_anchor_overlap,12,1,0.0,0.11188811188811189,0.9506268986886264,0.9506268986886264
T1_select_source,llama1b,_z_neg_direction_entropy_gap,12,0,0.177474071773271,-0.21678321678321677,0.9506268986886264,0.7731528269153554
T1_select_source,llama1b,_z_neg_direction_dispersion_gap,12,0,0.177474071773271,0.04895104895104895,0.9506268986886264,0.7731528269153554
T1_select_source,llama1b,_z_neg_source_native_nll,12,0,0.03514420563792142,0.5454545454545454,0.9506268986886264,0.915482693050705
T1_select_source,llama1b,combined_hidden_direction_score,12,0,0.1267509286780849,-0.04895104895104895,0.9506268986886264,0.8238759700105415
T1_select_source,llama1b,combined_hidden_js_score,12,0,0.1267509286780849,-0.22377622377622378,0.9506268986886264,0.8238759700105415
T1_select_source,llama1b,combined_hidden_source_quality_score,12,0,0.03514420563792142,0.5454545454545454,0.9506268986886264,0.915482693050705
T1_select_source,llama1b,combined_param_direction_score,12,0,0.1267509286780849,-0.04895104895104895,0.9506268986886264,0.8238759700105415
T1_select_source,llama1b,combined_ratio_direction_score,12,0,0.1570162427759545,0.006993006993006993,0.9506268986886264,0.7936106559126719
T1_select_source,llama1b,pair_geometry_compatibility_score,12,0,0.1570162427759545,0.1958041958041958,0.9506268986886264,0.7936106559126719
T1_select_source,llama3b,rel_direction_l1_to_target,12,0,0.031389463811428264,-0.43356643356643354,0.991698342847541,0.9603088790361127
T1_select_source,llama3b,rel_direction_rmse_to_target,12,0,0.031389463811428264,-0.43356643356643354,0.991698342847541,0.9603088790361127
T1_select_source,llama3b,rel_magnitude_l1_to_target,12,0,0.026456299696776986,0.5174825174825175,0.991698342847541,0.965242043150764
T1_select_source,llama3b,rel_magnitude_rmse_to_target,12,0,0.026456299696776986,0.5174825174825175,0.991698342847541,0.965242043150764
T1_select_source,llama3b,memory_target_norm_gap,12,0,0.031389463811428264,0.42657342657342656,0.991698342847541,0.9603088790361127
T1_select_source,llama3b,anchor_direction_js_to_target,12,0,0.031389463811428264,-0.3706293706293706,0.991698342847541,0.9603088790361127
T1_select_source,llama3b,target_direction_subspace_residual,12,0,0.0687730572910148,0.32167832167832167,0.991698342847541,0.9229252855565262
T1_select_source,llama3b,capacity_normalized_direction_rmse,12,0,0.031389463811428264,-0.43356643356643354,0.991698342847541,0.9603088790361127
T1_select_source,llama3b,diagnostic_rel_direction_z2_mean,12,0,0.031389463811428264,-0.4965034965034965,0.991698342847541,0.9603088790361127
T1_select_source,llama3b,diagnostic_rel_magnitude_z_abs_mean,12,0,0.026456299696776986,0.5034965034965035,0.991698342847541,0.965242043150764
T1_select_source,llama3b,diagnostic_target_direction_std_mean,12,0,0.0687730572910148,0.3154063474270818,0.991698342847541,0.9229252855565262
T1_select_source,llama3b,diagnostic_target_direction_std_min,12,0,0.0687730572910148,0.4655998462018826,0.991698342847541,0.9229252855565262
T1_select_source,llama3b,diagnostic_target_magnitude_std_mean,12,0,0.031389463811428264,0.3154063474270818,0.991698342847541,0.9603088790361127
T1_select_source,llama3b,diagnostic_target_magnitude_std_min,12,0,0.031389463811428264,0.3154063474270818,0.991698342847541,0.9603088790361127
T1_select_source,llama3b,source_native_nll,12,0,0.006020366611110384,0.5034965034965035,0.991698342847541,0.9856779762364306
T1_select_source,llama3b,target_minus_source_nll,12,0,0.0806469344316586,-0.5034965034965035,0.991698342847541,0.9110514084158824
T1_select_source,llama3b,source_hidden_size,12,0,0.0687730572910148,0.021835657337057335,0.991698342847541,0.9229252855565262
T1_select_source,llama3b,abs_log_hidden_ratio,12,0,0.06933345682291636,-0.1382924964680298,0.991698342847541,0.9223648860246246
T1_select_source,llama3b,prior_same_model_family,12,0,0.026456299696776986,0.5120915564991891,0.991698342847541,0.965242043150764
T1_select_source,llama3b,prior_cross_model_family,12,0,0.031389463811428264,-0.5120915564991891,0.991698342847541,0.9603088790361127
T1_select_source,llama3b,prior_source_param_b,12,0,0.0687730572910148,-0.265316494872946,0.991698342847541,0.9229252855565262
T1_select_source,llama3b,prior_log_param_ratio_target_over_source,12,0,0.026456299696776986,0.265316494872946,0.991698342847541,0.965242043150764
T1_select_source,llama3b,prior_param_tier_jump,12,0,0.026456299696776986,0.4181210050035454,0.991698342847541,0.965242043150764
T1_select_source,llama3b,pair_normalized_direction_rmse,12,0,0.031389463811428264,-0.15384615384615385,0.991698342847541,0.9603088790361127
T1_select_source,llama3b,target_readability_z2_mean,12,0,0.031389463811428264,-0.4965034965034965,0.991698342847541,0.9603088790361127
T1_select_source,llama3b,target_readability_tail_frac,12,0,0.031389463811428264,-0.5314685314685315,0.991698342847541,0.9603088790361127
T1_select_source,llama3b,target_readability_cross_entropy,12,0,0.031389463811428264,-0.2937062937062937,0.991698342847541,0.9603088790361127
T1_select_source,llama3b,source_to_target_anchor_kl,12,0,0.031389463811428264,-0.3916083916083916,0.991698342847541,0.9603088790361127
T1_select_source,llama3b,target_readability_energy,12,0,0.0806469344316586,-0.23776223776223776,0.991698342847541,0.9110514084158824
T1_select_source,llama3b,source_target_top_anchor_overlap,12,0,0.03756704453368431,-0.21678321678321677,0.991698342847541,0.9541312983138567
T1_select_source,llama3b,source_target_direction_entropy_gap,12,0,0.06685074425779336,-0.3776223776223776,0.991698342847541,0.9248475985897476
T1_select_source,llama3b,source_target_direction_dispersion_gap,12,0,0.06685074425779336,0.25874125874125875,0.991698342847541,0.9248475985897476
T1_select_source,llama3b,diagnostic_source_direction_entropy_mean,12,0,0.031389463811428264,0.20279720279720279,0.991698342847541,0.9603088790361127
T1_select_source,llama3b,diagnostic_target_direction_entropy,12,0,0.031389463811428264,-0.3154063474270818,0.991698342847541,0.9603088790361127
T1_select_source,llama3b,diagnostic_source_direction_std_mean,12,0,0.026456299696776986,0.3776223776223776,0.991698342847541,0.965242043150764
T1_select_source,llama3b,_z_log_param_ratio,12,0,0.026456299696776986,0.265316494872946,0.991698342847541,0.965242043150764
T1_select_source,llama3b,_z_neg_direction_rmse,12,0,0.031389463811428264,-0.43356643356643354,0.991698342847541,0.9603088790361127
T1_select_source,llama3b,_z_neg_anchor_js,12,0,0.031389463811428264,-0.3706293706293706,0.991698342847541,0.9603088790361127
T1_select_source,llama3b,_z_neg_magnitude_rmse,12,0,0.026456299696776986,0.5174825174825175,0.991698342847541,0.965242043150764
T1_select_source,llama3b,_z_neg_subspace_residual,12,0,0.0687730572910148,0.32167832167832167,0.991698342847541,0.9229252855565262
T1_select_source,llama3b,_z_neg_pair_norm_direction_rmse,12,0,0.031389463811428264,-0.15384615384615385,0.991698342847541,0.9603088790361127
T1_select_source,llama3b,_z_neg_target_readability_z2,12,0,0.031389463811428264,-0.4965034965034965,0.991698342847541,0.9603088790361127
T1_select_source,llama3b,_z_neg_target_readability_tail,12,0,0.031389463811428264,-0.5314685314685315,0.991698342847541,0.9603088790361127
T1_select_source,llama3b,_z_neg_target_readability_ce,12,0,0.031389463811428264,-0.2937062937062937,0.991698342847541,0.9603088790361127
T1_select_source,llama3b,_z_neg_source_to_target_kl,12,0,0.031389463811428264,-0.3916083916083916,0.991698342847541,0.9603088790361127
T1_select_source,llama3b,_z_target_readability_energy,12,0,0.0806469344316586,-0.23776223776223776,0.991698342847541,0.9110514084158824
T1_select_source,llama3b,_z_top_anchor_overlap,12,0,0.03756704453368431,-0.21678321678321677,0.991698342847541,0.9541312983138567
T1_select_source,llama3b,_z_neg_direction_entropy_gap,12,0,0.06685074425779336,-0.3776223776223776,0.991698342847541,0.9248475985897476
T1_select_source,llama3b,_z_neg_direction_dispersion_gap,12,0,0.06685074425779336,0.25874125874125875,0.991698342847541,0.9248475985897476
T1_select_source,llama3b,_z_neg_source_native_nll,12,0,0.006020366611110384,0.5034965034965035,0.991698342847541,0.9856779762364306
T1_select_source,llama3b,combined_hidden_direction_score,12,0,0.031389463811428264,-0.43356643356643354,0.991698342847541,0.9603088790361127
T1_select_source,llama3b,combined_hidden_js_score,12,0,0.031389463811428264,-0.3706293706293706,0.991698342847541,0.9603088790361127
T1_select_source,llama3b,combined_hidden_source_quality_score,12,0,0.006020366611110384,0.5034965034965035,0.991698342847541,0.9856779762364306
T1_select_source,llama3b,combined_param_direction_score,12,0,0.031389463811428264,-0.43356643356643354,0.991698342847541,0.9603088790361127
T1_select_source,llama3b,combined_ratio_direction_score,12,0,0.0806469344316586,0.06993006993006994,0.991698342847541,0.9110514084158824
T1_select_source,llama3b,pair_geometry_compatibility_score,12,0,0.031389463811428264,-0.2517482517482518,0.991698342847541,0.9603088790361127
T1_select_source,llama8b,rel_direction_l1_to_target,12,0,0.003668838493883664,0.40559440559440557,0.9954241725429155,0.9917553340490318
T1_select_source,llama8b,rel_direction_rmse_to_target,12,0,0.003668838493883664,0.48951048951048953,0.9954241725429155,0.9917553340490318
T1_select_source,llama8b,rel_magnitude_l1_to_target,12,0,0.01139726305227362,0.46853146853146854,0.9954241725429155,0.9840269094906419
T1_select_source,llama8b,rel_magnitude_rmse_to_target,12,0,0.01139726305227362,0.46853146853146854,0.9954241725429155,0.9840269094906419
T1_select_source,llama8b,memory_target_norm_gap,12,0,0.01384489529352051,0.4405594405594406,0.9954241725429155,0.981579277249395
T1_select_source,llama8b,anchor_direction_js_to_target,12,0,0.01384489529352051,0.1048951048951049,0.9954241725429155,0.981579277249395
T1_select_source,llama8b,target_direction_subspace_residual,12,0,0.07162335882694093,-0.16783216783216784,0.9954241725429155,0.9238008137159746
T1_select_source,llama8b,capacity_normalized_direction_rmse,12,0,0.003668838493883664,0.48951048951048953,0.9954241725429155,0.9917553340490318
T1_select_source,llama8b,diagnostic_rel_direction_z2_mean,12,0,0.06650354139771919,-0.34265734265734266,0.9954241725429155,0.9289206311451963
T1_select_source,llama8b,diagnostic_rel_magnitude_z_abs_mean,12,0,0.01139726305227362,0.43356643356643354,0.9954241725429155,0.9840269094906419
T1_select_source,llama8b,diagnostic_target_direction_std_mean,12,0,0.01384489529352051,-0.5190990940695903,0.9954241725429155,0.981579277249395
T1_select_source,llama8b,diagnostic_target_direction_std_min,12,0,0.07434464297686783,-0.3358876491038526,0.9954241725429155,0.9210795295660477
T1_select_source,llama8b,diagnostic_target_magnitude_std_mean,12,0,0.01384489529352051,0.3358876491038526,0.9954241725429155,0.981579277249395
T1_select_source,llama8b,diagnostic_target_magnitude_std_min,12,0,0.01384489529352051,0.3358876491038526,0.9954241725429155,0.981579277249395
T1_select_source,llama8b,source_native_nll,12,0,0.003668838493883664,0.5384615384615384,0.9954241725429155,0.9917553340490318
T1_select_source,llama8b,target_minus_source_nll,12,0,0.07434464297686783,-0.5384615384615384,0.9954241725429155,0.9210795295660477
T1_select_source,llama8b,source_hidden_size,12,0,0.01384489529352051,0.0,0.9954241725429155,0.981579277249395
T1_select_source,llama8b,abs_log_hidden_ratio,12,0,0.01384489529352051,0.0,0.9954241725429155,0.981579277249395
T1_select_source,llama8b,prior_same_model_family,12,0,0.01139726305227362,0.6145098677990269,0.9954241725429155,0.9840269094906419
T1_select_source,llama8b,prior_cross_model_family,12,0,0.01384489529352051,-0.6145098677990269,0.9954241725429155,0.981579277249395
T1_select_source,llama8b,prior_source_param_b,12,0,0.01384489529352051,-0.33481341250154584,0.9954241725429155,0.981579277249395
T1_select_source,llama8b,prior_log_param_ratio_target_over_source,12,0,0.01139726305227362,0.33481341250154584,0.9954241725429155,0.9840269094906419
T1_select_source,llama8b,prior_param_tier_jump,12,0,0.01139726305227362,0.20483662259967567,0.9954241725429155,0.9840269094906419
T1_select_source,llama8b,pair_normalized_direction_rmse,12,0,0.003668838493883664,0.6363636363636364,0.9954241725429155,0.9917553340490318
T1_select_source,llama8b,target_readability_z2_mean,12,0,0.06650354139771919,-0.34265734265734266,0.9954241725429155,0.9289206311451963
T1_select_source,llama8b,target_readability_tail_frac,12,0,0.03290901189684858,-0.19614741113473694,0.9954241725429155,0.9625151606460669
T1_select_source,llama8b,target_readability_cross_entropy,12,0,0.01139726305227362,0.5874125874125874,0.9954241725429155,0.9840269094906419
T1_select_source,llama8b,source_to_target_anchor_kl,12,0,0.01384489529352051,0.1048951048951049,0.9954241725429155,0.981579277249395
T1_select_source,llama8b,target_readability_energy,12,0,0.01384489529352051,0.2867132867132867,0.9954241725429155,0.981579277249395
T1_select_source,llama8b,source_target_top_anchor_overlap,12,0,0.01384489529352051,0.06993006993006994,0.9954241725429155,0.981579277249395
T1_select_source,llama8b,source_target_direction_entropy_gap,12,0,0.01384489529352051,0.11188811188811189,0.9954241725429155,0.981579277249395
T1_select_source,llama8b,source_target_direction_dispersion_gap,12,0,0.01139726305227362,0.3916083916083916,0.9954241725429155,0.9840269094906419
T1_select_source,llama8b,diagnostic_source_direction_entropy_mean,12,0,0.01384489529352051,0.11188811188811189,0.9954241725429155,0.981579277249395
T1_select_source,llama8b,diagnostic_target_direction_entropy,12,0,0.01139726305227362,0.5190990940695903,0.9954241725429155,0.9840269094906419
T1_select_source,llama8b,diagnostic_source_direction_std_mean,12,0,0.01139726305227362,0.3916083916083916,0.9954241725429155,0.9840269094906419
T1_select_source,llama8b,_z_log_param_ratio,12,0,0.01139726305227362,0.33481341250154584,0.9954241725429155,0.9840269094906419
T1_select_source,llama8b,_z_neg_direction_rmse,12,0,0.003668838493883664,0.48951048951048953,0.9954241725429155,0.9917553340490318
T1_select_source,llama8b,_z_neg_anchor_js,12,0,0.01384489529352051,0.1048951048951049,0.9954241725429155,0.981579277249395
T1_select_source,llama8b,_z_neg_magnitude_rmse,12,0,0.01139726305227362,0.46853146853146854,0.9954241725429155,0.9840269094906419
T1_select_source,llama8b,_z_neg_subspace_residual,12,0,0.07162335882694093,-0.16783216783216784,0.9954241725429155,0.9238008137159746
T1_select_source,llama8b,_z_neg_pair_norm_direction_rmse,12,0,0.003668838493883664,0.6363636363636364,0.9954241725429155,0.9917553340490318
T1_select_source,llama8b,_z_neg_target_readability_z2,12,0,0.06650354139771919,-0.34265734265734266,0.9954241725429155,0.9289206311451963
T1_select_source,llama8b,_z_neg_target_readability_tail,12,0,0.03290901189684858,-0.19614741113473694,0.9954241725429155,0.9625151606460669
T1_select_source,llama8b,_z_neg_target_readability_ce,12,0,0.01139726305227362,0.5874125874125874,0.9954241725429155,0.9840269094906419
T1_select_source,llama8b,_z_neg_source_to_target_kl,12,0,0.01384489529352051,0.1048951048951049,0.9954241725429155,0.981579277249395
T1_select_source,llama8b,_z_target_readability_energy,12,0,0.01384489529352051,0.2867132867132867,0.9954241725429155,0.981579277249395
T1_select_source,llama8b,_z_top_anchor_overlap,12,0,0.01384489529352051,0.06993006993006994,0.9954241725429155,0.981579277249395
T1_select_source,llama8b,_z_neg_direction_entropy_gap,12,0,0.01384489529352051,0.11188811188811189,0.9954241725429155,0.981579277249395
T1_select_source,llama8b,_z_neg_direction_dispersion_gap,12,0,0.01139726305227362,0.3916083916083916,0.9954241725429155,0.9840269094906419
T1_select_source,llama8b,_z_neg_source_native_nll,12,0,0.003668838493883664,0.5384615384615384,0.9954241725429155,0.9917553340490318
T1_select_source,llama8b,combined_hidden_direction_score,12,0,0.003668838493883664,0.48951048951048953,0.9954241725429155,0.9917553340490318
T1_select_source,llama8b,combined_hidden_js_score,12,0,0.01384489529352051,0.1048951048951049,0.9954241725429155,0.981579277249395
T1_select_source,llama8b,combined_hidden_source_quality_score,12,0,0.003668838493883664,0.5384615384615384,0.9954241725429155,0.9917553340490318
T1_select_source,llama8b,combined_param_direction_score,12,0,0.003668838493883664,0.48951048951048953,0.9954241725429155,0.9917553340490318
T1_select_source,llama8b,combined_ratio_direction_score,12,1,0.0,0.43356643356643354,0.9954241725429155,0.9954241725429155
T1_select_source,llama8b,pair_geometry_compatibility_score,12,0,0.01384489529352051,0.38461538461538464,0.9954241725429155,0.981579277249395
T1_select_source,mistral7b,rel_direction_l1_to_target,12,0,0.008593449942694953,-0.006993006993006993,0.9664402521112557,0.9578468021685608
T1_select_source,mistral7b,rel_direction_rmse_to_target,12,0,0.008593449942694953,-0.07692307692307693,0.9664402521112557,0.9578468021685608
T1_select_source,mistral7b,rel_magnitude_l1_to_target,12,0,0.03988926714779084,-0.04895104895104895,0.9664402521112557,0.9265509849634649
T1_select_source,mistral7b,rel_magnitude_rmse_to_target,12,0,0.03988926714779084,-0.03496503496503497,0.9664402521112557,0.9265509849634649
T1_select_source,mistral7b,memory_target_norm_gap,12,0,0.03988926714779084,-0.13286713286713286,0.9664402521112557,0.9265509849634649
T1_select_source,mistral7b,anchor_direction_js_to_target,12,0,0.055424385750419636,-0.04895104895104895,0.9664402521112557,0.9110158663608361
T1_select_source,mistral7b,target_direction_subspace_residual,12,0,0.050964043007971416,-0.06993006993006994,0.9664402521112557,0.9154762091032843
T1_select_source,mistral7b,capacity_normalized_direction_rmse,12,0,0.008593449942694953,-0.07692307692307693,0.9664402521112557,0.9578468021685608
T1_select_source,mistral7b,diagnostic_rel_direction_z2_mean,12,0,0.008593449942694953,-0.07692307692307693,0.9664402521112557,0.9578468021685608
T1_select_source,mistral7b,diagnostic_rel_magnitude_z_abs_mean,12,0,0.03988926714779084,-0.04895104895104895,0.9664402521112557,0.9265509849634649
T1_select_source,mistral7b,diagnostic_target_direction_std_mean,12,0,0.03988926714779084,0.04828045495852676,0.9664402521112557,0.9265509849634649
T1_select_source,mistral7b,diagnostic_target_direction_std_min,12,0,0.03988926714779084,0.04828045495852676,0.9664402521112557,0.9265509849634649
T1_select_source,mistral7b,diagnostic_target_magnitude_std_mean,12,0,0.03988926714779084,0.04828045495852676,0.9664402521112557,0.9265509849634649
T1_select_source,mistral7b,diagnostic_target_magnitude_std_min,12,0,0.03988926714779084,0.04828045495852676,0.9664402521112557,0.9265509849634649
T1_select_source,mistral7b,source_native_nll,12,0,0.055424385750419636,0.6503496503496503,0.9664402521112557,0.9110158663608361
T1_select_source,mistral7b,target_minus_source_nll,12,0,0.0712422423789717,-0.6503496503496503,0.9664402521112557,0.895198009732284
T1_select_source,mistral7b,source_hidden_size,12,0,0.06586288671249807,-0.09321930900941347,0.9664402521112557,0.9005773653987577
T1_select_source,mistral7b,abs_log_hidden_ratio,12,0,0.06586288671249807,-0.09321930900941347,0.9664402521112557,0.9005773653987577
T1_select_source,mistral7b,prior_source_param_b,12,0,0.06586288671249807,-0.2724872109505932,0.9664402521112557,0.9005773653987577
T1_select_source,mistral7b,prior_log_param_ratio_target_over_source,12,0,0.03988926714779084,0.2724872109505932,0.9664402521112557,0.9265509849634649
T1_select_source,mistral7b,prior_param_tier_jump,12,0,0.03988926714779084,0.17739371879672478,0.9664402521112557,0.9265509849634649
T1_select_source,mistral7b,pair_normalized_direction_rmse,12,0,0.008593449942694953,0.04895104895104895,0.9664402521112557,0.9578468021685608
T1_select_source,mistral7b,target_readability_z2_mean,12,0,0.008593449942694953,-0.07692307692307693,0.9664402521112557,0.9578468021685608
T1_select_source,mistral7b,target_readability_tail_frac,12,0,0.008593449942694953,0.20279720279720279,0.9664402521112557,0.9578468021685608
T1_select_source,mistral7b,target_readability_cross_entropy,12,0,0.0882393164350811,0.17482517482517482,0.9664402521112557,0.8782009356761746
T1_select_source,mistral7b,source_to_target_anchor_kl,12,0,0.055424385750419636,-0.08391608391608392,0.9664402521112557,0.9110158663608361
T1_select_source,mistral7b,target_readability_energy,12,0,0.0882393164350811,0.2097902097902098,0.9664402521112557,0.8782009356761746
T1_select_source,mistral7b,source_target_top_anchor_overlap,12,0,0.050964043007971416,0.13986013986013987,0.9664402521112557,0.9154762091032843
T1_select_source,mistral7b,source_target_direction_entropy_gap,12,0,0.055424385750419636,-0.04895104895104895,0.9664402521112557,0.9110158663608361
T1_select_source,mistral7b,source_target_direction_dispersion_gap,12,0,0.03988926714779084,0.13986013986013987,0.9664402521112557,0.9265509849634649
T1_select_source,mistral7b,diagnostic_source_direction_entropy_mean,12,0,0.055424385750419636,-0.04895104895104895,0.9664402521112557,0.9110158663608361
T1_select_source,mistral7b,diagnostic_target_direction_entropy,12,0,0.03988926714779084,0.04828045495852676,0.9664402521112557,0.9265509849634649
T1_select_source,mistral7b,diagnostic_source_direction_std_mean,12,0,0.03988926714779084,0.13986013986013987,0.9664402521112557,0.9265509849634649
T1_select_source,mistral7b,_z_log_param_ratio,12,0,0.03988926714779084,0.2724872109505932,0.9664402521112557,0.9265509849634649
T1_select_source,mistral7b,_z_neg_direction_rmse,12,0,0.008593449942694953,-0.07692307692307693,0.9664402521112557,0.9578468021685608
T1_select_source,mistral7b,_z_neg_anchor_js,12,0,0.055424385750419636,-0.04895104895104895,0.9664402521112557,0.9110158663608361
T1_select_source,mistral7b,_z_neg_magnitude_rmse,12,0,0.03988926714779084,-0.03496503496503497,0.9664402521112557,0.9265509849634649
T1_select_source,mistral7b,_z_neg_subspace_residual,12,0,0.050964043007971416,-0.06993006993006994,0.9664402521112557,0.9154762091032843
T1_select_source,mistral7b,_z_neg_pair_norm_direction_rmse,12,0,0.008593449942694953,0.04895104895104895,0.9664402521112557,0.9578468021685608
T1_select_source,mistral7b,_z_neg_target_readability_z2,12,0,0.008593449942694953,-0.07692307692307693,0.9664402521112557,0.9578468021685608
T1_select_source,mistral7b,_z_neg_target_readability_tail,12,0,0.008593449942694953,0.20279720279720279,0.9664402521112557,0.9578468021685608
T1_select_source,mistral7b,_z_neg_target_readability_ce,12,0,0.0882393164350811,0.17482517482517482,0.9664402521112557,0.8782009356761746
T1_select_source,mistral7b,_z_neg_source_to_target_kl,12,0,0.055424385750419636,-0.08391608391608392,0.9664402521112557,0.9110158663608361
T1_select_source,mistral7b,_z_target_readability_energy,12,0,0.0882393164350811,0.2097902097902098,0.9664402521112557,0.8782009356761746
T1_select_source,mistral7b,_z_top_anchor_overlap,12,0,0.050964043007971416,0.13986013986013987,0.9664402521112557,0.9154762091032843
T1_select_source,mistral7b,_z_neg_direction_entropy_gap,12,0,0.055424385750419636,-0.04895104895104895,0.9664402521112557,0.9110158663608361
T1_select_source,mistral7b,_z_neg_direction_dispersion_gap,12,0,0.03988926714779084,0.13986013986013987,0.9664402521112557,0.9265509849634649
T1_select_source,mistral7b,_z_neg_source_native_nll,12,0,0.055424385750419636,0.6503496503496503,0.9664402521112557,0.9110158663608361
T1_select_source,mistral7b,combined_hidden_direction_score,12,0,0.008593449942694953,-0.07692307692307693,0.9664402521112557,0.9578468021685608
T1_select_source,mistral7b,combined_hidden_js_score,12,0,0.055424385750419636,-0.04895104895104895,0.9664402521112557,0.9110158663608361
T1_select_source,mistral7b,combined_hidden_source_quality_score,12,0,0.055424385750419636,0.6503496503496503,0.9664402521112557,0.9110158663608361
T1_select_source,mistral7b,combined_param_direction_score,12,0,0.008593449942694953,-0.07692307692307693,0.9664402521112557,0.9578468021685608
T1_select_source,mistral7b,combined_ratio_direction_score,12,1,0.0,0.22377622377622378,0.9664402521112557,0.9664402521112557
T1_select_source,mistral7b,pair_geometry_compatibility_score,12,0,0.0882393164350811,0.04895104895104895,0.9664402521112557,0.8782009356761746
T1_select_source,qwen1.5b,rel_direction_l1_to_target,12,0,0.9571441969944967,-0.40559440559440557,1.4625492017293595,0.5054050047348628
T1_select_source,qwen1.5b,rel_direction_rmse_to_target,12,0,0.9571441969944967,-0.40559440559440557,1.4625492017293595,0.5054050047348628
T1_select_source,qwen1.5b,rel_magnitude_l1_to_target,12,0,1.2118495614579143,-0.13286713286713286,1.4625492017293595,0.2506996402714453
T1_select_source,qwen1.5b,rel_magnitude_rmse_to_target,12,0,1.2118495614579143,-0.1888111888111888,1.4625492017293595,0.2506996402714453
T1_select_source,qwen1.5b,memory_target_norm_gap,12,0,0.9571441969944967,-0.1258741258741259,1.4625492017293595,0.5054050047348628
T1_select_source,qwen1.5b,anchor_direction_js_to_target,12,0,1.307417485150648,-0.42657342657342656,1.4625492017293595,0.15513171657871164
T1_select_source,qwen1.5b,target_direction_subspace_residual,12,0,1.013587640363617,0.027972027972027972,1.4625492017293595,0.4489615613657425
T1_select_source,qwen1.5b,capacity_normalized_direction_rmse,12,0,0.9571441969944967,-0.40559440559440557,1.4625492017293595,0.5054050047348628
T1_select_source,qwen1.5b,diagnostic_rel_direction_z2_mean,12,0,0.9571441969944967,-0.40559440559440557,1.4625492017293595,0.5054050047348628
T1_select_source,qwen1.5b,diagnostic_rel_magnitude_z_abs_mean,12,1,0.0,0.5174825174825175,1.4625492017293595,1.4625492017293595
T1_select_source,qwen1.5b,diagnostic_target_direction_std_mean,12,0,0.9571441969944967,0.4198595613798157,1.4625492017293595,0.5054050047348628
T1_select_source,qwen1.5b,diagnostic_target_direction_std_min,12,0,0.9571441969944967,0.4198595613798157,1.4625492017293595,0.5054050047348628
T1_select_source,qwen1.5b,diagnostic_target_magnitude_std_mean,12,1,0.0,0.587803385931742,1.4625492017293595,1.4625492017293595
T1_select_source,qwen1.5b,diagnostic_target_magnitude_std_min,12,1,0.0,0.587803385931742,1.4625492017293595,1.4625492017293595
T1_select_source,qwen1.5b,source_native_nll,12,0,1.4592065329220134,-0.5384615384615384,1.4625492017293595,0.0033426688073460546
T1_select_source,qwen1.5b,target_minus_source_nll,12,1,0.0,0.5384615384615384,1.4625492017293595,1.4625492017293595
T1_select_source,qwen1.5b,source_hidden_size,12,0,1.3202885089569083,-0.393041832067032,1.4625492017293595,0.14226069277245126
T1_select_source,qwen1.5b,abs_log_hidden_ratio,12,0,1.2118495614579143,0.393041832067032,1.4625492017293595,0.2506996402714453
T1_select_source,qwen1.5b,prior_same_model_family,12,1,0.0,0.563300712149108,1.4625492017293595,1.4625492017293595
T1_select_source,qwen1.5b,prior_cross_model_family,12,0,1.2118495614579143,-0.563300712149108,1.4625492017293595,0.2506996402714453
T1_select_source,qwen1.5b,prior_source_param_b,12,0,1.3202885089569083,-0.32753486005586,1.4625492017293595,0.14226069277245126
T1_select_source,qwen1.5b,prior_log_param_ratio_target_over_source,12,0,1.2118495614579143,0.32753486005586,1.4625492017293595,0.2506996402714453
T1_select_source,qwen1.5b,pair_normalized_direction_rmse,12,0,0.9571441969944967,-0.3356643356643357,1.4625492017293595,0.5054050047348628
T1_select_source,qwen1.5b,target_readability_z2_mean,12,0,0.9571441969944967,-0.40559440559440557,1.4625492017293595,0.5054050047348628
T1_select_source,qwen1.5b,target_readability_tail_frac,12,0,0.9571441969944967,-0.4938711601785341,1.4625492017293595,0.5054050047348628
T1_select_source,qwen1.5b,target_readability_cross_entropy,12,0,1.307417485150648,-0.3076923076923077,1.4625492017293595,0.15513171657871164
T1_select_source,qwen1.5b,source_to_target_anchor_kl,12,0,0.9571441969944967,-0.3776223776223776,1.4625492017293595,0.5054050047348628
T1_select_source,qwen1.5b,target_readability_energy,12,1,0.0,0.36363636363636365,1.4625492017293595,1.4625492017293595
T1_select_source,qwen1.5b,source_target_top_anchor_overlap,12,1,0.0,0.4405594405594406,1.4625492017293595,1.4625492017293595
T1_select_source,qwen1.5b,source_target_direction_entropy_gap,12,0,1.3518513244783292,-0.3076923076923077,1.4625492017293595,0.11069787725103032
T1_select_source,qwen1.5b,source_target_direction_dispersion_gap,12,0,1.2118495614579143,-0.3146853146853147,1.4625492017293595,0.2506996402714453
T1_select_source,qwen1.5b,diagnostic_source_direction_entropy_mean,12,0,0.9571441969944967,-0.3776223776223776,1.4625492017293595,0.5054050047348628
T1_select_source,qwen1.5b,diagnostic_target_direction_entropy,12,0,0.9571441969944967,-0.4198595613798157,1.4625492017293595,0.5054050047348628
T1_select_source,qwen1.5b,diagnostic_source_direction_std_mean,12,0,1.2118495614579143,-0.35664335664335667,1.4625492017293595,0.2506996402714453
T1_select_source,qwen1.5b,_z_log_param_ratio,12,0,1.2118495614579143,0.32753486005586,1.4625492017293595,0.2506996402714453
T1_select_source,qwen1.5b,_z_neg_direction_rmse,12,0,0.9571441969944967,-0.40559440559440557,1.4625492017293595,0.5054050047348628
T1_select_source,qwen1.5b,_z_neg_anchor_js,12,0,1.307417485150648,-0.42657342657342656,1.4625492017293595,0.15513171657871164
T1_select_source,qwen1.5b,_z_neg_magnitude_rmse,12,0,1.2118495614579143,-0.1888111888111888,1.4625492017293595,0.2506996402714453
T1_select_source,qwen1.5b,_z_neg_subspace_residual,12,0,1.013587640363617,0.027972027972027972,1.4625492017293595,0.4489615613657425
T1_select_source,qwen1.5b,_z_neg_pair_norm_direction_rmse,12,0,0.9571441969944967,-0.3356643356643357,1.4625492017293595,0.5054050047348628
T1_select_source,qwen1.5b,_z_neg_target_readability_z2,12,0,0.9571441969944967,-0.40559440559440557,1.4625492017293595,0.5054050047348628
T1_select_source,qwen1.5b,_z_neg_target_readability_tail,12,0,0.9571441969944967,-0.4938711601785341,1.4625492017293595,0.5054050047348628
T1_select_source,qwen1.5b,_z_neg_target_readability_ce,12,0,1.307417485150648,-0.3076923076923077,1.4625492017293595,0.15513171657871164
T1_select_source,qwen1.5b,_z_neg_source_to_target_kl,12,0,0.9571441969944967,-0.3776223776223776,1.4625492017293595,0.5054050047348628
T1_select_source,qwen1.5b,_z_target_readability_energy,12,1,0.0,0.36363636363636365,1.4625492017293595,1.4625492017293595
T1_select_source,qwen1.5b,_z_top_anchor_overlap,12,1,0.0,0.4405594405594406,1.4625492017293595,1.4625492017293595
T1_select_source,qwen1.5b,_z_neg_direction_entropy_gap,12,0,1.3518513244783292,-0.3076923076923077,1.4625492017293595,0.11069787725103032
T1_select_source,qwen1.5b,_z_neg_direction_dispersion_gap,12,0,1.2118495614579143,-0.3146853146853147,1.4625492017293595,0.2506996402714453
T1_select_source,qwen1.5b,_z_neg_source_native_nll,12,0,1.4592065329220134,-0.5384615384615384,1.4625492017293595,0.0033426688073460546
T1_select_source,qwen1.5b,combined_hidden_direction_score,12,0,0.9571441969944967,-0.40559440559440557,1.4625492017293595,0.5054050047348628
T1_select_source,qwen1.5b,combined_hidden_js_score,12,0,1.307417485150648,-0.42657342657342656,1.4625492017293595,0.15513171657871164
T1_select_source,qwen1.5b,combined_hidden_source_quality_score,12,0,1.4592065329220134,-0.5384615384615384,1.4625492017293595,0.0033426688073460546
T1_select_source,qwen1.5b,combined_param_direction_score,12,0,0.9571441969944967,-0.40559440559440557,1.4625492017293595,0.5054050047348628
T1_select_source,qwen1.5b,combined_ratio_direction_score,12,0,1.1238000592524728,-0.006993006993006993,1.4625492017293595,0.33874914247688676
T1_select_source,qwen1.5b,pair_geometry_compatibility_score,12,0,1.307417485150648,0.17482517482517482,1.4625492017293595,0.15513171657871164
T1_select_source,qwen3b,rel_direction_l1_to_target,12,0,0.19941011008908596,-0.07692307692307693,0.36560276651246626,0.1661926564233803
T1_select_source,qwen3b,rel_direction_rmse_to_target,12,0,0.19941011008908596,-0.16783216783216784,0.36560276651246626,0.1661926564233803
T1_select_source,qwen3b,rel_magnitude_l1_to_target,12,0,0.348795812807189,-0.6853146853146853,0.36560276651246626,0.01680695370527726
T1_select_source,qwen3b,rel_magnitude_rmse_to_target,12,0,0.348795812807189,-0.6853146853146853,0.36560276651246626,0.01680695370527726
T1_select_source,qwen3b,memory_target_norm_gap,12,0,0.19941011008908596,-0.6713286713286714,0.36560276651246626,0.1661926564233803
T1_select_source,qwen3b,anchor_direction_js_to_target,12,0,0.21382801486607714,-0.15384615384615385,0.36560276651246626,0.15177475164638912
T1_select_source,qwen3b,target_direction_subspace_residual,12,1,0.0,0.1048951048951049,0.36560276651246626,0.36560276651246626
T1_select_source,qwen3b,capacity_normalized_direction_rmse,12,0,0.19941011008908596,-0.16783216783216784,0.36560276651246626,0.1661926564233803
T1_select_source,qwen3b,diagnostic_rel_direction_z2_mean,12,0,0.19941011008908596,-0.03496503496503497,0.36560276651246626,0.1661926564233803
T1_select_source,qwen3b,diagnostic_rel_magnitude_z_abs_mean,12,0,0.34482462329972646,0.055944055944055944,0.36560276651246626,0.020778143212739797
T1_select_source,qwen3b,diagnostic_target_direction_std_mean,12,0,0.34482462329972646,0.6030710063455534,0.36560276651246626,0.020778143212739797
T1_select_source,qwen3b,diagnostic_target_direction_std_min,12,0,0.19941011008908596,0.587803385931742,0.36560276651246626,0.1661926564233803
T1_select_source,qwen3b,diagnostic_target_magnitude_std_mean,12,0,0.34482462329972646,0.6030710063455534,0.36560276651246626,0.020778143212739797
T1_select_source,qwen3b,diagnostic_target_magnitude_std_min,12,0,0.34482462329972646,0.6030710063455534,0.36560276651246626,0.020778143212739797
T1_select_source,qwen3b,source_native_nll,12,0,0.28939758488257206,0.13286713286713286,0.36560276651246626,0.0762051816298942
T1_select_source,qwen3b,target_minus_source_nll,12,0,0.34482462329972646,-0.13286713286713286,0.36560276651246626,0.020778143212739797
T1_select_source,qwen3b,source_hidden_size,12,0,0.36301237134287223,0.05019501254353033,0.36560276651246626,0.0025903951695940342
T1_select_source,qwen3b,abs_log_hidden_ratio,12,0,0.348795812807189,-0.19360933409647413,0.36560276651246626,0.01680695370527726
T1_select_source,qwen3b,prior_same_model_family,12,0,0.34482462329972646,0.46088240084927024,0.36560276651246626,0.020778143212739797
T1_select_source,qwen3b,prior_cross_model_family,12,0,0.348795812807189,-0.46088240084927024,0.36560276651246626,0.01680695370527726
T1_select_source,qwen3b,prior_source_param_b,12,0,0.36301237134287223,0.1362436054752966,0.36560276651246626,0.0025903951695940342
T1_select_source,qwen3b,prior_log_param_ratio_target_over_source,12,0,0.348795812807189,-0.1362436054752966,0.36560276651246626,0.01680695370527726
T1_select_source,qwen3b,prior_param_tier_jump,12,0,0.348795812807189,-0.4181210050035454,0.36560276651246626,0.01680695370527726
T1_select_source,qwen3b,pair_normalized_direction_rmse,12,0,0.19941011008908596,-0.13986013986013987,0.36560276651246626,0.1661926564233803
T1_select_source,qwen3b,target_readability_z2_mean,12,0,0.19941011008908596,-0.03496503496503497,0.36560276651246626,0.1661926564233803
T1_select_source,qwen3b,target_readability_tail_frac,12,0,0.19941011008908596,-0.003502632341691731,0.36560276651246626,0.1661926564233803
T1_select_source,qwen3b,target_readability_cross_entropy,12,0,0.21382801486607714,-0.16083916083916083,0.36560276651246626,0.15177475164638912
T1_select_source,qwen3b,source_to_target_anchor_kl,12,0,0.19941011008908596,-0.14685314685314685,0.36560276651246626,0.1661926564233803
T1_select_source,qwen3b,target_readability_energy,12,0,0.34482462329972646,0.06293706293706294,0.36560276651246626,0.020778143212739797
T1_select_source,qwen3b,source_target_top_anchor_overlap,12,0,0.34482462329972646,-0.03496503496503497,0.36560276651246626,0.020778143212739797
T1_select_source,qwen3b,source_target_direction_entropy_gap,12,0,0.35762093156891683,-0.44755244755244755,0.36560276651246626,0.007981834943549421
T1_select_source,qwen3b,source_target_direction_dispersion_gap,12,0,0.348795812807189,-0.25874125874125875,0.36560276651246626,0.01680695370527726
T1_select_source,qwen3b,diagnostic_source_direction_entropy_mean,12,0,0.19941011008908596,0.14685314685314685,0.36560276651246626,0.1661926564233803
T1_select_source,qwen3b,diagnostic_target_direction_entropy,12,0,0.19941011008908596,-0.22138049600026646,0.36560276651246626,0.1661926564233803
T1_select_source,qwen3b,diagnostic_source_direction_std_mean,12,0,0.348795812807189,-0.18181818181818182,0.36560276651246626,0.01680695370527726
T1_select_source,qwen3b,_z_log_param_ratio,12,0,0.348795812807189,-0.1362436054752966,0.36560276651246626,0.01680695370527726
T1_select_source,qwen3b,_z_neg_direction_rmse,12,0,0.19941011008908596,-0.16783216783216784,0.36560276651246626,0.1661926564233803
T1_select_source,qwen3b,_z_neg_anchor_js,12,0,0.21382801486607714,-0.15384615384615385,0.36560276651246626,0.15177475164638912
T1_select_source,qwen3b,_z_neg_magnitude_rmse,12,0,0.348795812807189,-0.6853146853146853,0.36560276651246626,0.01680695370527726
T1_select_source,qwen3b,_z_neg_subspace_residual,12,1,0.0,0.1048951048951049,0.36560276651246626,0.36560276651246626
T1_select_source,qwen3b,_z_neg_pair_norm_direction_rmse,12,0,0.19941011008908596,-0.13986013986013987,0.36560276651246626,0.1661926564233803
T1_select_source,qwen3b,_z_neg_target_readability_z2,12,0,0.19941011008908596,-0.03496503496503497,0.36560276651246626,0.1661926564233803
T1_select_source,qwen3b,_z_neg_target_readability_tail,12,0,0.19941011008908596,-0.003502632341691731,0.36560276651246626,0.1661926564233803
T1_select_source,qwen3b,_z_neg_target_readability_ce,12,0,0.21382801486607714,-0.16083916083916083,0.36560276651246626,0.15177475164638912
T1_select_source,qwen3b,_z_neg_source_to_target_kl,12,0,0.19941011008908596,-0.14685314685314685,0.36560276651246626,0.1661926564233803
T1_select_source,qwen3b,_z_target_readability_energy,12,0,0.34482462329972646,0.06293706293706294,0.36560276651246626,0.020778143212739797
T1_select_source,qwen3b,_z_top_anchor_overlap,12,0,0.34482462329972646,-0.03496503496503497,0.36560276651246626,0.020778143212739797
T1_select_source,qwen3b,_z_neg_direction_entropy_gap,12,0,0.35762093156891683,-0.44755244755244755,0.36560276651246626,0.007981834943549421
T1_select_source,qwen3b,_z_neg_direction_dispersion_gap,12,0,0.348795812807189,-0.25874125874125875,0.36560276651246626,0.01680695370527726
T1_select_source,qwen3b,_z_neg_source_native_nll,12,0,0.28939758488257206,0.13286713286713286,0.36560276651246626,0.0762051816298942
T1_select_source,qwen3b,combined_hidden_direction_score,12,0,0.19941011008908596,-0.16783216783216784,0.36560276651246626,0.1661926564233803
T1_select_source,qwen3b,combined_hidden_js_score,12,0,0.21382801486607714,-0.15384615384615385,0.36560276651246626,0.15177475164638912
T1_select_source,qwen3b,combined_hidden_source_quality_score,12,0,0.28939758488257206,0.13286713286713286,0.36560276651246626,0.0762051816298942
T1_select_source,qwen3b,combined_param_direction_score,12,0,0.19941011008908596,-0.16783216783216784,0.36560276651246626,0.1661926564233803
T1_select_source,qwen3b,combined_ratio_direction_score,12,0,0.35762093156891683,-0.3986013986013986,0.36560276651246626,0.007981834943549421
T1_select_source,qwen3b,pair_geometry_compatibility_score,12,0,0.21382801486607714,-0.11888111888111888,0.36560276651246626,0.15177475164638912
T1_select_source,qwen7b,rel_direction_l1_to_target,12,0,0.15806154789898785,-0.23076923076923078,1.0584457514300012,0.9003842035310133
T1_select_source,qwen7b,rel_direction_rmse_to_target,12,0,0.15806154789898785,-0.26573426573426573,1.0584457514300012,0.9003842035310133
T1_select_source,qwen7b,rel_magnitude_l1_to_target,12,0,0.053933781391419355,0.38461538461538464,1.0584457514300012,1.0045119700385818
T1_select_source,qwen7b,rel_magnitude_rmse_to_target,12,0,0.053933781391419355,0.38461538461538464,1.0584457514300012,1.0045119700385818
T1_select_source,qwen7b,memory_target_norm_gap,12,0,0.1238060902178767,0.18181818181818182,1.0584457514300012,0.9346396612121245
T1_select_source,qwen7b,anchor_direction_js_to_target,12,0,0.20017125999335283,-0.5174825174825175,1.0584457514300012,0.8582744914366484
T1_select_source,qwen7b,target_direction_subspace_residual,12,0,0.35223530897099886,-0.32167832167832167,1.0584457514300012,0.7062104424590023
T1_select_source,qwen7b,capacity_normalized_direction_rmse,12,0,0.15806154789898785,-0.26573426573426573,1.0584457514300012,0.9003842035310133
T1_select_source,qwen7b,diagnostic_rel_direction_z2_mean,12,0,0.15806154789898785,-0.27972027972027974,1.0584457514300012,0.9003842035310133
T1_select_source,qwen7b,diagnostic_rel_magnitude_z_abs_mean,12,0,0.09050979611384047,0.46153846153846156,1.0584457514300012,0.9679359553161607
T1_select_source,qwen7b,diagnostic_target_direction_std_mean,12,0,0.1238060902178767,-0.31298621848313535,1.0584457514300012,0.9346396612121245
T1_select_source,qwen7b,diagnostic_target_direction_std_min,12,0,0.053933781391419355,-0.04828045495852676,1.0584457514300012,1.0045119700385818
T1_select_source,qwen7b,diagnostic_target_magnitude_std_mean,12,0,0.09050979611384047,0.14504239393120907,1.0584457514300012,0.9679359553161607
T1_select_source,qwen7b,diagnostic_target_magnitude_std_min,12,0,0.09050979611384047,0.14504239393120907,1.0584457514300012,0.9679359553161607
T1_select_source,qwen7b,source_native_nll,12,0,0.20017125999335283,-0.7202797202797203,1.0584457514300012,0.8582744914366484
T1_select_source,qwen7b,target_minus_source_nll,12,0,0.09050979611384047,0.7202797202797203,1.0584457514300012,0.9679359553161607
T1_select_source,qwen7b,source_hidden_size,12,0,0.15806154789898785,-0.5458914334264334,1.0584457514300012,0.9003842035310133
T1_select_source,qwen7b,abs_log_hidden_ratio,12,0,0.15806154789898785,-0.5458914334264334,1.0584457514300012,0.9003842035310133
T1_select_source,qwen7b,prior_same_model_family,12,0,0.09050979611384047,0.25604577824959457,1.0584457514300012,0.9679359553161607
T1_select_source,qwen7b,prior_cross_model_family,12,0,0.053933781391419355,-0.25604577824959457,1.0584457514300012,1.0045119700385818
T1_select_source,qwen7b,prior_source_param_b,12,0,0.15806154789898785,-0.6166815826776583,1.0584457514300012,0.9003842035310133
T1_select_source,qwen7b,prior_log_param_ratio_target_over_source,12,0,0.053933781391419355,0.6166815826776583,1.0584457514300012,1.0045119700385818
T1_select_source,qwen7b,prior_param_tier_jump,12,0,0.053933781391419355,0.5913123959890826,1.0584457514300012,1.0045119700385818
T1_select_source,qwen7b,pair_normalized_direction_rmse,12,0,0.15806154789898785,-0.3076923076923077,1.0584457514300012,0.9003842035310133
T1_select_source,qwen7b,target_readability_z2_mean,12,0,0.15806154789898785,-0.27972027972027974,1.0584457514300012,0.9003842035310133
T1_select_source,qwen7b,target_readability_tail_frac,12,0,0.13470934518588673,-0.3715138777760874,1.0584457514300012,0.9237364062441145
T1_select_source,qwen7b,target_magnitude_tail_frac,12,0,0.09050979611384047,0.361959976488259,1.0584457514300012,0.9679359553161607
T1_select_source,qwen7b,target_readability_cross_entropy,12,0,0.1660506266126951,-0.21678321678321677,1.0584457514300012,0.8923951248173061
T1_select_source,qwen7b,source_to_target_anchor_kl,12,0,0.20017125999335283,-0.5174825174825175,1.0584457514300012,0.8582744914366484
T1_select_source,qwen7b,target_readability_energy,12,0,0.35223530897099886,-0.5524475524475524,1.0584457514300012,0.7062104424590023
T1_select_source,qwen7b,source_target_top_anchor_overlap,12,0,0.09050979611384047,0.15384615384615385,1.0584457514300012,0.9679359553161607
T1_select_source,qwen7b,source_target_direction_entropy_gap,12,0,0.1238060902178767,-0.46853146853146854,1.0584457514300012,0.9346396612121245
T1_select_source,qwen7b,source_target_direction_dispersion_gap,12,0,0.053933781391419355,0.16783216783216784,1.0584457514300012,1.0045119700385818
T1_select_source,qwen7b,diagnostic_source_direction_entropy_mean,12,0,0.1238060902178767,-0.46853146853146854,1.0584457514300012,0.9346396612121245
T1_select_source,qwen7b,diagnostic_target_direction_entropy,12,0,0.053933781391419355,0.05343667144834018,1.0584457514300012,1.0045119700385818
T1_select_source,qwen7b,diagnostic_source_direction_std_mean,12,0,0.053933781391419355,0.04195804195804196,1.0584457514300012,1.0045119700385818
T1_select_source,qwen7b,_z_log_param_ratio,12,0,0.053933781391419355,0.6166815826776583,1.0584457514300012,1.0045119700385818
T1_select_source,qwen7b,_z_neg_direction_rmse,12,0,0.15806154789898785,-0.26573426573426573,1.0584457514300012,0.9003842035310133
T1_select_source,qwen7b,_z_neg_anchor_js,12,0,0.20017125999335283,-0.5174825174825175,1.0584457514300012,0.8582744914366484
T1_select_source,qwen7b,_z_neg_magnitude_rmse,12,0,0.053933781391419355,0.38461538461538464,1.0584457514300012,1.0045119700385818
T1_select_source,qwen7b,_z_neg_subspace_residual,12,0,0.35223530897099886,-0.32167832167832167,1.0584457514300012,0.7062104424590023
T1_select_source,qwen7b,_z_neg_pair_norm_direction_rmse,12,0,0.15806154789898785,-0.3076923076923077,1.0584457514300012,0.9003842035310133
T1_select_source,qwen7b,_z_neg_target_readability_z2,12,0,0.15806154789898785,-0.27972027972027974,1.0584457514300012,0.9003842035310133
T1_select_source,qwen7b,_z_neg_target_readability_tail,12,0,0.13470934518588673,-0.3715138777760874,1.0584457514300012,0.9237364062441145
T1_select_source,qwen7b,_z_neg_target_magnitude_tail,12,0,0.09050979611384047,0.361959976488259,1.0584457514300012,0.9679359553161607
T1_select_source,qwen7b,_z_neg_target_readability_ce,12,0,0.1660506266126951,-0.21678321678321677,1.0584457514300012,0.8923951248173061
T1_select_source,qwen7b,_z_neg_source_to_target_kl,12,0,0.20017125999335283,-0.5174825174825175,1.0584457514300012,0.8582744914366484
T1_select_source,qwen7b,_z_target_readability_energy,12,0,0.35223530897099886,-0.5524475524475524,1.0584457514300012,0.7062104424590023
T1_select_source,qwen7b,_z_top_anchor_overlap,12,0,0.09050979611384047,0.15384615384615385,1.0584457514300012,0.9679359553161607
T1_select_source,qwen7b,_z_neg_direction_entropy_gap,12,0,0.1238060902178767,-0.46853146853146854,1.0584457514300012,0.9346396612121245
T1_select_source,qwen7b,_z_neg_direction_dispersion_gap,12,0,0.053933781391419355,0.16783216783216784,1.0584457514300012,1.0045119700385818
T1_select_source,qwen7b,_z_neg_source_native_nll,12,0,0.20017125999335283,-0.7202797202797203,1.0584457514300012,0.8582744914366484
T1_select_source,qwen7b,combined_hidden_direction_score,12,0,0.15806154789898785,-0.26573426573426573,1.0584457514300012,0.9003842035310133
T1_select_source,qwen7b,combined_hidden_js_score,12,0,0.20017125999335283,-0.5174825174825175,1.0584457514300012,0.8582744914366484
T1_select_source,qwen7b,combined_hidden_source_quality_score,12,0,0.20017125999335283,-0.7202797202797203,1.0584457514300012,0.8582744914366484
T1_select_source,qwen7b,combined_param_direction_score,12,0,0.15806154789898785,-0.26573426573426573,1.0584457514300012,0.9003842035310133
T1_select_source,qwen7b,combined_ratio_direction_score,12,0,0.12346805106262704,0.6013986013986014,1.0584457514300012,0.9349777003673742
T1_select_source,qwen7b,pair_geometry_compatibility_score,12,0,0.053933781391419355,0.3706293706293706,1.0584457514300012,1.0045119700385818
T2_select_target,gpt2:llama1b,rel_direction_l1_to_target,6,1,0.0,0.6,1.0045119700385818,1.0045119700385818
T2_select_target,gpt2:llama1b,rel_direction_rmse_to_target,6,1,0.0,0.6,1.0045119700385818,1.0045119700385818
T2_select_target,gpt2:llama1b,rel_magnitude_l1_to_target,6,0,0.07796098507511695,-0.08571428571428572,1.0045119700385818,0.9265509849634649
T2_select_target,gpt2:llama1b,rel_magnitude_rmse_to_target,6,0,0.07796098507511695,-0.6,1.0045119700385818,0.9265509849634649
T2_select_target,gpt2:llama1b,memory_target_norm_gap,6,0,0.9877050163333045,-0.4857142857142857,1.0045119700385818,0.01680695370527726
T2_select_target,gpt2:llama1b,anchor_direction_js_to_target,6,0,0.02048506054793997,0.37142857142857144,1.0045119700385818,0.9840269094906419
T2_select_target,gpt2:llama1b,target_direction_subspace_residual,6,0,0.03926992688781783,-0.5428571428571428,1.0045119700385818,0.965242043150764
T2_select_target,gpt2:llama1b,capacity_normalized_direction_rmse,6,1,0.0,0.6,1.0045119700385818,1.0045119700385818
T2_select_target,gpt2:llama1b,diagnostic_rel_direction_z2_mean,6,1,0.0,0.4857142857142857,1.0045119700385818,1.0045119700385818
T2_select_target,gpt2:llama1b,diagnostic_rel_magnitude_z_abs_mean,6,0,0.02048506054793997,0.8857142857142857,1.0045119700385818,0.9840269094906419
T2_select_target,gpt2:llama1b,diagnostic_target_direction_std_mean,6,0,0.03926992688781783,-0.37142857142857144,1.0045119700385818,0.965242043150764
T2_select_target,gpt2:llama1b,diagnostic_target_direction_std_min,6,1,0.0,-0.08571428571428572,1.0045119700385818,1.0045119700385818
T2_select_target,gpt2:llama1b,diagnostic_target_magnitude_std_mean,6,0,0.02048506054793997,0.8857142857142857,1.0045119700385818,0.9840269094906419
T2_select_target,gpt2:llama1b,diagnostic_target_magnitude_std_min,6,0,0.02048506054793997,0.8857142857142857,1.0045119700385818,0.9840269094906419
T2_select_target,gpt2:llama1b,target_text_nll,6,0,0.07796098507511695,0.08571428571428572,1.0045119700385818,0.9265509849634649
T2_select_target,gpt2:llama1b,source_native_nll,6,0,0.9877050163333045,-0.42857142857142855,1.0045119700385818,0.01680695370527726
T2_select_target,gpt2:llama1b,target_minus_source_nll,6,0,0.07796098507511695,0.08571428571428572,1.0045119700385818,0.9265509849634649
T2_select_target,gpt2:llama1b,target_hidden_size,6,0,0.02048506054793997,0.6087595874350709,1.0045119700385818,0.9840269094906419
T2_select_target,gpt2:llama1b,abs_log_hidden_ratio,6,0,0.9877050163333045,-0.6667366910003157,1.0045119700385818,0.01680695370527726
T2_select_target,gpt2:llama1b,prior_same_model_family,6,0,0.03926992688781783,0.41403933560541256,1.0045119700385818,0.965242043150764
T2_select_target,gpt2:llama1b,prior_cross_model_family,6,0,0.07796098507511695,-0.41403933560541256,1.0045119700385818,0.9265509849634649
T2_select_target,gpt2:llama1b,prior_target_param_b,6,0,0.02048506054793997,0.6767633692869746,1.0045119700385818,0.9840269094906419
T2_select_target,gpt2:llama1b,prior_log_param_ratio_target_over_source,6,0,0.02048506054793997,0.6767633692869746,1.0045119700385818,0.9840269094906419
T2_select_target,gpt2:llama1b,prior_param_tier_jump,6,0,0.03926992688781783,0.3927922024247863,1.0045119700385818,0.965242043150764
T2_select_target,gpt2:llama1b,pair_normalized_direction_rmse,6,1,0.0,0.6,1.0045119700385818,1.0045119700385818
T2_select_target,gpt2:llama1b,target_readability_z2_mean,6,1,0.0,0.4857142857142857,1.0045119700385818,1.0045119700385818
T2_select_target,gpt2:llama1b,target_readability_tail_frac,6,1,0.0,0.6,1.0045119700385818,1.0045119700385818
T2_select_target,gpt2:llama1b,target_readability_cross_entropy,6,0,0.02048506054793997,0.37142857142857144,1.0045119700385818,0.9840269094906419
T2_select_target,gpt2:llama1b,source_to_target_anchor_kl,6,0,0.02048506054793997,0.37142857142857144,1.0045119700385818,0.9840269094906419
T2_select_target,gpt2:llama1b,target_readability_energy,6,0,0.07796098507511695,0.2571428571428571,1.0045119700385818,0.9265509849634649
T2_select_target,gpt2:llama1b,source_target_top_anchor_overlap,6,0,0.02048506054793997,-0.14285714285714285,1.0045119700385818,0.9840269094906419
T2_select_target,gpt2:llama1b,source_target_direction_entropy_gap,6,0,0.9877050163333045,-0.08571428571428572,1.0045119700385818,0.01680695370527726
T2_select_target,gpt2:llama1b,source_target_direction_dispersion_gap,6,0,0.02048506054793997,0.37142857142857144,1.0045119700385818,0.9840269094906419
T2_select_target,gpt2:llama1b,diagnostic_source_direction_entropy_mean,6,0,0.02048506054793997,0.39466488146729556,1.0045119700385818,0.9840269094906419
T2_select_target,gpt2:llama1b,diagnostic_target_direction_entropy,6,0,0.02048506054793997,0.37142857142857144,1.0045119700385818,0.9840269094906419
T2_select_target,gpt2:llama1b,diagnostic_source_direction_std_mean,6,0,0.03926992688781783,0.2125118592516207,1.0045119700385818,0.965242043150764
T2_select_target,gpt2:llama1b,_z_target_hidden_size,6,0,0.02048506054793997,0.6087595874350709,1.0045119700385818,0.9840269094906419
T2_select_target,gpt2:llama1b,_z_prior_target_param_b,6,0,0.02048506054793997,0.6767633692869746,1.0045119700385818,0.9840269094906419
T2_select_target,gpt2:llama1b,_z_log_param_ratio,6,0,0.02048506054793997,0.6767633692869746,1.0045119700385818,0.9840269094906419
T2_select_target,gpt2:llama1b,_z_neg_direction_rmse,6,1,0.0,0.6,1.0045119700385818,1.0045119700385818
T2_select_target,gpt2:llama1b,_z_neg_anchor_js,6,0,0.02048506054793997,0.37142857142857144,1.0045119700385818,0.9840269094906419
T2_select_target,gpt2:llama1b,_z_neg_magnitude_rmse,6,0,0.07796098507511695,-0.6,1.0045119700385818,0.9265509849634649
T2_select_target,gpt2:llama1b,_z_neg_subspace_residual,6,0,0.03926992688781783,-0.5428571428571428,1.0045119700385818,0.965242043150764
T2_select_target,gpt2:llama1b,_z_neg_pair_norm_direction_rmse,6,1,0.0,0.6,1.0045119700385818,1.0045119700385818
T2_select_target,gpt2:llama1b,_z_neg_target_readability_z2,6,1,0.0,0.4857142857142857,1.0045119700385818,1.0045119700385818
T2_select_target,gpt2:llama1b,_z_neg_target_readability_tail,6,1,0.0,0.6,1.0045119700385818,1.0045119700385818
T2_select_target,gpt2:llama1b,_z_neg_target_readability_ce,6,0,0.02048506054793997,0.37142857142857144,1.0045119700385818,0.9840269094906419
T2_select_target,gpt2:llama1b,_z_neg_source_to_target_kl,6,0,0.02048506054793997,0.37142857142857144,1.0045119700385818,0.9840269094906419
T2_select_target,gpt2:llama1b,_z_target_readability_energy,6,0,0.07796098507511695,0.2571428571428571,1.0045119700385818,0.9265509849634649
T2_select_target,gpt2:llama1b,_z_top_anchor_overlap,6,0,0.02048506054793997,-0.14285714285714285,1.0045119700385818,0.9840269094906419
T2_select_target,gpt2:llama1b,_z_neg_direction_entropy_gap,6,0,0.9877050163333045,-0.08571428571428572,1.0045119700385818,0.01680695370527726
T2_select_target,gpt2:llama1b,_z_neg_direction_dispersion_gap,6,0,0.02048506054793997,0.37142857142857144,1.0045119700385818,0.9840269094906419
T2_select_target,gpt2:llama1b,_z_neg_source_native_nll,6,0,0.9877050163333045,-0.42857142857142855,1.0045119700385818,0.01680695370527726
T2_select_target,gpt2:llama1b,combined_hidden_direction_score,6,0,0.02048506054793997,0.4857142857142857,1.0045119700385818,0.9840269094906419
T2_select_target,gpt2:llama1b,combined_hidden_js_score,6,0,0.02048506054793997,0.4857142857142857,1.0045119700385818,0.9840269094906419
T2_select_target,gpt2:llama1b,combined_hidden_source_quality_score,6,0,0.02048506054793997,0.6571428571428571,1.0045119700385818,0.9840269094906419
T2_select_target,gpt2:llama1b,combined_param_direction_score,6,0,0.02048506054793997,0.5428571428571428,1.0045119700385818,0.9840269094906419
T2_select_target,gpt2:llama1b,combined_ratio_direction_score,6,0,0.02048506054793997,0.5428571428571428,1.0045119700385818,0.9840269094906419
T2_select_target,gpt2:llama1b,pair_geometry_compatibility_score,6,1,0.0,0.6,1.0045119700385818,1.0045119700385818
T2_select_target,gpt2:llama3b,rel_direction_l1_to_target,6,0,0.02697024109434676,0.7714285714285715,0.9507066473384612,0.9237364062441145
T2_select_target,gpt2:llama3b,rel_direction_rmse_to_target,6,0,0.02697024109434676,0.7714285714285715,0.9507066473384612,0.9237364062441145
T2_select_target,gpt2:llama3b,rel_magnitude_l1_to_target,6,0,0.07250571166228659,-0.08571428571428572,0.9507066473384612,0.8782009356761746
T2_select_target,gpt2:llama3b,rel_magnitude_rmse_to_target,6,0,0.07250571166228659,-0.4857142857142857,0.9507066473384612,0.8782009356761746
T2_select_target,gpt2:llama3b,memory_target_norm_gap,6,0,0.6616095493807872,-0.7714285714285715,0.9507066473384612,0.28909709795767397
T2_select_target,gpt2:llama3b,anchor_direction_js_to_target,6,1,0.0,0.8285714285714286,0.9507066473384612,0.9507066473384612
T2_select_target,gpt2:llama3b,target_direction_subspace_residual,6,0,0.17274916196045687,-0.7714285714285715,0.9507066473384612,0.7779574853780044
T2_select_target,gpt2:llama3b,capacity_normalized_direction_rmse,6,0,0.02697024109434676,0.7714285714285715,0.9507066473384612,0.9237364062441145
T2_select_target,gpt2:llama3b,diagnostic_rel_direction_z2_mean,6,0,0.02697024109434676,0.42857142857142855,0.9507066473384612,0.9237364062441145
T2_select_target,gpt2:llama3b,diagnostic_rel_magnitude_z_abs_mean,6,1,0.0,0.9428571428571428,0.9507066473384612,0.9507066473384612
T2_select_target,gpt2:llama3b,diagnostic_target_direction_std_mean,6,0,0.17274916196045687,-0.7714285714285715,0.9507066473384612,0.7779574853780044
T2_select_target,gpt2:llama3b,diagnostic_target_direction_std_min,6,0,0.02697024109434676,-0.42857142857142855,0.9507066473384612,0.9237364062441145
T2_select_target,gpt2:llama3b,diagnostic_target_magnitude_std_mean,6,1,0.0,0.9428571428571428,0.9507066473384612,0.9507066473384612
T2_select_target,gpt2:llama3b,diagnostic_target_magnitude_std_min,6,1,0.0,0.9428571428571428,0.9507066473384612,0.9507066473384612
T2_select_target,gpt2:llama3b,target_text_nll,6,0,0.07250571166228659,0.37142857142857144,0.9507066473384612,0.8782009356761746
T2_select_target,gpt2:llama3b,source_native_nll,6,0,0.6616095493807872,-0.08571428571428572,0.9507066473384612,0.28909709795767397
T2_select_target,gpt2:llama3b,target_minus_source_nll,6,0,0.07250571166228659,0.37142857142857144,0.9507066473384612,0.8782009356761746
T2_select_target,gpt2:llama3b,target_hidden_size,6,1,0.0,0.8827348295047495,0.9507066473384612,0.9507066473384612
T2_select_target,gpt2:llama3b,abs_log_hidden_ratio,6,0,0.02697024109434676,0.8827348295047495,0.9507066473384612,0.9237364062441145
T2_select_target,gpt2:llama3b,prior_same_model_family,6,0,0.17274916196045687,0.41403933560541256,0.9507066473384612,0.7779574853780044
T2_select_target,gpt2:llama3b,prior_cross_model_family,6,0,0.07250571166228659,-0.41403933560541256,0.9507066473384612,0.8782009356761746
T2_select_target,gpt2:llama3b,prior_target_param_b,6,1,0.0,0.8116794499134278,0.9507066473384612,0.9507066473384612
T2_select_target,gpt2:llama3b,prior_log_param_ratio_target_over_source,6,1,0.0,0.8116794499134278,0.9507066473384612,0.9507066473384612
T2_select_target,gpt2:llama3b,prior_param_tier_jump,6,1,0.0,0.6761234037828133,0.9507066473384612,0.9507066473384612
T2_select_target,gpt2:llama3b,pair_normalized_direction_rmse,6,0,0.02697024109434676,0.7714285714285715,0.9507066473384612,0.9237364062441145
T2_select_target,gpt2:llama3b,target_readability_z2_mean,6,0,0.02697024109434676,0.42857142857142855,0.9507066473384612,0.9237364062441145
T2_select_target,gpt2:llama3b,target_readability_tail_frac,6,0,0.02697024109434676,0.6571428571428571,0.9507066473384612,0.9237364062441145
T2_select_target,gpt2:llama3b,target_readability_cross_entropy,6,0,0.07250571166228659,0.6571428571428571,0.9507066473384612,0.8782009356761746
T2_select_target,gpt2:llama3b,source_to_target_anchor_kl,6,1,0.0,0.8285714285714286,0.9507066473384612,0.9507066473384612
T2_select_target,gpt2:llama3b,target_readability_energy,6,0,0.17274916196045687,-0.8285714285714286,0.9507066473384612,0.7779574853780044
T2_select_target,gpt2:llama3b,source_target_top_anchor_overlap,6,0,0.17274916196045687,-0.02857142857142857,0.9507066473384612,0.7779574853780044
T2_select_target,gpt2:llama3b,source_target_direction_entropy_gap,6,0,0.02697024109434676,0.7714285714285715,0.9507066473384612,0.9237364062441145
T2_select_target,gpt2:llama3b,source_target_direction_dispersion_gap,6,1,0.0,0.7714285714285715,0.9507066473384612,0.9507066473384612
T2_select_target,gpt2:llama3b,diagnostic_source_direction_entropy_mean,6,0,0.17274916196045687,0.15179418517972906,0.9507066473384612,0.7779574853780044
T2_select_target,gpt2:llama3b,diagnostic_target_direction_entropy,6,1,0.0,0.7714285714285715,0.9507066473384612,0.9507066473384612
T2_select_target,gpt2:llama3b,diagnostic_source_direction_std_mean,6,0,0.7727695952973269,-0.5161002296110788,0.9507066473384612,0.1779370520411343
T2_select_target,gpt2:llama3b,_z_target_hidden_size,6,1,0.0,0.8827348295047495,0.9507066473384612,0.9507066473384612
T2_select_target,gpt2:llama3b,_z_prior_target_param_b,6,1,0.0,0.8116794499134278,0.9507066473384612,0.9507066473384612
T2_select_target,gpt2:llama3b,_z_log_param_ratio,6,1,0.0,0.8116794499134278,0.9507066473384612,0.9507066473384612
T2_select_target,gpt2:llama3b,_z_neg_direction_rmse,6,0,0.02697024109434676,0.7714285714285715,0.9507066473384612,0.9237364062441145
T2_select_target,gpt2:llama3b,_z_neg_anchor_js,6,1,0.0,0.8285714285714286,0.9507066473384612,0.9507066473384612
T2_select_target,gpt2:llama3b,_z_neg_magnitude_rmse,6,0,0.07250571166228659,-0.4857142857142857,0.9507066473384612,0.8782009356761746
T2_select_target,gpt2:llama3b,_z_neg_subspace_residual,6,0,0.17274916196045687,-0.7714285714285715,0.9507066473384612,0.7779574853780044
T2_select_target,gpt2:llama3b,_z_neg_pair_norm_direction_rmse,6,0,0.02697024109434676,0.7714285714285715,0.9507066473384612,0.9237364062441145
T2_select_target,gpt2:llama3b,_z_neg_target_readability_z2,6,0,0.02697024109434676,0.42857142857142855,0.9507066473384612,0.9237364062441145
T2_select_target,gpt2:llama3b,_z_neg_target_readability_tail,6,0,0.02697024109434676,0.6571428571428571,0.9507066473384612,0.9237364062441145
T2_select_target,gpt2:llama3b,_z_neg_target_readability_ce,6,0,0.07250571166228659,0.6571428571428571,0.9507066473384612,0.8782009356761746
T2_select_target,gpt2:llama3b,_z_neg_source_to_target_kl,6,1,0.0,0.8285714285714286,0.9507066473384612,0.9507066473384612
T2_select_target,gpt2:llama3b,_z_target_readability_energy,6,0,0.17274916196045687,-0.8285714285714286,0.9507066473384612,0.7779574853780044
T2_select_target,gpt2:llama3b,_z_top_anchor_overlap,6,0,0.17274916196045687,-0.02857142857142857,0.9507066473384612,0.7779574853780044
T2_select_target,gpt2:llama3b,_z_neg_direction_entropy_gap,6,0,0.02697024109434676,0.7714285714285715,0.9507066473384612,0.9237364062441145
T2_select_target,gpt2:llama3b,_z_neg_direction_dispersion_gap,6,1,0.0,0.7714285714285715,0.9507066473384612,0.9507066473384612
T2_select_target,gpt2:llama3b,_z_neg_source_native_nll,6,0,0.6616095493807872,-0.08571428571428572,0.9507066473384612,0.28909709795767397
T2_select_target,gpt2:llama3b,combined_hidden_direction_score,6,1,0.0,0.7714285714285715,0.9507066473384612,0.9507066473384612
T2_select_target,gpt2:llama3b,combined_hidden_js_score,6,1,0.0,0.7714285714285715,0.9507066473384612,0.9507066473384612
T2_select_target,gpt2:llama3b,combined_hidden_source_quality_score,6,0,0.07250571166228659,0.7714285714285715,0.9507066473384612,0.8782009356761746
T2_select_target,gpt2:llama3b,combined_param_direction_score,6,1,0.0,0.8285714285714286,0.9507066473384612,0.9507066473384612
T2_select_target,gpt2:llama3b,combined_ratio_direction_score,6,1,0.0,0.8285714285714286,0.9507066473384612,0.9507066473384612
T2_select_target,gpt2:llama3b,pair_geometry_compatibility_score,6,1,0.0,0.7714285714285715,0.9507066473384612,0.9507066473384612
T2_select_target,gpt2:llama8b,rel_direction_l1_to_target,6,0,0.02254108202551286,-0.14285714285714285,0.9229252855565262,0.9003842035310133
T2_select_target,gpt2:llama8b,rel_direction_rmse_to_target,6,0,0.02254108202551286,-0.14285714285714285,0.9229252855565262,0.9003842035310133
T2_select_target,gpt2:llama8b,rel_magnitude_l1_to_target,6,0,0.780664592784075,-0.4857142857142857,0.9229252855565262,0.14226069277245126
T2_select_target,gpt2:llama8b,rel_magnitude_rmse_to_target,6,0,0.780664592784075,-0.6571428571428571,0.9229252855565262,0.14226069277245126
T2_select_target,gpt2:llama8b,memory_target_norm_gap,6,0,0.9203348903869322,-0.42857142857142855,0.9229252855565262,0.0025903951695940342
T2_select_target,gpt2:llama8b,anchor_direction_js_to_target,6,0,0.02234792015776854,-0.08571428571428572,0.9229252855565262,0.9005773653987577
T2_select_target,gpt2:llama8b,target_direction_subspace_residual,6,1,0.0,0.14285714285714285,0.9229252855565262,0.9229252855565262
T2_select_target,gpt2:llama8b,capacity_normalized_direction_rmse,6,0,0.02254108202551286,-0.14285714285714285,0.9229252855565262,0.9003842035310133
T2_select_target,gpt2:llama8b,diagnostic_rel_direction_z2_mean,6,0,0.02254108202551286,-0.14285714285714285,0.9229252855565262,0.9003842035310133
T2_select_target,gpt2:llama8b,diagnostic_rel_magnitude_z_abs_mean,6,0,0.02254108202551286,0.7714285714285715,0.9229252855565262,0.9003842035310133
T2_select_target,gpt2:llama8b,diagnostic_target_direction_std_mean,6,0,0.19524414850548966,-0.08571428571428572,0.9229252855565262,0.7276811370510365
T2_select_target,gpt2:llama8b,diagnostic_target_direction_std_min,6,0,0.02254108202551286,-0.6,0.9229252855565262,0.9003842035310133
T2_select_target,gpt2:llama8b,diagnostic_target_magnitude_std_mean,6,0,0.02254108202551286,0.7714285714285715,0.9229252855565262,0.9003842035310133
T2_select_target,gpt2:llama8b,diagnostic_target_magnitude_std_min,6,0,0.02254108202551286,0.7714285714285715,0.9229252855565262,0.9003842035310133
T2_select_target,gpt2:llama8b,target_text_nll,6,0,0.02234792015776854,0.08571428571428572,0.9229252855565262,0.9005773653987577
T2_select_target,gpt2:llama8b,source_native_nll,6,0,0.9203348903869322,-0.2571428571428571,0.9229252855565262,0.0025903951695940342
T2_select_target,gpt2:llama8b,target_minus_source_nll,6,0,0.02234792015776854,0.08571428571428572,0.9229252855565262,0.9005773653987577
T2_select_target,gpt2:llama8b,target_hidden_size,6,0,0.02234792015776854,0.7247137945655605,0.9229252855565262,0.9005773653987577
T2_select_target,gpt2:llama8b,abs_log_hidden_ratio,6,0,0.02234792015776854,0.7247137945655605,0.9229252855565262,0.9005773653987577
T2_select_target,gpt2:llama8b,prior_same_model_family,6,0,0.19524414850548966,0.41403933560541256,0.9229252855565262,0.7276811370510365
T2_select_target,gpt2:llama8b,prior_cross_model_family,6,0,0.02234792015776854,-0.41403933560541256,0.9229252855565262,0.9005773653987577
T2_select_target,gpt2:llama8b,prior_target_param_b,6,0,0.02234792015776854,0.44136741475237473,0.9229252855565262,0.9005773653987577
T2_select_target,gpt2:llama8b,prior_log_param_ratio_target_over_source,6,0,0.02234792015776854,0.44136741475237473,0.9229252855565262,0.9005773653987577
T2_select_target,gpt2:llama8b,prior_param_tier_jump,6,0,0.19524414850548966,-0.41403933560541256,0.9229252855565262,0.7276811370510365
T2_select_target,gpt2:llama8b,pair_normalized_direction_rmse,6,0,0.02254108202551286,-0.14285714285714285,0.9229252855565262,0.9003842035310133
T2_select_target,gpt2:llama8b,target_readability_z2_mean,6,0,0.02254108202551286,-0.14285714285714285,0.9229252855565262,0.9003842035310133
T2_select_target,gpt2:llama8b,target_readability_tail_frac,6,0,0.02254108202551286,-0.14285714285714285,0.9229252855565262,0.9003842035310133
T2_select_target,gpt2:llama8b,target_readability_cross_entropy,6,0,0.02234792015776854,-0.08571428571428572,0.9229252855565262,0.9005773653987577
T2_select_target,gpt2:llama8b,source_to_target_anchor_kl,6,0,0.02234792015776854,-0.08571428571428572,0.9229252855565262,0.9005773653987577
T2_select_target,gpt2:llama8b,target_readability_energy,6,0,0.02234792015776854,-0.08571428571428572,0.9229252855565262,0.9005773653987577
T2_select_target,gpt2:llama8b,source_target_top_anchor_overlap,6,0,0.02254108202551286,-0.08571428571428572,0.9229252855565262,0.9003842035310133
T2_select_target,gpt2:llama8b,source_target_direction_entropy_gap,6,0,0.02234792015776854,-0.08571428571428572,0.9229252855565262,0.9005773653987577
T2_select_target,gpt2:llama8b,source_target_direction_dispersion_gap,6,0,0.02234792015776854,0.08571428571428572,0.9229252855565262,0.9005773653987577
T2_select_target,gpt2:llama8b,diagnostic_source_direction_entropy_mean,6,0,0.02234792015776854,-0.12344267996967354,0.9229252855565262,0.9005773653987577
T2_select_target,gpt2:llama8b,diagnostic_target_direction_entropy,6,0,0.02234792015776854,-0.08571428571428572,0.9229252855565262,0.9005773653987577
T2_select_target,gpt2:llama8b,diagnostic_source_direction_std_mean,6,0,0.780664592784075,-0.6172133998483676,0.9229252855565262,0.14226069277245126
T2_select_target,gpt2:llama8b,_z_target_hidden_size,6,0,0.02234792015776854,0.7247137945655605,0.9229252855565262,0.9005773653987577
T2_select_target,gpt2:llama8b,_z_prior_target_param_b,6,0,0.02234792015776854,0.44136741475237473,0.9229252855565262,0.9005773653987577
T2_select_target,gpt2:llama8b,_z_log_param_ratio,6,0,0.02234792015776854,0.44136741475237473,0.9229252855565262,0.9005773653987577
T2_select_target,gpt2:llama8b,_z_neg_direction_rmse,6,0,0.02254108202551286,-0.14285714285714285,0.9229252855565262,0.9003842035310133
T2_select_target,gpt2:llama8b,_z_neg_anchor_js,6,0,0.02234792015776854,-0.08571428571428572,0.9229252855565262,0.9005773653987577
T2_select_target,gpt2:llama8b,_z_neg_magnitude_rmse,6,0,0.780664592784075,-0.6571428571428571,0.9229252855565262,0.14226069277245126
T2_select_target,gpt2:llama8b,_z_neg_subspace_residual,6,1,0.0,0.14285714285714285,0.9229252855565262,0.9229252855565262
T2_select_target,gpt2:llama8b,_z_neg_pair_norm_direction_rmse,6,0,0.02254108202551286,-0.14285714285714285,0.9229252855565262,0.9003842035310133
T2_select_target,gpt2:llama8b,_z_neg_target_readability_z2,6,0,0.02254108202551286,-0.14285714285714285,0.9229252855565262,0.9003842035310133
T2_select_target,gpt2:llama8b,_z_neg_target_readability_tail,6,0,0.02254108202551286,-0.14285714285714285,0.9229252855565262,0.9003842035310133
T2_select_target,gpt2:llama8b,_z_neg_target_readability_ce,6,0,0.02234792015776854,-0.08571428571428572,0.9229252855565262,0.9005773653987577
T2_select_target,gpt2:llama8b,_z_neg_source_to_target_kl,6,0,0.02234792015776854,-0.08571428571428572,0.9229252855565262,0.9005773653987577
T2_select_target,gpt2:llama8b,_z_target_readability_energy,6,0,0.02234792015776854,-0.08571428571428572,0.9229252855565262,0.9005773653987577
T2_select_target,gpt2:llama8b,_z_top_anchor_overlap,6,0,0.02254108202551286,-0.08571428571428572,0.9229252855565262,0.9003842035310133
T2_select_target,gpt2:llama8b,_z_neg_direction_entropy_gap,6,0,0.02234792015776854,-0.08571428571428572,0.9229252855565262,0.9005773653987577
T2_select_target,gpt2:llama8b,_z_neg_direction_dispersion_gap,6,0,0.02234792015776854,0.08571428571428572,0.9229252855565262,0.9005773653987577
T2_select_target,gpt2:llama8b,_z_neg_source_native_nll,6,0,0.9203348903869322,-0.2571428571428571,0.9229252855565262,0.0025903951695940342
T2_select_target,gpt2:llama8b,combined_hidden_direction_score,6,0,0.02234792015776854,0.3142857142857143,0.9229252855565262,0.9005773653987577
T2_select_target,gpt2:llama8b,combined_hidden_js_score,6,0,0.02234792015776854,0.08571428571428572,0.9229252855565262,0.9005773653987577
T2_select_target,gpt2:llama8b,combined_hidden_source_quality_score,6,0,0.02234792015776854,0.6571428571428571,0.9229252855565262,0.9005773653987577
T2_select_target,gpt2:llama8b,combined_param_direction_score,6,0,0.02254108202551286,0.02857142857142857,0.9229252855565262,0.9003842035310133
T2_select_target,gpt2:llama8b,combined_ratio_direction_score,6,0,0.02254108202551286,0.02857142857142857,0.9229252855565262,0.9003842035310133
T2_select_target,gpt2:llama8b,pair_geometry_compatibility_score,6,0,0.02254108202551286,-0.14285714285714285,0.9229252855565262,0.9003842035310133
T2_select_target,gpt2:mistral7b,rel_direction_l1_to_target,6,0,0.04693961603727048,0.08571428571428572,0.981579277249395,0.9346396612121245
T2_select_target,gpt2:mistral7b,rel_direction_rmse_to_target,6,0,0.04693961603727048,0.08571428571428572,0.981579277249395,0.9346396612121245
T2_select_target,gpt2:mistral7b,rel_magnitude_l1_to_target,6,0,0.47617427251453215,-0.6571428571428571,0.981579277249395,0.5054050047348628
T2_select_target,gpt2:mistral7b,rel_magnitude_rmse_to_target,6,0,0.47617427251453215,-0.6571428571428571,0.981579277249395,0.5054050047348628
T2_select_target,gpt2:mistral7b,memory_target_norm_gap,6,0,0.8153866208260147,-0.6571428571428571,0.981579277249395,0.1661926564233803
T2_select_target,gpt2:mistral7b,anchor_direction_js_to_target,6,1,0.0,0.2,0.981579277249395,0.981579277249395
T2_select_target,gpt2:mistral7b,target_direction_subspace_residual,6,0,0.02127039821328225,-0.08571428571428572,0.981579277249395,0.9603088790361127
T2_select_target,gpt2:mistral7b,capacity_normalized_direction_rmse,6,0,0.04693961603727048,0.08571428571428572,0.981579277249395,0.9346396612121245
T2_select_target,gpt2:mistral7b,diagnostic_rel_direction_z2_mean,6,0,0.8153866208260147,-0.7142857142857143,0.981579277249395,0.1661926564233803
T2_select_target,gpt2:mistral7b,diagnostic_rel_magnitude_z_abs_mean,6,0,0.04693961603727048,0.6,0.981579277249395,0.9346396612121245
T2_select_target,gpt2:mistral7b,diagnostic_target_direction_std_mean,6,0,0.47617427251453215,-0.7714285714285715,0.981579277249395,0.5054050047348628
T2_select_target,gpt2:mistral7b,diagnostic_target_direction_std_min,6,0,0.47617427251453215,-0.7714285714285715,0.981579277249395,0.5054050047348628
T2_select_target,gpt2:mistral7b,diagnostic_target_magnitude_std_mean,6,0,0.04693961603727048,0.6,0.981579277249395,0.9346396612121245
T2_select_target,gpt2:mistral7b,diagnostic_target_magnitude_std_min,6,0,0.04693961603727048,0.6,0.981579277249395,0.9346396612121245
T2_select_target,gpt2:mistral7b,target_text_nll,6,0,0.04693961603727048,-0.08571428571428572,0.981579277249395,0.9346396612121245
T2_select_target,gpt2:mistral7b,source_native_nll,6,1,0.0,0.7714285714285715,0.981579277249395,0.981579277249395
T2_select_target,gpt2:mistral7b,target_minus_source_nll,6,0,0.04693961603727048,-0.08571428571428572,0.981579277249395,0.9346396612121245
T2_select_target,gpt2:mistral7b,target_hidden_size,6,1,0.0,0.8406680016960503,0.981579277249395,0.981579277249395
T2_select_target,gpt2:mistral7b,abs_log_hidden_ratio,6,1,0.0,0.8406680016960503,0.981579277249395,0.981579277249395
T2_select_target,gpt2:mistral7b,prior_target_param_b,6,1,0.0,0.6087595874350709,0.981579277249395,0.981579277249395
T2_select_target,gpt2:mistral7b,prior_log_param_ratio_target_over_source,6,1,0.0,0.6087595874350709,0.981579277249395,0.981579277249395
T2_select_target,gpt2:mistral7b,prior_param_tier_jump,6,0,0.1577033072388535,-0.6210590034081188,0.981579277249395,0.8238759700105415
T2_select_target,gpt2:mistral7b,pair_normalized_direction_rmse,6,0,0.04693961603727048,0.08571428571428572,0.981579277249395,0.9346396612121245
T2_select_target,gpt2:mistral7b,target_readability_z2_mean,6,0,0.8153866208260147,-0.7142857142857143,0.981579277249395,0.1661926564233803
T2_select_target,gpt2:mistral7b,target_readability_tail_frac,6,0,0.47617427251453215,-0.6473388749701496,0.981579277249395,0.5054050047348628
T2_select_target,gpt2:mistral7b,target_readability_cross_entropy,6,1,0.0,0.2,0.981579277249395,0.981579277249395
T2_select_target,gpt2:mistral7b,source_to_target_anchor_kl,6,1,0.0,0.2,0.981579277249395,0.981579277249395
T2_select_target,gpt2:mistral7b,target_readability_energy,6,1,0.0,0.2,0.981579277249395,0.981579277249395
T2_select_target,gpt2:mistral7b,source_target_top_anchor_overlap,6,1,0.0,0.37142857142857144,0.981579277249395,0.981579277249395
T2_select_target,gpt2:mistral7b,source_target_direction_entropy_gap,6,0,0.04693961603727048,0.08571428571428572,0.981579277249395,0.9346396612121245
T2_select_target,gpt2:mistral7b,source_target_direction_dispersion_gap,6,1,0.0,0.8857142857142857,0.981579277249395,0.981579277249395
T2_select_target,gpt2:mistral7b,diagnostic_source_direction_entropy_mean,6,0,0.1577033072388535,0.6831300510639732,0.981579277249395,0.8238759700105415
T2_select_target,gpt2:mistral7b,diagnostic_target_direction_entropy,6,1,0.0,0.2,0.981579277249395,0.981579277249395
T2_select_target,gpt2:mistral7b,diagnostic_source_direction_std_mean,6,0,0.1577033072388535,0.6831300510639732,0.981579277249395,0.8238759700105415
T2_select_target,gpt2:mistral7b,_z_target_hidden_size,6,1,0.0,0.8406680016960503,0.981579277249395,0.981579277249395
T2_select_target,gpt2:mistral7b,_z_prior_target_param_b,6,1,0.0,0.6087595874350709,0.981579277249395,0.981579277249395
T2_select_target,gpt2:mistral7b,_z_log_param_ratio,6,1,0.0,0.6087595874350709,0.981579277249395,0.981579277249395
T2_select_target,gpt2:mistral7b,_z_neg_direction_rmse,6,0,0.04693961603727048,0.08571428571428572,0.981579277249395,0.9346396612121245
T2_select_target,gpt2:mistral7b,_z_neg_anchor_js,6,1,0.0,0.2,0.981579277249395,0.981579277249395
T2_select_target,gpt2:mistral7b,_z_neg_magnitude_rmse,6,0,0.47617427251453215,-0.6571428571428571,0.981579277249395,0.5054050047348628
T2_select_target,gpt2:mistral7b,_z_neg_subspace_residual,6,0,0.02127039821328225,-0.08571428571428572,0.981579277249395,0.9603088790361127
T2_select_target,gpt2:mistral7b,_z_neg_pair_norm_direction_rmse,6,0,0.04693961603727048,0.08571428571428572,0.981579277249395,0.9346396612121245
T2_select_target,gpt2:mistral7b,_z_neg_target_readability_z2,6,0,0.8153866208260147,-0.7142857142857143,0.981579277249395,0.1661926564233803
T2_select_target,gpt2:mistral7b,_z_neg_target_readability_tail,6,0,0.47617427251453215,-0.6473388749701496,0.981579277249395,0.5054050047348628
T2_select_target,gpt2:mistral7b,_z_neg_target_readability_ce,6,1,0.0,0.2,0.981579277249395,0.981579277249395
T2_select_target,gpt2:mistral7b,_z_neg_source_to_target_kl,6,1,0.0,0.2,0.981579277249395,0.981579277249395
T2_select_target,gpt2:mistral7b,_z_target_readability_energy,6,1,0.0,0.2,0.981579277249395,0.981579277249395
T2_select_target,gpt2:mistral7b,_z_top_anchor_overlap,6,1,0.0,0.37142857142857144,0.981579277249395,0.981579277249395
T2_select_target,gpt2:mistral7b,_z_neg_direction_entropy_gap,6,0,0.04693961603727048,0.08571428571428572,0.981579277249395,0.9346396612121245
T2_select_target,gpt2:mistral7b,_z_neg_direction_dispersion_gap,6,1,0.0,0.8857142857142857,0.981579277249395,0.981579277249395
T2_select_target,gpt2:mistral7b,_z_neg_source_native_nll,6,1,0.0,0.7714285714285715,0.981579277249395,0.981579277249395
T2_select_target,gpt2:mistral7b,combined_hidden_direction_score,6,1,0.0,0.4857142857142857,0.981579277249395,0.981579277249395
T2_select_target,gpt2:mistral7b,combined_hidden_js_score,6,1,0.0,0.7714285714285715,0.981579277249395,0.981579277249395
T2_select_target,gpt2:mistral7b,combined_hidden_source_quality_score,6,1,0.0,0.8857142857142857,0.981579277249395,0.981579277249395
T2_select_target,gpt2:mistral7b,combined_param_direction_score,6,1,0.0,0.3142857142857143,0.981579277249395,0.981579277249395
T2_select_target,gpt2:mistral7b,combined_ratio_direction_score,6,0,0.04693961603727048,0.2,0.981579277249395,0.9346396612121245
T2_select_target,gpt2:mistral7b,pair_geometry_compatibility_score,6,1,0.0,0.2,0.981579277249395,0.981579277249395
T2_select_target,gpt2:qwen1.5b,rel_direction_l1_to_target,6,0,0.04685642575011306,0.5428571428571428,0.9679359553161607,0.9210795295660477
T2_select_target,gpt2:qwen1.5b,rel_direction_rmse_to_target,6,0,0.04685642575011306,0.5428571428571428,0.9679359553161607,0.9210795295660477
T2_select_target,gpt2:qwen1.5b,rel_magnitude_l1_to_target,6,0,0.0727379455838767,-0.2571428571428571,0.9679359553161607,0.895198009732284
T2_select_target,gpt2:qwen1.5b,rel_magnitude_rmse_to_target,6,0,0.0727379455838767,-0.2571428571428571,0.9679359553161607,0.895198009732284
T2_select_target,gpt2:qwen1.5b,memory_target_norm_gap,6,0,0.05688454690027833,-0.3142857142857143,0.9679359553161607,0.9110514084158824
T2_select_target,gpt2:qwen1.5b,anchor_direction_js_to_target,6,0,0.0727379455838767,0.3142857142857143,0.9679359553161607,0.895198009732284
T2_select_target,gpt2:qwen1.5b,target_direction_subspace_residual,6,0,0.05688454690027833,-0.6,0.9679359553161607,0.9110514084158824
T2_select_target,gpt2:qwen1.5b,capacity_normalized_direction_rmse,6,0,0.04685642575011306,0.5428571428571428,0.9679359553161607,0.9210795295660477
T2_select_target,gpt2:qwen1.5b,diagnostic_rel_direction_z2_mean,6,0,0.04685642575011306,-0.2571428571428571,0.9679359553161607,0.9210795295660477
T2_select_target,gpt2:qwen1.5b,diagnostic_rel_magnitude_z_abs_mean,6,1,0.0,0.37142857142857144,0.9679359553161607,0.9679359553161607
T2_select_target,gpt2:qwen1.5b,diagnostic_target_direction_std_mean,6,0,0.17432529940348884,-0.4857142857142857,0.9679359553161607,0.7936106559126719
T2_select_target,gpt2:qwen1.5b,diagnostic_target_direction_std_min,6,0,0.947157812103421,-0.9428571428571428,0.9679359553161607,0.020778143212739797
T2_select_target,gpt2:qwen1.5b,diagnostic_target_magnitude_std_mean,6,1,0.0,0.37142857142857144,0.9679359553161607,0.9679359553161607
T2_select_target,gpt2:qwen1.5b,diagnostic_target_magnitude_std_min,6,1,0.0,0.37142857142857144,0.9679359553161607,0.9679359553161607
T2_select_target,gpt2:qwen1.5b,target_text_nll,6,0,0.0727379455838767,0.2,0.9679359553161607,0.895198009732284
T2_select_target,gpt2:qwen1.5b,source_native_nll,6,0,0.17432529940348884,-0.14285714285714285,0.9679359553161607,0.7936106559126719
T2_select_target,gpt2:qwen1.5b,target_minus_source_nll,6,0,0.0727379455838767,0.2,0.9679359553161607,0.895198009732284
T2_select_target,gpt2:qwen1.5b,target_hidden_size,6,0,0.04685642575011306,0.6473388749701496,0.9679359553161607,0.9210795295660477
T2_select_target,gpt2:qwen1.5b,abs_log_hidden_ratio,6,0,0.17432529940348884,-0.6473388749701496,0.9679359553161607,0.7936106559126719
T2_select_target,gpt2:qwen1.5b,prior_same_model_family,6,0,0.947157812103421,0.0,0.9679359553161607,0.020778143212739797
T2_select_target,gpt2:qwen1.5b,prior_cross_model_family,6,0,0.17432529940348884,0.0,0.9679359553161607,0.7936106559126719
T2_select_target,gpt2:qwen1.5b,prior_target_param_b,6,0,0.04685642575011306,0.6767633692869746,0.9679359553161607,0.9210795295660477
T2_select_target,gpt2:qwen1.5b,prior_log_param_ratio_target_over_source,6,0,0.04685642575011306,0.6767633692869746,0.9679359553161607,0.9210795295660477
T2_select_target,gpt2:qwen1.5b,prior_param_tier_jump,6,0,0.04685642575011306,0.6831300510639732,0.9679359553161607,0.9210795295660477
T2_select_target,gpt2:qwen1.5b,pair_normalized_direction_rmse,6,1,0.0,0.6,0.9679359553161607,0.9679359553161607
T2_select_target,gpt2:qwen1.5b,target_readability_z2_mean,6,0,0.04685642575011306,-0.2571428571428571,0.9679359553161607,0.9210795295660477
T2_select_target,gpt2:qwen1.5b,target_readability_tail_frac,6,0,0.04685642575011306,0.08571428571428572,0.9679359553161607,0.9210795295660477
T2_select_target,gpt2:qwen1.5b,target_magnitude_tail_frac,6,1,0.0,0.6546536707079772,0.9679359553161607,0.9679359553161607
T2_select_target,gpt2:qwen1.5b,target_readability_cross_entropy,6,0,0.0727379455838767,0.3142857142857143,0.9679359553161607,0.895198009732284
T2_select_target,gpt2:qwen1.5b,source_to_target_anchor_kl,6,1,0.0,0.4857142857142857,0.9679359553161607,0.9679359553161607
T2_select_target,gpt2:qwen1.5b,target_readability_energy,6,0,0.947157812103421,-0.6,0.9679359553161607,0.020778143212739797
T2_select_target,gpt2:qwen1.5b,source_target_top_anchor_overlap,6,0,0.947157812103421,-0.2571428571428571,0.9679359553161607,0.020778143212739797
T2_select_target,gpt2:qwen1.5b,source_target_direction_entropy_gap,6,1,0.0,0.5428571428571428,0.9679359553161607,0.9679359553161607
T2_select_target,gpt2:qwen1.5b,source_target_direction_dispersion_gap,6,0,0.04685642575011306,0.4857142857142857,0.9679359553161607,0.9210795295660477
T2_select_target,gpt2:qwen1.5b,diagnostic_source_direction_entropy_mean,6,0,0.947157812103421,-0.06172133998483677,0.9679359553161607,0.020778143212739797
T2_select_target,gpt2:qwen1.5b,diagnostic_target_direction_entropy,6,0,0.0727379455838767,0.2571428571428571,0.9679359553161607,0.895198009732284
T2_select_target,gpt2:qwen1.5b,diagnostic_source_direction_std_mean,6,0,0.947157812103421,0.06172133998483677,0.9679359553161607,0.020778143212739797
T2_select_target,gpt2:qwen1.5b,_z_target_hidden_size,6,0,0.04685642575011306,0.6473388749701496,0.9679359553161607,0.9210795295660477
T2_select_target,gpt2:qwen1.5b,_z_prior_target_param_b,6,0,0.04685642575011306,0.6767633692869746,0.9679359553161607,0.9210795295660477
T2_select_target,gpt2:qwen1.5b,_z_log_param_ratio,6,0,0.04685642575011306,0.6767633692869746,0.9679359553161607,0.9210795295660477
T2_select_target,gpt2:qwen1.5b,_z_neg_direction_rmse,6,0,0.04685642575011306,0.5428571428571428,0.9679359553161607,0.9210795295660477
T2_select_target,gpt2:qwen1.5b,_z_neg_anchor_js,6,0,0.0727379455838767,0.3142857142857143,0.9679359553161607,0.895198009732284
T2_select_target,gpt2:qwen1.5b,_z_neg_magnitude_rmse,6,0,0.0727379455838767,-0.2571428571428571,0.9679359553161607,0.895198009732284
T2_select_target,gpt2:qwen1.5b,_z_neg_subspace_residual,6,0,0.05688454690027833,-0.6,0.9679359553161607,0.9110514084158824
T2_select_target,gpt2:qwen1.5b,_z_neg_pair_norm_direction_rmse,6,1,0.0,0.6,0.9679359553161607,0.9679359553161607
T2_select_target,gpt2:qwen1.5b,_z_neg_target_readability_z2,6,0,0.04685642575011306,-0.2571428571428571,0.9679359553161607,0.9210795295660477
T2_select_target,gpt2:qwen1.5b,_z_neg_target_readability_tail,6,0,0.04685642575011306,0.08571428571428572,0.9679359553161607,0.9210795295660477
T2_select_target,gpt2:qwen1.5b,_z_neg_target_magnitude_tail,6,1,0.0,0.6546536707079772,0.9679359553161607,0.9679359553161607
T2_select_target,gpt2:qwen1.5b,_z_neg_target_readability_ce,6,0,0.0727379455838767,0.3142857142857143,0.9679359553161607,0.895198009732284
T2_select_target,gpt2:qwen1.5b,_z_neg_source_to_target_kl,6,1,0.0,0.4857142857142857,0.9679359553161607,0.9679359553161607
T2_select_target,gpt2:qwen1.5b,_z_target_readability_energy,6,0,0.947157812103421,-0.6,0.9679359553161607,0.020778143212739797
T2_select_target,gpt2:qwen1.5b,_z_top_anchor_overlap,6,0,0.947157812103421,-0.2571428571428571,0.9679359553161607,0.020778143212739797
T2_select_target,gpt2:qwen1.5b,_z_neg_direction_entropy_gap,6,1,0.0,0.5428571428571428,0.9679359553161607,0.9679359553161607
T2_select_target,gpt2:qwen1.5b,_z_neg_direction_dispersion_gap,6,0,0.04685642575011306,0.4857142857142857,0.9679359553161607,0.9210795295660477
T2_select_target,gpt2:qwen1.5b,_z_neg_source_native_nll,6,0,0.17432529940348884,-0.14285714285714285,0.9679359553161607,0.7936106559126719
T2_select_target,gpt2:qwen1.5b,combined_hidden_direction_score,6,0,0.04685642575011306,0.4857142857142857,0.9679359553161607,0.9210795295660477
T2_select_target,gpt2:qwen1.5b,combined_hidden_js_score,6,0,0.0727379455838767,0.5428571428571428,0.9679359553161607,0.895198009732284
T2_select_target,gpt2:qwen1.5b,combined_hidden_source_quality_score,6,0,0.0727379455838767,0.6,0.9679359553161607,0.895198009732284
T2_select_target,gpt2:qwen1.5b,combined_param_direction_score,6,0,0.04685642575011306,0.6571428571428571,0.9679359553161607,0.9210795295660477
T2_select_target,gpt2:qwen1.5b,combined_ratio_direction_score,6,0,0.04685642575011306,0.6571428571428571,0.9679359553161607,0.9210795295660477
T2_select_target,gpt2:qwen1.5b,pair_geometry_compatibility_score,6,1,0.0,0.2571428571428571,0.9679359553161607,0.9679359553161607
T2_select_target,gpt2:qwen3b,rel_direction_l1_to_target,6,0,0.40410345029935835,0.2,1.4625492017293595,1.0584457514300012
T2_select_target,gpt2:qwen3b,rel_direction_rmse_to_target,6,0,0.40410345029935835,0.2,1.4625492017293595,1.0584457514300012
T2_select_target,gpt2:qwen3b,rel_magnitude_l1_to_target,6,0,0.580744817507551,-0.5428571428571428,1.4625492017293595,0.8818043842218085
T2_select_target,gpt2:qwen3b,rel_magnitude_rmse_to_target,6,0,0.580744817507551,-0.6571428571428571,1.4625492017293595,0.8818043842218085
T2_select_target,gpt2:qwen3b,memory_target_norm_gap,6,0,0.5084179034155029,0.42857142857142855,1.4625492017293595,0.9541312983138567
T2_select_target,gpt2:qwen3b,anchor_direction_js_to_target,6,0,0.5222357505196858,-0.3142857142857143,1.4625492017293595,0.9403134512096737
T2_select_target,gpt2:qwen3b,target_direction_subspace_residual,6,0,0.5084179034155029,-0.2,1.4625492017293595,0.9541312983138567
T2_select_target,gpt2:qwen3b,capacity_normalized_direction_rmse,6,0,0.40410345029935835,0.2,1.4625492017293595,1.0584457514300012
T2_select_target,gpt2:qwen3b,diagnostic_rel_direction_z2_mean,6,0,0.5222357505196858,-0.3142857142857143,1.4625492017293595,0.9403134512096737
T2_select_target,gpt2:qwen3b,diagnostic_rel_magnitude_z_abs_mean,6,0,0.40410345029935835,0.7714285714285715,1.4625492017293595,1.0584457514300012
T2_select_target,gpt2:qwen3b,diagnostic_target_direction_std_mean,6,0,1.3682607288863706,0.02857142857142857,1.4625492017293595,0.09428847284298883
T2_select_target,gpt2:qwen3b,diagnostic_target_direction_std_min,6,1,0.0,-0.14285714285714285,1.4625492017293595,1.4625492017293595
T2_select_target,gpt2:qwen3b,diagnostic_target_magnitude_std_mean,6,0,0.40410345029935835,0.7714285714285715,1.4625492017293595,1.0584457514300012
T2_select_target,gpt2:qwen3b,diagnostic_target_magnitude_std_min,6,0,0.40410345029935835,0.7714285714285715,1.4625492017293595,1.0584457514300012
T2_select_target,gpt2:qwen3b,target_text_nll,6,0,0.580744817507551,0.14285714285714285,1.4625492017293595,0.8818043842218085
T2_select_target,gpt2:qwen3b,source_native_nll,6,0,0.580744817507551,0.08571428571428572,1.4625492017293595,0.8818043842218085
T2_select_target,gpt2:qwen3b,target_minus_source_nll,6,0,0.580744817507551,0.14285714285714285,1.4625492017293595,0.8818043842218085
T2_select_target,gpt2:qwen3b,target_hidden_size,6,0,0.5222357505196858,-0.34786262139146906,1.4625492017293595,0.9403134512096737
T2_select_target,gpt2:qwen3b,abs_log_hidden_ratio,6,0,1.3682607288863706,0.057977103565244846,1.4625492017293595,0.09428847284298883
T2_select_target,gpt2:qwen3b,prior_same_model_family,6,1,0.0,0.8280786712108251,1.4625492017293595,1.4625492017293595
T2_select_target,gpt2:qwen3b,prior_cross_model_family,6,0,1.3682607288863706,-0.8280786712108251,1.4625492017293595,0.09428847284298883
T2_select_target,gpt2:qwen3b,prior_target_param_b,6,0,0.5222357505196858,0.057977103565244846,1.4625492017293595,0.9403134512096737
T2_select_target,gpt2:qwen3b,prior_log_param_ratio_target_over_source,6,0,0.5222357505196858,0.057977103565244846,1.4625492017293595,0.9403134512096737
T2_select_target,gpt2:qwen3b,prior_param_tier_jump,6,0,0.5222357505196858,-0.16903085094570333,1.4625492017293595,0.9403134512096737
T2_select_target,gpt2:qwen3b,pair_normalized_direction_rmse,6,0,0.40410345029935835,0.2,1.4625492017293595,1.0584457514300012
T2_select_target,gpt2:qwen3b,target_readability_z2_mean,6,0,0.5222357505196858,-0.3142857142857143,1.4625492017293595,0.9403134512096737
T2_select_target,gpt2:qwen3b,target_readability_tail_frac,6,0,0.5222357505196858,-0.08571428571428572,1.4625492017293595,0.9403134512096737
T2_select_target,gpt2:qwen3b,target_magnitude_tail_frac,6,0,0.40410345029935835,0.3927922024247863,1.4625492017293595,1.0584457514300012
T2_select_target,gpt2:qwen3b,target_readability_cross_entropy,6,0,0.580744817507551,-0.14285714285714285,1.4625492017293595,0.8818043842218085
T2_select_target,gpt2:qwen3b,source_to_target_anchor_kl,6,0,0.5222357505196858,0.08571428571428572,1.4625492017293595,0.9403134512096737
T2_select_target,gpt2:qwen3b,target_readability_energy,6,1,0.0,0.2,1.4625492017293595,1.4625492017293595
T2_select_target,gpt2:qwen3b,source_target_top_anchor_overlap,6,1,0.0,0.14285714285714285,1.4625492017293595,1.4625492017293595
T2_select_target,gpt2:qwen3b,source_target_direction_entropy_gap,6,0,0.40410345029935835,-0.2,1.4625492017293595,1.0584457514300012
T2_select_target,gpt2:qwen3b,source_target_direction_dispersion_gap,6,0,0.5222357505196858,0.08571428571428572,1.4625492017293595,0.9403134512096737
T2_select_target,gpt2:qwen3b,diagnostic_source_direction_entropy_mean,6,0,1.3682607288863706,-0.24688535993934707,1.4625492017293595,0.09428847284298883
T2_select_target,gpt2:qwen3b,diagnostic_target_direction_entropy,6,0,0.580744817507551,-0.5428571428571428,1.4625492017293595,0.8818043842218085
T2_select_target,gpt2:qwen3b,diagnostic_source_direction_std_mean,6,1,0.0,0.6789347398332045,1.4625492017293595,1.4625492017293595
T2_select_target,gpt2:qwen3b,_z_target_hidden_size,6,0,0.5222357505196858,-0.34786262139146906,1.4625492017293595,0.9403134512096737
T2_select_target,gpt2:qwen3b,_z_prior_target_param_b,6,0,0.5222357505196858,0.057977103565244846,1.4625492017293595,0.9403134512096737
T2_select_target,gpt2:qwen3b,_z_log_param_ratio,6,0,0.5222357505196858,0.057977103565244846,1.4625492017293595,0.9403134512096737
T2_select_target,gpt2:qwen3b,_z_neg_direction_rmse,6,0,0.40410345029935835,0.2,1.4625492017293595,1.0584457514300012
T2_select_target,gpt2:qwen3b,_z_neg_anchor_js,6,0,0.5222357505196858,-0.3142857142857143,1.4625492017293595,0.9403134512096737
T2_select_target,gpt2:qwen3b,_z_neg_magnitude_rmse,6,0,0.580744817507551,-0.6571428571428571,1.4625492017293595,0.8818043842218085
T2_select_target,gpt2:qwen3b,_z_neg_subspace_residual,6,0,0.5084179034155029,-0.2,1.4625492017293595,0.9541312983138567
T2_select_target,gpt2:qwen3b,_z_neg_pair_norm_direction_rmse,6,0,0.40410345029935835,0.2,1.4625492017293595,1.0584457514300012
T2_select_target,gpt2:qwen3b,_z_neg_target_readability_z2,6,0,0.5222357505196858,-0.3142857142857143,1.4625492017293595,0.9403134512096737
T2_select_target,gpt2:qwen3b,_z_neg_target_readability_tail,6,0,0.5222357505196858,-0.08571428571428572,1.4625492017293595,0.9403134512096737
T2_select_target,gpt2:qwen3b,_z_neg_target_magnitude_tail,6,0,0.40410345029935835,0.3927922024247863,1.4625492017293595,1.0584457514300012
T2_select_target,gpt2:qwen3b,_z_neg_target_readability_ce,6,0,0.580744817507551,-0.14285714285714285,1.4625492017293595,0.8818043842218085
T2_select_target,gpt2:qwen3b,_z_neg_source_to_target_kl,6,0,0.5222357505196858,0.08571428571428572,1.4625492017293595,0.9403134512096737
T2_select_target,gpt2:qwen3b,_z_target_readability_energy,6,1,0.0,0.2,1.4625492017293595,1.4625492017293595
T2_select_target,gpt2:qwen3b,_z_top_anchor_overlap,6,1,0.0,0.14285714285714285,1.4625492017293595,1.4625492017293595
T2_select_target,gpt2:qwen3b,_z_neg_direction_entropy_gap,6,0,0.40410345029935835,-0.2,1.4625492017293595,1.0584457514300012
T2_select_target,gpt2:qwen3b,_z_neg_direction_dispersion_gap,6,0,0.5222357505196858,0.08571428571428572,1.4625492017293595,0.9403134512096737
T2_select_target,gpt2:qwen3b,_z_neg_source_native_nll,6,0,0.580744817507551,0.08571428571428572,1.4625492017293595,0.8818043842218085
T2_select_target,gpt2:qwen3b,combined_hidden_direction_score,6,0,0.5222357505196858,-0.02857142857142857,1.4625492017293595,0.9403134512096737
T2_select_target,gpt2:qwen3b,combined_hidden_js_score,6,0,0.5222357505196858,-0.3142857142857143,1.4625492017293595,0.9403134512096737
T2_select_target,gpt2:qwen3b,combined_hidden_source_quality_score,6,0,0.580744817507551,-0.37142857142857144,1.4625492017293595,0.8818043842218085
T2_select_target,gpt2:qwen3b,combined_param_direction_score,6,0,0.5222357505196858,0.2571428571428571,1.4625492017293595,0.9403134512096737
T2_select_target,gpt2:qwen3b,combined_ratio_direction_score,6,0,0.40410345029935835,0.37142857142857144,1.4625492017293595,1.0584457514300012
T2_select_target,gpt2:qwen3b,pair_geometry_compatibility_score,6,1,0.0,0.3142857142857143,1.4625492017293595,1.4625492017293595
T2_select_target,gpt2:qwen7b,rel_direction_l1_to_target,6,1,0.0,0.2,0.9289206311451963,0.9289206311451963
T2_select_target,gpt2:qwen7b,rel_direction_rmse_to_target,6,1,0.0,0.2,0.9289206311451963,0.9289206311451963
T2_select_target,gpt2:qwen7b,rel_magnitude_l1_to_target,6,0,0.013444422041911985,0.5428571428571428,0.9289206311451963,0.9154762091032843
T2_select_target,gpt2:qwen7b,rel_magnitude_rmse_to_target,6,0,0.1515641171734322,0.6,0.9289206311451963,0.7773565139717641
T2_select_target,gpt2:qwen7b,memory_target_norm_gap,6,0,0.0065557451205716655,-0.3142857142857143,0.9289206311451963,0.9223648860246246
T2_select_target,gpt2:qwen7b,anchor_direction_js_to_target,6,1,0.0,0.42857142857142855,0.9289206311451963,0.9289206311451963
T2_select_target,gpt2:qwen7b,target_direction_subspace_residual,6,0,0.0065557451205716655,-0.2571428571428571,0.9289206311451963,0.9223648860246246
T2_select_target,gpt2:qwen7b,capacity_normalized_direction_rmse,6,1,0.0,0.2,0.9289206311451963,0.9289206311451963
T2_select_target,gpt2:qwen7b,diagnostic_rel_direction_z2_mean,6,1,0.0,0.2,0.9289206311451963,0.9289206311451963
T2_select_target,gpt2:qwen7b,diagnostic_rel_magnitude_z_abs_mean,6,0,0.7340899252781324,-0.4857142857142857,0.9289206311451963,0.19483070586706389
T2_select_target,gpt2:qwen7b,diagnostic_target_direction_std_mean,6,0,0.1515641171734322,-0.4857142857142857,0.9289206311451963,0.7773565139717641
T2_select_target,gpt2:qwen7b,diagnostic_target_direction_std_min,6,0,0.5309833975757754,-0.8857142857142857,0.9289206311451963,0.39793723356942096
T2_select_target,gpt2:qwen7b,diagnostic_target_magnitude_std_mean,6,0,0.7340899252781324,-0.4857142857142857,0.9289206311451963,0.19483070586706389
T2_select_target,gpt2:qwen7b,diagnostic_target_magnitude_std_min,6,0,0.7340899252781324,-0.4857142857142857,0.9289206311451963,0.19483070586706389
T2_select_target,gpt2:qwen7b,target_text_nll,6,0,0.013444422041911985,-0.08571428571428572,0.9289206311451963,0.9154762091032843
T2_select_target,gpt2:qwen7b,source_native_nll,6,0,0.5309833975757754,-0.8285714285714286,0.9289206311451963,0.39793723356942096
T2_select_target,gpt2:qwen7b,target_minus_source_nll,6,0,0.013444422041911985,-0.08571428571428572,0.9289206311451963,0.9154762091032843
T2_select_target,gpt2:qwen7b,target_hidden_size,6,1,0.0,0.7944613465542745,0.9289206311451963,0.9289206311451963
T2_select_target,gpt2:qwen7b,abs_log_hidden_ratio,6,1,0.0,0.7944613465542745,0.9289206311451963,0.9289206311451963
T2_select_target,gpt2:qwen7b,prior_same_model_family,6,0,0.5309833975757754,-0.8280786712108251,0.9289206311451963,0.39793723356942096
T2_select_target,gpt2:qwen7b,prior_cross_model_family,6,0,0.1515641171734322,0.8280786712108251,0.9289206311451963,0.7773565139717641
T2_select_target,gpt2:qwen7b,prior_target_param_b,6,1,0.0,0.6087595874350709,0.9289206311451963,0.9289206311451963
T2_select_target,gpt2:qwen7b,prior_log_param_ratio_target_over_source,6,1,0.0,0.6087595874350709,0.9289206311451963,0.9289206311451963
T2_select_target,gpt2:qwen7b,prior_param_tier_jump,6,0,0.1515641171734322,-0.6210590034081188,0.9289206311451963,0.7773565139717641
T2_select_target,gpt2:qwen7b,pair_normalized_direction_rmse,6,1,0.0,0.2,0.9289206311451963,0.9289206311451963
T2_select_target,gpt2:qwen7b,target_readability_z2_mean,6,1,0.0,0.2,0.9289206311451963,0.9289206311451963
T2_select_target,gpt2:qwen7b,target_readability_tail_frac,6,1,0.0,0.2,0.9289206311451963,0.9289206311451963
T2_select_target,gpt2:qwen7b,target_readability_cross_entropy,6,1,0.0,0.42857142857142855,0.9289206311451963,0.9289206311451963
T2_select_target,gpt2:qwen7b,source_to_target_anchor_kl,6,1,0.0,0.42857142857142855,0.9289206311451963,0.9289206311451963
T2_select_target,gpt2:qwen7b,target_readability_energy,6,0,0.1515641171734322,0.5428571428571428,0.9289206311451963,0.7773565139717641
T2_select_target,gpt2:qwen7b,source_target_top_anchor_overlap,6,0,0.013444422041911985,0.6,0.9289206311451963,0.9154762091032843
T2_select_target,gpt2:qwen7b,source_target_direction_entropy_gap,6,1,0.0,0.42857142857142855,0.9289206311451963,0.9289206311451963
T2_select_target,gpt2:qwen7b,source_target_direction_dispersion_gap,6,1,0.0,0.3142857142857143,0.9289206311451963,0.9289206311451963
T2_select_target,gpt2:qwen7b,diagnostic_source_direction_entropy_mean,6,0,0.1515641171734322,0.802377419802878,0.9289206311451963,0.7773565139717641
T2_select_target,gpt2:qwen7b,diagnostic_target_direction_entropy,6,0,0.013444422041911985,0.3142857142857143,0.9289206311451963,0.9154762091032843
T2_select_target,gpt2:qwen7b,diagnostic_source_direction_std_mean,6,0,0.5309833975757754,-0.802377419802878,0.9289206311451963,0.39793723356942096
T2_select_target,gpt2:qwen7b,_z_target_hidden_size,6,1,0.0,0.7944613465542745,0.9289206311451963,0.9289206311451963
T2_select_target,gpt2:qwen7b,_z_prior_target_param_b,6,1,0.0,0.6087595874350709,0.9289206311451963,0.9289206311451963
T2_select_target,gpt2:qwen7b,_z_log_param_ratio,6,1,0.0,0.6087595874350709,0.9289206311451963,0.9289206311451963
T2_select_target,gpt2:qwen7b,_z_neg_direction_rmse,6,1,0.0,0.2,0.9289206311451963,0.9289206311451963
T2_select_target,gpt2:qwen7b,_z_neg_anchor_js,6,1,0.0,0.42857142857142855,0.9289206311451963,0.9289206311451963
T2_select_target,gpt2:qwen7b,_z_neg_magnitude_rmse,6,0,0.1515641171734322,0.6,0.9289206311451963,0.7773565139717641
T2_select_target,gpt2:qwen7b,_z_neg_subspace_residual,6,0,0.0065557451205716655,-0.2571428571428571,0.9289206311451963,0.9223648860246246
T2_select_target,gpt2:qwen7b,_z_neg_pair_norm_direction_rmse,6,1,0.0,0.2,0.9289206311451963,0.9289206311451963
T2_select_target,gpt2:qwen7b,_z_neg_target_readability_z2,6,1,0.0,0.2,0.9289206311451963,0.9289206311451963
T2_select_target,gpt2:qwen7b,_z_neg_target_readability_tail,6,1,0.0,0.2,0.9289206311451963,0.9289206311451963
T2_select_target,gpt2:qwen7b,_z_neg_target_readability_ce,6,1,0.0,0.42857142857142855,0.9289206311451963,0.9289206311451963
T2_select_target,gpt2:qwen7b,_z_neg_source_to_target_kl,6,1,0.0,0.42857142857142855,0.9289206311451963,0.9289206311451963
T2_select_target,gpt2:qwen7b,_z_target_readability_energy,6,0,0.1515641171734322,0.5428571428571428,0.9289206311451963,0.7773565139717641
T2_select_target,gpt2:qwen7b,_z_top_anchor_overlap,6,0,0.013444422041911985,0.6,0.9289206311451963,0.9154762091032843
T2_select_target,gpt2:qwen7b,_z_neg_direction_entropy_gap,6,1,0.0,0.42857142857142855,0.9289206311451963,0.9289206311451963
T2_select_target,gpt2:qwen7b,_z_neg_direction_dispersion_gap,6,1,0.0,0.3142857142857143,0.9289206311451963,0.9289206311451963
T2_select_target,gpt2:qwen7b,_z_neg_source_native_nll,6,0,0.5309833975757754,-0.8285714285714286,0.9289206311451963,0.39793723356942096
T2_select_target,gpt2:qwen7b,combined_hidden_direction_score,6,1,0.0,0.5428571428571428,0.9289206311451963,0.9289206311451963
T2_select_target,gpt2:qwen7b,combined_hidden_js_score,6,1,0.0,0.7714285714285715,0.9289206311451963,0.9289206311451963
T2_select_target,gpt2:qwen7b,combined_hidden_source_quality_score,6,0,0.013444422041911985,0.6571428571428571,0.9289206311451963,0.9154762091032843
T2_select_target,gpt2:qwen7b,combined_param_direction_score,6,1,0.0,0.3142857142857143,0.9289206311451963,0.9289206311451963
T2_select_target,gpt2:qwen7b,combined_ratio_direction_score,6,1,0.0,0.3142857142857143,0.9289206311451963,0.9289206311451963
T2_select_target,gpt2:qwen7b,pair_geometry_compatibility_score,6,0,0.013444422041911985,0.3142857142857143,0.9289206311451963,0.9154762091032843
T2_select_target,llama1b:llama1b,rel_direction_l1_to_target,6,0,0.06044647217554133,0.14285714285714285,0.9954241725429155,0.9349777003673742
T2_select_target,llama1b:llama1b,rel_direction_rmse_to_target,6,0,0.06044647217554133,0.14285714285714285,0.9954241725429155,0.9349777003673742
T2_select_target,llama1b:llama1b,rel_magnitude_l1_to_target,6,0,0.02898392043165976,-0.6,0.9954241725429155,0.9664402521112557
T2_select_target,llama1b:llama1b,rel_magnitude_rmse_to_target,6,0,0.02898392043165976,-0.6571428571428571,0.9954241725429155,0.9664402521112557
T2_select_target,llama1b:llama1b,memory_target_norm_gap,6,0,0.9874423375993661,-0.5428571428571428,0.9954241725429155,0.007981834943549421
T2_select_target,llama1b:llama1b,anchor_direction_js_to_target,6,1,0.0,0.3142857142857143,0.9954241725429155,0.9954241725429155
T2_select_target,llama1b:llama1b,target_direction_subspace_residual,6,0,0.003725829695374494,-0.14285714285714285,0.9954241725429155,0.991698342847541
T2_select_target,llama1b:llama1b,capacity_normalized_direction_rmse,6,0,0.06044647217554133,0.14285714285714285,0.9954241725429155,0.9349777003673742
T2_select_target,llama1b:llama1b,diagnostic_rel_direction_z2_mean,6,0,0.06044647217554133,0.02857142857142857,0.9954241725429155,0.9349777003673742
T2_select_target,llama1b:llama1b,diagnostic_rel_magnitude_z_abs_mean,6,1,0.0,0.7714285714285715,0.9954241725429155,0.9954241725429155
T2_select_target,llama1b:llama1b,diagnostic_target_direction_std_mean,6,0,0.003725829695374494,-0.37142857142857144,0.9954241725429155,0.991698342847541
T2_select_target,llama1b:llama1b,diagnostic_target_direction_std_min,6,0,0.06044647217554133,-0.7714285714285715,0.9954241725429155,0.9349777003673742
T2_select_target,llama1b:llama1b,diagnostic_target_magnitude_std_mean,6,1,0.0,0.7714285714285715,0.9954241725429155,0.9954241725429155
T2_select_target,llama1b:llama1b,diagnostic_target_magnitude_std_min,6,1,0.0,0.7714285714285715,0.9954241725429155,0.9954241725429155
T2_select_target,llama1b:llama1b,target_text_nll,6,0,0.02898392043165976,-0.2,0.9954241725429155,0.9664402521112557
T2_select_target,llama1b:llama1b,target_minus_source_nll,6,0,0.02898392043165976,-0.2,0.9954241725429155,0.9664402521112557
T2_select_target,llama1b:llama1b,target_hidden_size,6,1,0.0,0.7247137945655605,0.9954241725429155,0.9954241725429155
T2_select_target,llama1b:llama1b,abs_log_hidden_ratio,6,0,0.9874423375993661,-0.7826908981308054,0.9954241725429155,0.007981834943549421
T2_select_target,llama1b:llama1b,prior_same_model_family,6,0,0.003725829695374494,0.8280786712108251,0.9954241725429155,0.991698342847541
T2_select_target,llama1b:llama1b,prior_cross_model_family,6,0,0.02898392043165976,-0.8280786712108251,0.9954241725429155,0.9664402521112557
T2_select_target,llama1b:llama1b,prior_target_param_b,6,1,0.0,0.6473388749701496,0.9954241725429155,0.9954241725429155
T2_select_target,llama1b:llama1b,prior_log_param_ratio_target_over_source,6,1,0.0,0.6473388749701496,0.9954241725429155,0.9954241725429155
T2_select_target,llama1b:llama1b,prior_param_tier_jump,6,0,0.003725829695374494,0.3927922024247863,0.9954241725429155,0.991698342847541
T2_select_target,llama1b:llama1b,pair_normalized_direction_rmse,6,0,0.06044647217554133,0.14285714285714285,0.9954241725429155,0.9349777003673742
T2_select_target,llama1b:llama1b,target_readability_z2_mean,6,0,0.06044647217554133,0.02857142857142857,0.9954241725429155,0.9349777003673742
T2_select_target,llama1b:llama1b,target_readability_tail_frac,6,0,0.06044647217554133,0.02857142857142857,0.9954241725429155,0.9349777003673742
T2_select_target,llama1b:llama1b,target_readability_cross_entropy,6,0,0.02898392043165976,0.2571428571428571,0.9954241725429155,0.9664402521112557
T2_select_target,llama1b:llama1b,source_to_target_anchor_kl,6,1,0.0,0.3142857142857143,0.9954241725429155,0.9954241725429155
T2_select_target,llama1b:llama1b,target_readability_energy,6,0,0.003725829695374494,0.6,0.9954241725429155,0.991698342847541
T2_select_target,llama1b:llama1b,source_target_top_anchor_overlap,6,0,0.6566750300660287,-0.37142857142857144,0.9954241725429155,0.33874914247688676
T2_select_target,llama1b:llama1b,source_target_direction_entropy_gap,6,0,0.9874423375993661,-0.42857142857142855,0.9954241725429155,0.007981834943549421
T2_select_target,llama1b:llama1b,source_target_direction_dispersion_gap,6,1,0.0,0.37142857142857144,0.9954241725429155,0.9954241725429155
T2_select_target,llama1b:llama1b,diagnostic_source_direction_entropy_mean,6,0,0.003725829695374494,0.5161002296110788,0.9954241725429155,0.991698342847541
T2_select_target,llama1b:llama1b,diagnostic_target_direction_entropy,6,1,0.0,0.37142857142857144,0.9954241725429155,0.9954241725429155
T2_select_target,llama1b:llama1b,diagnostic_source_direction_std_mean,6,0,0.6566750300660287,-0.8804062740424285,0.9954241725429155,0.33874914247688676
T2_select_target,llama1b:llama1b,_z_target_hidden_size,6,1,0.0,0.7247137945655605,0.9954241725429155,0.9954241725429155
T2_select_target,llama1b:llama1b,_z_prior_target_param_b,6,1,0.0,0.6473388749701496,0.9954241725429155,0.9954241725429155
T2_select_target,llama1b:llama1b,_z_log_param_ratio,6,1,0.0,0.6473388749701496,0.9954241725429155,0.9954241725429155
T2_select_target,llama1b:llama1b,_z_neg_direction_rmse,6,0,0.06044647217554133,0.14285714285714285,0.9954241725429155,0.9349777003673742
T2_select_target,llama1b:llama1b,_z_neg_anchor_js,6,1,0.0,0.3142857142857143,0.9954241725429155,0.9954241725429155
T2_select_target,llama1b:llama1b,_z_neg_magnitude_rmse,6,0,0.02898392043165976,-0.6571428571428571,0.9954241725429155,0.9664402521112557
T2_select_target,llama1b:llama1b,_z_neg_subspace_residual,6,0,0.003725829695374494,-0.14285714285714285,0.9954241725429155,0.991698342847541
T2_select_target,llama1b:llama1b,_z_neg_pair_norm_direction_rmse,6,0,0.06044647217554133,0.14285714285714285,0.9954241725429155,0.9349777003673742
T2_select_target,llama1b:llama1b,_z_neg_target_readability_z2,6,0,0.06044647217554133,0.02857142857142857,0.9954241725429155,0.9349777003673742
T2_select_target,llama1b:llama1b,_z_neg_target_readability_tail,6,0,0.06044647217554133,0.02857142857142857,0.9954241725429155,0.9349777003673742
T2_select_target,llama1b:llama1b,_z_neg_target_readability_ce,6,0,0.02898392043165976,0.2571428571428571,0.9954241725429155,0.9664402521112557
T2_select_target,llama1b:llama1b,_z_neg_source_to_target_kl,6,1,0.0,0.3142857142857143,0.9954241725429155,0.9954241725429155
T2_select_target,llama1b:llama1b,_z_target_readability_energy,6,0,0.003725829695374494,0.6,0.9954241725429155,0.991698342847541
T2_select_target,llama1b:llama1b,_z_top_anchor_overlap,6,0,0.6566750300660287,-0.37142857142857144,0.9954241725429155,0.33874914247688676
T2_select_target,llama1b:llama1b,_z_neg_direction_entropy_gap,6,0,0.9874423375993661,-0.42857142857142855,0.9954241725429155,0.007981834943549421
T2_select_target,llama1b:llama1b,_z_neg_direction_dispersion_gap,6,1,0.0,0.37142857142857144,0.9954241725429155,0.9954241725429155
T2_select_target,llama1b:llama1b,combined_hidden_direction_score,6,1,0.0,0.5428571428571428,0.9954241725429155,0.9954241725429155
T2_select_target,llama1b:llama1b,combined_hidden_js_score,6,1,0.0,0.5428571428571428,0.9954241725429155,0.9954241725429155
T2_select_target,llama1b:llama1b,combined_hidden_source_quality_score,6,1,0.0,0.7247137945655605,0.9954241725429155,0.9954241725429155
T2_select_target,llama1b:llama1b,combined_param_direction_score,6,1,0.0,0.3142857142857143,0.9954241725429155,0.9954241725429155
T2_select_target,llama1b:llama1b,combined_ratio_direction_score,6,1,0.0,0.3142857142857143,0.9954241725429155,0.9954241725429155
T2_select_target,llama1b:llama1b,pair_geometry_compatibility_score,6,1,0.0,0.37142857142857144,0.9954241725429155,0.9954241725429155
T2_select_target,llama1b:llama3b,rel_direction_l1_to_target,6,0,0.09936020923172573,0.3142857142857143,0.9917553340490318,0.8923951248173061
T2_select_target,llama1b:llama3b,rel_direction_rmse_to_target,6,0,0.09936020923172573,0.3142857142857143,0.9917553340490318,0.8923951248173061
T2_select_target,llama1b:llama3b,rel_magnitude_l1_to_target,6,0,0.03390853188047105,-0.2571428571428571,0.9917553340490318,0.9578468021685608
T2_select_target,llama1b:llama3b,rel_magnitude_rmse_to_target,6,0,0.03390853188047105,-0.42857142857142855,0.9917553340490318,0.9578468021685608
T2_select_target,llama1b:llama3b,memory_target_norm_gap,6,0,0.8399805824026427,-0.8857142857142857,0.9917553340490318,0.15177475164638912
T2_select_target,llama1b:llama3b,anchor_direction_js_to_target,6,0,0.09936020923172573,0.2571428571428571,0.9917553340490318,0.8923951248173061
T2_select_target,llama1b:llama3b,target_direction_subspace_residual,6,0,0.041128435360405446,-0.3142857142857143,0.9917553340490318,0.9506268986886264
T2_select_target,llama1b:llama3b,capacity_normalized_direction_rmse,6,1,0.0,0.4857142857142857,0.9917553340490318,0.9917553340490318
T2_select_target,llama1b:llama3b,diagnostic_rel_direction_z2_mean,6,0,0.09936020923172573,-0.2571428571428571,0.9917553340490318,0.8923951248173061
T2_select_target,llama1b:llama3b,diagnostic_rel_magnitude_z_abs_mean,6,1,0.0,0.8285714285714286,0.9917553340490318,0.9917553340490318
T2_select_target,llama1b:llama3b,diagnostic_target_direction_std_mean,6,0,0.041128435360405446,-0.6,0.9917553340490318,0.9506268986886264
T2_select_target,llama1b:llama3b,diagnostic_target_direction_std_min,6,0,0.09936020923172573,-0.7714285714285715,0.9917553340490318,0.8923951248173061
T2_select_target,llama1b:llama3b,diagnostic_target_magnitude_std_mean,6,1,0.0,0.8285714285714286,0.9917553340490318,0.9917553340490318
T2_select_target,llama1b:llama3b,diagnostic_target_magnitude_std_min,6,1,0.0,0.8285714285714286,0.9917553340490318,0.9917553340490318
T2_select_target,llama1b:llama3b,target_text_nll,6,0,0.03390853188047105,0.08571428571428572,0.9917553340490318,0.9578468021685608
T2_select_target,llama1b:llama3b,target_minus_source_nll,6,0,0.03390853188047105,0.08571428571428572,0.9917553340490318,0.9578468021685608
T2_select_target,llama1b:llama3b,target_hidden_size,6,1,0.0,0.7944613465542745,0.9917553340490318,0.9917553340490318
T2_select_target,llama1b:llama3b,abs_log_hidden_ratio,6,0,0.09936020923172573,0.5002164033860247,0.9917553340490318,0.8923951248173061
T2_select_target,llama1b:llama3b,prior_same_model_family,6,0,0.041128435360405446,0.6210590034081188,0.9917553340490318,0.9506268986886264
T2_select_target,llama1b:llama3b,prior_cross_model_family,6,0,0.03390853188047105,-0.6210590034081188,0.9917553340490318,0.9578468021685608
T2_select_target,llama1b:llama3b,prior_target_param_b,6,1,0.0,0.550782483869826,0.9917553340490318,0.9917553340490318
T2_select_target,llama1b:llama3b,prior_log_param_ratio_target_over_source,6,1,0.0,0.550782483869826,0.9917553340490318,0.9917553340490318
T2_select_target,llama1b:llama3b,prior_param_tier_jump,6,1,0.0,0.8451542547285166,0.9917553340490318,0.9917553340490318
T2_select_target,llama1b:llama3b,pair_normalized_direction_rmse,6,0,0.09936020923172573,0.3142857142857143,0.9917553340490318,0.8923951248173061
T2_select_target,llama1b:llama3b,target_readability_z2_mean,6,0,0.09936020923172573,-0.2571428571428571,0.9917553340490318,0.8923951248173061
T2_select_target,llama1b:llama3b,target_readability_tail_frac,6,0,0.09936020923172573,-0.02857142857142857,0.9917553340490318,0.8923951248173061
T2_select_target,llama1b:llama3b,target_readability_cross_entropy,6,0,0.03390853188047105,0.37142857142857144,0.9917553340490318,0.9578468021685608
T2_select_target,llama1b:llama3b,source_to_target_anchor_kl,6,0,0.09936020923172573,0.2571428571428571,0.9917553340490318,0.8923951248173061
T2_select_target,llama1b:llama3b,target_readability_energy,6,0,0.041128435360405446,-0.4857142857142857,0.9917553340490318,0.9506268986886264
T2_select_target,llama1b:llama3b,source_target_top_anchor_overlap,6,0,0.041128435360405446,-0.4857142857142857,0.9917553340490318,0.9506268986886264
T2_select_target,llama1b:llama3b,source_target_direction_entropy_gap,6,0,0.09936020923172573,0.3142857142857143,0.9917553340490318,0.8923951248173061
T2_select_target,llama1b:llama3b,source_target_direction_dispersion_gap,6,1,0.0,0.6,0.9917553340490318,0.9917553340490318
T2_select_target,llama1b:llama3b,diagnostic_source_direction_entropy_mean,6,0,0.041128435360405446,-0.5161002296110788,0.9917553340490318,0.9506268986886264
T2_select_target,llama1b:llama3b,diagnostic_target_direction_entropy,6,1,0.0,0.6,0.9917553340490318,0.9917553340490318
T2_select_target,llama1b:llama3b,diagnostic_source_direction_std_mean,6,0,0.041128435360405446,0.7589709258986453,0.9917553340490318,0.9506268986886264
T2_select_target,llama1b:llama3b,_z_target_hidden_size,6,1,0.0,0.7944613465542745,0.9917553340490318,0.9917553340490318
T2_select_target,llama1b:llama3b,_z_prior_target_param_b,6,1,0.0,0.550782483869826,0.9917553340490318,0.9917553340490318
T2_select_target,llama1b:llama3b,_z_log_param_ratio,6,1,0.0,0.550782483869826,0.9917553340490318,0.9917553340490318
T2_select_target,llama1b:llama3b,_z_neg_direction_rmse,6,0,0.09936020923172573,0.3142857142857143,0.9917553340490318,0.8923951248173061
T2_select_target,llama1b:llama3b,_z_neg_anchor_js,6,0,0.09936020923172573,0.2571428571428571,0.9917553340490318,0.8923951248173061
T2_select_target,llama1b:llama3b,_z_neg_magnitude_rmse,6,0,0.03390853188047105,-0.42857142857142855,0.9917553340490318,0.9578468021685608
T2_select_target,llama1b:llama3b,_z_neg_subspace_residual,6,0,0.041128435360405446,-0.3142857142857143,0.9917553340490318,0.9506268986886264
T2_select_target,llama1b:llama3b,_z_neg_pair_norm_direction_rmse,6,0,0.09936020923172573,0.3142857142857143,0.9917553340490318,0.8923951248173061
T2_select_target,llama1b:llama3b,_z_neg_target_readability_z2,6,0,0.09936020923172573,-0.2571428571428571,0.9917553340490318,0.8923951248173061
T2_select_target,llama1b:llama3b,_z_neg_target_readability_tail,6,0,0.09936020923172573,-0.02857142857142857,0.9917553340490318,0.8923951248173061
T2_select_target,llama1b:llama3b,_z_neg_target_readability_ce,6,0,0.03390853188047105,0.37142857142857144,0.9917553340490318,0.9578468021685608
T2_select_target,llama1b:llama3b,_z_neg_source_to_target_kl,6,0,0.09936020923172573,0.2571428571428571,0.9917553340490318,0.8923951248173061
T2_select_target,llama1b:llama3b,_z_target_readability_energy,6,0,0.041128435360405446,-0.4857142857142857,0.9917553340490318,0.9506268986886264
T2_select_target,llama1b:llama3b,_z_top_anchor_overlap,6,0,0.041128435360405446,-0.4857142857142857,0.9917553340490318,0.9506268986886264
T2_select_target,llama1b:llama3b,_z_neg_direction_entropy_gap,6,0,0.09936020923172573,0.3142857142857143,0.9917553340490318,0.8923951248173061
T2_select_target,llama1b:llama3b,_z_neg_direction_dispersion_gap,6,1,0.0,0.6,0.9917553340490318,0.9917553340490318
T2_select_target,llama1b:llama3b,combined_hidden_direction_score,6,1,0.0,0.6,0.9917553340490318,0.9917553340490318
T2_select_target,llama1b:llama3b,combined_hidden_js_score,6,0,0.03390853188047105,0.5428571428571428,0.9917553340490318,0.9578468021685608
T2_select_target,llama1b:llama3b,combined_hidden_source_quality_score,6,1,0.0,0.7944613465542745,0.9917553340490318,0.9917553340490318
T2_select_target,llama1b:llama3b,combined_param_direction_score,6,1,0.0,0.4857142857142857,0.9917553340490318,0.9917553340490318
T2_select_target,llama1b:llama3b,combined_ratio_direction_score,6,1,0.0,0.4857142857142857,0.9917553340490318,0.9917553340490318
T2_select_target,llama1b:llama3b,pair_geometry_compatibility_score,6,0,0.8399805824026427,-0.4857142857142857,0.9917553340490318,0.15177475164638912
T2_select_target,llama1b:llama8b,rel_direction_l1_to_target,6,0,0.12740348479978225,-0.4857142857142857,0.9856779762364306,0.8582744914366484
T2_select_target,llama1b:llama8b,rel_direction_rmse_to_target,6,0,0.12740348479978225,-0.4857142857142857,0.9856779762364306,0.8582744914366484
T2_select_target,llama1b:llama8b,rel_magnitude_l1_to_target,6,0,0.12740348479978225,-0.6571428571428571,0.9856779762364306,0.8582744914366484
T2_select_target,llama1b:llama8b,rel_magnitude_rmse_to_target,6,0,0.9094727946065364,-0.7142857142857143,0.9856779762364306,0.0762051816298942
T2_select_target,llama1b:llama8b,memory_target_norm_gap,6,0,0.9094727946065364,-0.14285714285714285,0.9856779762364306,0.0762051816298942
T2_select_target,llama1b:llama8b,anchor_direction_js_to_target,6,0,0.07466210987559452,-0.42857142857142855,0.9856779762364306,0.9110158663608361
T2_select_target,llama1b:llama8b,target_direction_subspace_residual,6,1,0.0,0.4857142857142857,0.9856779762364306,0.9856779762364306
T2_select_target,llama1b:llama8b,capacity_normalized_direction_rmse,6,0,0.12740348479978225,-0.4857142857142857,0.9856779762364306,0.8582744914366484
T2_select_target,llama1b:llama8b,diagnostic_rel_direction_z2_mean,6,0,0.12740348479978225,-0.4857142857142857,0.9856779762364306,0.8582744914366484
T2_select_target,llama1b:llama8b,diagnostic_rel_magnitude_z_abs_mean,6,0,0.12740348479978225,0.42857142857142855,0.9856779762364306,0.8582744914366484
T2_select_target,llama1b:llama8b,diagnostic_target_direction_std_mean,6,0,0.07019528318572565,0.37142857142857144,0.9856779762364306,0.915482693050705
T2_select_target,llama1b:llama8b,diagnostic_target_direction_std_min,6,0,0.12740348479978225,-0.7714285714285715,0.9856779762364306,0.8582744914366484
T2_select_target,llama1b:llama8b,diagnostic_target_magnitude_std_mean,6,0,0.12740348479978225,0.42857142857142855,0.9856779762364306,0.8582744914366484
T2_select_target,llama1b:llama8b,diagnostic_target_magnitude_std_min,6,0,0.12740348479978225,0.42857142857142855,0.9856779762364306,0.8582744914366484
T2_select_target,llama1b:llama8b,target_text_nll,6,0,0.07466210987559452,-0.37142857142857144,0.9856779762364306,0.9110158663608361
T2_select_target,llama1b:llama8b,target_minus_source_nll,6,0,0.07466210987559452,-0.37142857142857144,0.9856779762364306,0.9110158663608361
T2_select_target,llama1b:llama8b,target_hidden_size,6,0,0.07466210987559452,0.46381682852195877,0.9856779762364306,0.9110158663608361
T2_select_target,llama1b:llama8b,abs_log_hidden_ratio,6,0,0.07466210987559452,0.46381682852195877,0.9856779762364306,0.9110158663608361
T2_select_target,llama1b:llama8b,prior_same_model_family,6,0,0.07019528318572565,0.8280786712108251,0.9856779762364306,0.915482693050705
T2_select_target,llama1b:llama8b,prior_cross_model_family,6,0,0.07466210987559452,-0.8280786712108251,0.9856779762364306,0.9110158663608361
T2_select_target,llama1b:llama8b,prior_target_param_b,6,0,0.07466210987559452,0.0,0.9856779762364306,0.9110158663608361
T2_select_target,llama1b:llama8b,prior_log_param_ratio_target_over_source,6,0,0.07466210987559452,0.0,0.9856779762364306,0.9110158663608361
T2_select_target,llama1b:llama8b,prior_param_tier_jump,6,0,0.07019528318572565,0.0,0.9856779762364306,0.915482693050705
T2_select_target,llama1b:llama8b,pair_normalized_direction_rmse,6,0,0.12740348479978225,-0.4857142857142857,0.9856779762364306,0.8582744914366484
T2_select_target,llama1b:llama8b,target_readability_z2_mean,6,0,0.12740348479978225,-0.4857142857142857,0.9856779762364306,0.8582744914366484
T2_select_target,llama1b:llama8b,target_readability_tail_frac,6,0,0.12740348479978225,-0.4857142857142857,0.9856779762364306,0.8582744914366484
T2_select_target,llama1b:llama8b,target_readability_cross_entropy,6,0,0.07466210987559452,-0.42857142857142855,0.9856779762364306,0.9110158663608361
T2_select_target,llama1b:llama8b,source_to_target_anchor_kl,6,0,0.07466210987559452,-0.42857142857142855,0.9856779762364306,0.9110158663608361
T2_select_target,llama1b:llama8b,target_readability_energy,6,0,0.12740348479978225,-0.4857142857142857,0.9856779762364306,0.8582744914366484
T2_select_target,llama1b:llama8b,source_target_top_anchor_overlap,6,0,0.07466210987559452,0.14285714285714285,0.9856779762364306,0.9110158663608361
T2_select_target,llama1b:llama8b,source_target_direction_entropy_gap,6,0,0.07466210987559452,-0.42857142857142855,0.9856779762364306,0.9110158663608361
T2_select_target,llama1b:llama8b,source_target_direction_dispersion_gap,6,0,0.07466210987559452,-0.37142857142857144,0.9856779762364306,0.9110158663608361
T2_select_target,llama1b:llama8b,diagnostic_source_direction_entropy_mean,6,0,0.07466210987559452,0.7406560798180413,0.9856779762364306,0.9110158663608361
T2_select_target,llama1b:llama8b,diagnostic_target_direction_entropy,6,0,0.07466210987559452,-0.42857142857142855,0.9856779762364306,0.9110158663608361
T2_select_target,llama1b:llama8b,diagnostic_source_direction_std_mean,6,0,0.07466210987559452,0.7406560798180413,0.9856779762364306,0.9110158663608361
T2_select_target,llama1b:llama8b,_z_target_hidden_size,6,0,0.07466210987559452,0.46381682852195877,0.9856779762364306,0.9110158663608361
T2_select_target,llama1b:llama8b,_z_prior_target_param_b,6,0,0.07466210987559452,0.0,0.9856779762364306,0.9110158663608361
T2_select_target,llama1b:llama8b,_z_log_param_ratio,6,0,0.07466210987559452,0.0,0.9856779762364306,0.9110158663608361
T2_select_target,llama1b:llama8b,_z_neg_direction_rmse,6,0,0.12740348479978225,-0.4857142857142857,0.9856779762364306,0.8582744914366484
T2_select_target,llama1b:llama8b,_z_neg_anchor_js,6,0,0.07466210987559452,-0.42857142857142855,0.9856779762364306,0.9110158663608361
T2_select_target,llama1b:llama8b,_z_neg_magnitude_rmse,6,0,0.9094727946065364,-0.7142857142857143,0.9856779762364306,0.0762051816298942
T2_select_target,llama1b:llama8b,_z_neg_subspace_residual,6,1,0.0,0.4857142857142857,0.9856779762364306,0.9856779762364306
T2_select_target,llama1b:llama8b,_z_neg_pair_norm_direction_rmse,6,0,0.12740348479978225,-0.4857142857142857,0.9856779762364306,0.8582744914366484
T2_select_target,llama1b:llama8b,_z_neg_target_readability_z2,6,0,0.12740348479978225,-0.4857142857142857,0.9856779762364306,0.8582744914366484
T2_select_target,llama1b:llama8b,_z_neg_target_readability_tail,6,0,0.12740348479978225,-0.4857142857142857,0.9856779762364306,0.8582744914366484
T2_select_target,llama1b:llama8b,_z_neg_target_readability_ce,6,0,0.07466210987559452,-0.42857142857142855,0.9856779762364306,0.9110158663608361
T2_select_target,llama1b:llama8b,_z_neg_source_to_target_kl,6,0,0.07466210987559452,-0.42857142857142855,0.9856779762364306,0.9110158663608361
T2_select_target,llama1b:llama8b,_z_target_readability_energy,6,0,0.12740348479978225,-0.4857142857142857,0.9856779762364306,0.8582744914366484
T2_select_target,llama1b:llama8b,_z_top_anchor_overlap,6,0,0.07466210987559452,0.14285714285714285,0.9856779762364306,0.9110158663608361
T2_select_target,llama1b:llama8b,_z_neg_direction_entropy_gap,6,0,0.07466210987559452,-0.42857142857142855,0.9856779762364306,0.9110158663608361
T2_select_target,llama1b:llama8b,_z_neg_direction_dispersion_gap,6,0,0.07466210987559452,-0.37142857142857144,0.9856779762364306,0.9110158663608361
T2_select_target,llama1b:llama8b,combined_hidden_direction_score,6,0,0.07466210987559452,-0.08571428571428572,0.9856779762364306,0.9110158663608361
T2_select_target,llama1b:llama8b,combined_hidden_js_score,6,0,0.07466210987559452,-0.37142857142857144,0.9856779762364306,0.9110158663608361
T2_select_target,llama1b:llama8b,combined_hidden_source_quality_score,6,0,0.07466210987559452,0.46381682852195877,0.9856779762364306,0.9110158663608361
T2_select_target,llama1b:llama8b,combined_param_direction_score,6,0,0.12740348479978225,-0.42857142857142855,0.9856779762364306,0.8582744914366484
T2_select_target,llama1b:llama8b,combined_ratio_direction_score,6,0,0.12740348479978225,-0.42857142857142855,0.9856779762364306,0.8582744914366484
T2_select_target,llama1b:llama8b,pair_geometry_compatibility_score,6,0,0.12740348479978225,-0.4857142857142857,0.9856779762364306,0.8582744914366484
T2_select_target,llama1b:mistral7b,rel_direction_l1_to_target,6,0,0.2186371561307453,-0.3142857142857143,0.9248475985897476,0.7062104424590023
T2_select_target,llama1b:mistral7b,rel_direction_rmse_to_target,6,0,0.2186371561307453,-0.3142857142857143,0.9248475985897476,0.7062104424590023
T2_select_target,llama1b:mistral7b,rel_magnitude_l1_to_target,6,0,0.8141497213387173,-0.7142857142857143,0.9248475985897476,0.11069787725103032
T2_select_target,llama1b:mistral7b,rel_magnitude_rmse_to_target,6,0,0.8141497213387173,-0.4857142857142857,0.9248475985897476,0.11069787725103032
T2_select_target,llama1b:mistral7b,memory_target_norm_gap,6,0,0.6204299428493997,-0.2571428571428571,0.9248475985897476,0.30441765574034796
T2_select_target,llama1b:mistral7b,anchor_direction_js_to_target,6,0,0.0010467848737730767,-0.2,0.9248475985897476,0.9238008137159746
T2_select_target,llama1b:mistral7b,target_direction_subspace_residual,6,1,0.0,0.3142857142857143,0.9248475985897476,0.9248475985897476
T2_select_target,llama1b:mistral7b,capacity_normalized_direction_rmse,6,0,0.2186371561307453,-0.3142857142857143,0.9248475985897476,0.7062104424590023
T2_select_target,llama1b:mistral7b,diagnostic_rel_direction_z2_mean,6,0,0.6204299428493997,-0.8857142857142857,0.9248475985897476,0.30441765574034796
T2_select_target,llama1b:mistral7b,diagnostic_rel_magnitude_z_abs_mean,6,0,0.2186371561307453,0.3142857142857143,0.9248475985897476,0.7062104424590023
T2_select_target,llama1b:mistral7b,diagnostic_target_direction_std_mean,6,0,0.8141497213387173,-0.6,0.9248475985897476,0.11069787725103032
T2_select_target,llama1b:mistral7b,diagnostic_target_direction_std_min,6,0,0.8141497213387173,-0.6,0.9248475985897476,0.11069787725103032
T2_select_target,llama1b:mistral7b,diagnostic_target_magnitude_std_mean,6,0,0.2186371561307453,0.3142857142857143,0.9248475985897476,0.7062104424590023
T2_select_target,llama1b:mistral7b,diagnostic_target_magnitude_std_min,6,0,0.2186371561307453,0.3142857142857143,0.9248475985897476,0.7062104424590023
T2_select_target,llama1b:mistral7b,target_text_nll,6,0,0.2186371561307453,-0.37142857142857144,0.9248475985897476,0.7062104424590023
T2_select_target,llama1b:mistral7b,target_minus_source_nll,6,0,0.2186371561307453,-0.37142857142857144,0.9248475985897476,0.7062104424590023
T2_select_target,llama1b:mistral7b,target_hidden_size,6,0,0.0010467848737730767,0.6667366910003157,0.9248475985897476,0.9238008137159746
T2_select_target,llama1b:mistral7b,abs_log_hidden_ratio,6,0,0.0010467848737730767,0.6667366910003157,0.9248475985897476,0.9238008137159746
T2_select_target,llama1b:mistral7b,prior_target_param_b,6,0,0.0010467848737730767,0.3188740696088466,0.9248475985897476,0.9238008137159746
T2_select_target,llama1b:mistral7b,prior_log_param_ratio_target_over_source,6,0,0.0010467848737730767,0.3188740696088466,0.9248475985897476,0.9238008137159746
T2_select_target,llama1b:mistral7b,prior_param_tier_jump,6,0,0.15169477167439227,-0.20701966780270628,0.9248475985897476,0.7731528269153554
T2_select_target,llama1b:mistral7b,pair_normalized_direction_rmse,6,0,0.2186371561307453,-0.3142857142857143,0.9248475985897476,0.7062104424590023
T2_select_target,llama1b:mistral7b,target_readability_z2_mean,6,0,0.6204299428493997,-0.8857142857142857,0.9248475985897476,0.30441765574034796
T2_select_target,llama1b:mistral7b,target_readability_tail_frac,6,0,0.8141497213387173,-0.9276336570439175,0.9248475985897476,0.11069787725103032
T2_select_target,llama1b:mistral7b,target_readability_cross_entropy,6,0,0.0010467848737730767,-0.2,0.9248475985897476,0.9238008137159746
T2_select_target,llama1b:mistral7b,source_to_target_anchor_kl,6,0,0.0010467848737730767,-0.2,0.9248475985897476,0.9238008137159746
T2_select_target,llama1b:mistral7b,target_readability_energy,6,0,0.2186371561307453,0.2571428571428571,0.9248475985897476,0.7062104424590023
T2_select_target,llama1b:mistral7b,source_target_top_anchor_overlap,6,0,0.0010467848737730767,0.37142857142857144,0.9248475985897476,0.9238008137159746
T2_select_target,llama1b:mistral7b,source_target_direction_entropy_gap,6,0,0.0010467848737730767,-0.2,0.9248475985897476,0.9238008137159746
T2_select_target,llama1b:mistral7b,source_target_direction_dispersion_gap,6,0,0.0010467848737730767,0.37142857142857144,0.9248475985897476,0.9238008137159746
T2_select_target,llama1b:mistral7b,diagnostic_source_direction_entropy_mean,6,0,0.15169477167439227,0.8783100656536799,0.9248475985897476,0.7731528269153554
T2_select_target,llama1b:mistral7b,diagnostic_target_direction_entropy,6,0,0.0010467848737730767,-0.2,0.9248475985897476,0.9238008137159746
T2_select_target,llama1b:mistral7b,diagnostic_source_direction_std_mean,6,0,0.8141497213387173,-0.8783100656536799,0.9248475985897476,0.11069787725103032
T2_select_target,llama1b:mistral7b,_z_target_hidden_size,6,0,0.0010467848737730767,0.6667366910003157,0.9248475985897476,0.9238008137159746
T2_select_target,llama1b:mistral7b,_z_prior_target_param_b,6,0,0.0010467848737730767,0.3188740696088466,0.9248475985897476,0.9238008137159746
T2_select_target,llama1b:mistral7b,_z_log_param_ratio,6,0,0.0010467848737730767,0.3188740696088466,0.9248475985897476,0.9238008137159746
T2_select_target,llama1b:mistral7b,_z_neg_direction_rmse,6,0,0.2186371561307453,-0.3142857142857143,0.9248475985897476,0.7062104424590023
T2_select_target,llama1b:mistral7b,_z_neg_anchor_js,6,0,0.0010467848737730767,-0.2,0.9248475985897476,0.9238008137159746
T2_select_target,llama1b:mistral7b,_z_neg_magnitude_rmse,6,0,0.8141497213387173,-0.4857142857142857,0.9248475985897476,0.11069787725103032
T2_select_target,llama1b:mistral7b,_z_neg_subspace_residual,6,1,0.0,0.3142857142857143,0.9248475985897476,0.9248475985897476
T2_select_target,llama1b:mistral7b,_z_neg_pair_norm_direction_rmse,6,0,0.2186371561307453,-0.3142857142857143,0.9248475985897476,0.7062104424590023
T2_select_target,llama1b:mistral7b,_z_neg_target_readability_z2,6,0,0.6204299428493997,-0.8857142857142857,0.9248475985897476,0.30441765574034796
T2_select_target,llama1b:mistral7b,_z_neg_target_readability_tail,6,0,0.8141497213387173,-0.9276336570439175,0.9248475985897476,0.11069787725103032
T2_select_target,llama1b:mistral7b,_z_neg_target_readability_ce,6,0,0.0010467848737730767,-0.2,0.9248475985897476,0.9238008137159746
T2_select_target,llama1b:mistral7b,_z_neg_source_to_target_kl,6,0,0.0010467848737730767,-0.2,0.9248475985897476,0.9238008137159746
T2_select_target,llama1b:mistral7b,_z_target_readability_energy,6,0,0.2186371561307453,0.2571428571428571,0.9248475985897476,0.7062104424590023
T2_select_target,llama1b:mistral7b,_z_top_anchor_overlap,6,0,0.0010467848737730767,0.37142857142857144,0.9248475985897476,0.9238008137159746
T2_select_target,llama1b:mistral7b,_z_neg_direction_entropy_gap,6,0,0.0010467848737730767,-0.2,0.9248475985897476,0.9238008137159746
T2_select_target,llama1b:mistral7b,_z_neg_direction_dispersion_gap,6,0,0.0010467848737730767,0.37142857142857144,0.9248475985897476,0.9238008137159746
T2_select_target,llama1b:mistral7b,combined_hidden_direction_score,6,0,0.0010467848737730767,0.2,0.9248475985897476,0.9238008137159746
T2_select_target,llama1b:mistral7b,combined_hidden_js_score,6,0,0.0010467848737730767,0.6,0.9248475985897476,0.9238008137159746
T2_select_target,llama1b:mistral7b,combined_hidden_source_quality_score,6,0,0.0010467848737730767,0.6667366910003157,0.9248475985897476,0.9238008137159746
T2_select_target,llama1b:mistral7b,combined_param_direction_score,6,0,0.0010467848737730767,-0.08571428571428572,0.9248475985897476,0.9238008137159746
T2_select_target,llama1b:mistral7b,combined_ratio_direction_score,6,0,0.2186371561307453,-0.2,0.9248475985897476,0.7062104424590023
T2_select_target,llama1b:mistral7b,pair_geometry_compatibility_score,6,0,0.0010467848737730767,-0.2,0.9248475985897476,0.9238008137159746
T2_select_target,llama1b:qwen1.5b,rel_direction_l1_to_target,6,0,0.04816704023168439,0.14285714285714285,0.9711292845386394,0.9229622443069551
T2_select_target,llama1b:qwen1.5b,rel_direction_rmse_to_target,6,0,0.04816704023168439,0.14285714285714285,0.9711292845386394,0.9229622443069551
T2_select_target,llama1b:qwen1.5b,rel_magnitude_l1_to_target,6,0,0.030089899423241473,0.6571428571428571,0.9711292845386394,0.941039385115398
T2_select_target,llama1b:qwen1.5b,rel_magnitude_rmse_to_target,6,0,0.030089899423241473,0.2,0.9711292845386394,0.941039385115398
T2_select_target,llama1b:qwen1.5b,memory_target_norm_gap,6,0,0.011057167298168524,-0.3142857142857143,0.9711292845386394,0.9600721172404709
T2_select_target,llama1b:qwen1.5b,anchor_direction_js_to_target,6,0,0.04816704023168439,0.02857142857142857,0.9711292845386394,0.9229622443069551
T2_select_target,llama1b:qwen1.5b,target_direction_subspace_residual,6,0,0.011057167298168524,-0.14285714285714285,0.9711292845386394,0.9600721172404709
T2_select_target,llama1b:qwen1.5b,capacity_normalized_direction_rmse,6,0,0.04816704023168439,0.14285714285714285,0.9711292845386394,0.9229622443069551
T2_select_target,llama1b:qwen1.5b,diagnostic_rel_direction_z2_mean,6,1,0.0,0.3142857142857143,0.9711292845386394,0.9711292845386394
T2_select_target,llama1b:qwen1.5b,diagnostic_rel_magnitude_z_abs_mean,6,0,0.04816704023168439,-0.14285714285714285,0.9711292845386394,0.9229622443069551
T2_select_target,llama1b:qwen1.5b,diagnostic_target_direction_std_mean,6,0,0.07515886052027576,-0.5428571428571428,0.9711292845386394,0.8959704240183637
T2_select_target,llama1b:qwen1.5b,diagnostic_target_direction_std_min,6,0,0.6423237796253101,-0.6,0.9711292845386394,0.32880550491332944
T2_select_target,llama1b:qwen1.5b,diagnostic_target_magnitude_std_mean,6,0,0.04816704023168439,-0.14285714285714285,0.9711292845386394,0.9229622443069551
T2_select_target,llama1b:qwen1.5b,diagnostic_target_magnitude_std_min,6,0,0.04816704023168439,-0.14285714285714285,0.9711292845386394,0.9229622443069551
T2_select_target,llama1b:qwen1.5b,target_text_nll,6,0,0.030089899423241473,-0.02857142857142857,0.9711292845386394,0.941039385115398
T2_select_target,llama1b:qwen1.5b,target_minus_source_nll,6,0,0.030089899423241473,-0.02857142857142857,0.9711292845386394,0.941039385115398
T2_select_target,llama1b:qwen1.5b,target_hidden_size,6,1,0.0,0.7650368522374495,0.9711292845386394,0.9711292845386394
T2_select_target,llama1b:qwen1.5b,abs_log_hidden_ratio,6,0,0.07515886052027576,-0.7650368522374495,0.9711292845386394,0.8959704240183637
T2_select_target,llama1b:qwen1.5b,prior_same_model_family,6,0,0.6423237796253101,-0.6210590034081188,0.9711292845386394,0.32880550491332944
T2_select_target,llama1b:qwen1.5b,prior_cross_model_family,6,0,0.07515886052027576,0.6210590034081188,0.9711292845386394,0.8959704240183637
T2_select_target,llama1b:qwen1.5b,prior_target_param_b,6,1,0.0,0.6473388749701496,0.9711292845386394,0.9711292845386394
T2_select_target,llama1b:qwen1.5b,prior_log_param_ratio_target_over_source,6,1,0.0,0.6473388749701496,0.9711292845386394,0.9711292845386394
T2_select_target,llama1b:qwen1.5b,prior_param_tier_jump,6,1,0.0,0.4879500364742666,0.9711292845386394,0.9711292845386394
T2_select_target,llama1b:qwen1.5b,pair_normalized_direction_rmse,6,0,0.04816704023168439,0.14285714285714285,0.9711292845386394,0.9229622443069551
T2_select_target,llama1b:qwen1.5b,target_readability_z2_mean,6,1,0.0,0.3142857142857143,0.9711292845386394,0.9711292845386394
T2_select_target,llama1b:qwen1.5b,target_readability_tail_frac,6,1,0.0,0.37142857142857144,0.9711292845386394,0.9711292845386394
T2_select_target,llama1b:qwen1.5b,target_magnitude_tail_frac,6,0,0.04816704023168439,-0.13093073414159545,0.9711292845386394,0.9229622443069551
T2_select_target,llama1b:qwen1.5b,target_readability_cross_entropy,6,0,0.030089899423241473,0.08571428571428572,0.9711292845386394,0.941039385115398
T2_select_target,llama1b:qwen1.5b,source_to_target_anchor_kl,6,0,0.04816704023168439,0.02857142857142857,0.9711292845386394,0.9229622443069551
T2_select_target,llama1b:qwen1.5b,target_readability_energy,6,0,0.6423237796253101,-0.7714285714285715,0.9711292845386394,0.32880550491332944
T2_select_target,llama1b:qwen1.5b,source_target_top_anchor_overlap,6,0,0.011057167298168524,-0.37142857142857144,0.9711292845386394,0.9600721172404709
T2_select_target,llama1b:qwen1.5b,source_target_direction_entropy_gap,6,0,0.04816704023168439,0.08571428571428572,0.9711292845386394,0.9229622443069551
T2_select_target,llama1b:qwen1.5b,source_target_direction_dispersion_gap,6,1,0.0,0.4857142857142857,0.9711292845386394,0.9711292845386394
T2_select_target,llama1b:qwen1.5b,diagnostic_source_direction_entropy_mean,6,0,0.6423237796253101,-0.5863527298559493,0.9711292845386394,0.32880550491332944
T2_select_target,llama1b:qwen1.5b,diagnostic_target_direction_entropy,6,0,0.030089899423241473,0.2571428571428571,0.9711292845386394,0.941039385115398
T2_select_target,llama1b:qwen1.5b,diagnostic_source_direction_std_mean,6,0,0.07515886052027576,0.33946736991660226,0.9711292845386394,0.8959704240183637
T2_select_target,llama1b:qwen1.5b,_z_target_hidden_size,6,1,0.0,0.7650368522374495,0.9711292845386394,0.9711292845386394
T2_select_target,llama1b:qwen1.5b,_z_prior_target_param_b,6,1,0.0,0.6473388749701496,0.9711292845386394,0.9711292845386394
T2_select_target,llama1b:qwen1.5b,_z_log_param_ratio,6,1,0.0,0.6473388749701496,0.9711292845386394,0.9711292845386394
T2_select_target,llama1b:qwen1.5b,_z_neg_direction_rmse,6,0,0.04816704023168439,0.14285714285714285,0.9711292845386394,0.9229622443069551
T2_select_target,llama1b:qwen1.5b,_z_neg_anchor_js,6,0,0.04816704023168439,0.02857142857142857,0.9711292845386394,0.9229622443069551
T2_select_target,llama1b:qwen1.5b,_z_neg_magnitude_rmse,6,0,0.030089899423241473,0.2,0.9711292845386394,0.941039385115398
T2_select_target,llama1b:qwen1.5b,_z_neg_subspace_residual,6,0,0.011057167298168524,-0.14285714285714285,0.9711292845386394,0.9600721172404709
T2_select_target,llama1b:qwen1.5b,_z_neg_pair_norm_direction_rmse,6,0,0.04816704023168439,0.14285714285714285,0.9711292845386394,0.9229622443069551
T2_select_target,llama1b:qwen1.5b,_z_neg_target_readability_z2,6,1,0.0,0.3142857142857143,0.9711292845386394,0.9711292845386394
T2_select_target,llama1b:qwen1.5b,_z_neg_target_readability_tail,6,1,0.0,0.37142857142857144,0.9711292845386394,0.9711292845386394
T2_select_target,llama1b:qwen1.5b,_z_neg_target_magnitude_tail,6,0,0.04816704023168439,-0.13093073414159545,0.9711292845386394,0.9229622443069551
T2_select_target,llama1b:qwen1.5b,_z_neg_target_readability_ce,6,0,0.030089899423241473,0.08571428571428572,0.9711292845386394,0.941039385115398
T2_select_target,llama1b:qwen1.5b,_z_neg_source_to_target_kl,6,0,0.04816704023168439,0.02857142857142857,0.9711292845386394,0.9229622443069551
T2_select_target,llama1b:qwen1.5b,_z_target_readability_energy,6,0,0.6423237796253101,-0.7714285714285715,0.9711292845386394,0.32880550491332944
T2_select_target,llama1b:qwen1.5b,_z_top_anchor_overlap,6,0,0.011057167298168524,-0.37142857142857144,0.9711292845386394,0.9600721172404709
T2_select_target,llama1b:qwen1.5b,_z_neg_direction_entropy_gap,6,0,0.04816704023168439,0.08571428571428572,0.9711292845386394,0.9229622443069551
T2_select_target,llama1b:qwen1.5b,_z_neg_direction_dispersion_gap,6,1,0.0,0.4857142857142857,0.9711292845386394,0.9711292845386394
T2_select_target,llama1b:qwen1.5b,combined_hidden_direction_score,6,1,0.0,0.5428571428571428,0.9711292845386394,0.9711292845386394
T2_select_target,llama1b:qwen1.5b,combined_hidden_js_score,6,0,0.030089899423241473,0.6571428571428571,0.9711292845386394,0.941039385115398
T2_select_target,llama1b:qwen1.5b,combined_hidden_source_quality_score,6,1,0.0,0.7650368522374495,0.9711292845386394,0.9711292845386394
T2_select_target,llama1b:qwen1.5b,combined_param_direction_score,6,1,0.0,0.4857142857142857,0.9711292845386394,0.9711292845386394
T2_select_target,llama1b:qwen1.5b,combined_ratio_direction_score,6,1,0.0,0.4857142857142857,0.9711292845386394,0.9711292845386394
T2_select_target,llama1b:qwen1.5b,pair_geometry_compatibility_score,6,0,0.6423237796253101,-0.3142857142857143,0.9711292845386394,0.32880550491332944
T2_select_target,llama1b:qwen3b,rel_direction_l1_to_target,6,0,0.07985848298814502,0.37142857142857144,0.9625151606460669,0.8826566776579219
T2_select_target,llama1b:qwen3b,rel_direction_rmse_to_target,6,0,0.07985848298814502,0.37142857142857144,0.9625151606460669,0.8826566776579219
T2_select_target,llama1b:qwen3b,rel_magnitude_l1_to_target,6,0,0.026158104025086226,0.5428571428571428,0.9625151606460669,0.9363570566209807
T2_select_target,llama1b:qwen3b,rel_magnitude_rmse_to_target,6,0,0.026158104025086226,0.14285714285714285,0.9625151606460669,0.9363570566209807
T2_select_target,llama1b:qwen3b,memory_target_norm_gap,6,0,0.031674443772842786,-0.5428571428571428,0.9625151606460669,0.9308407168732241
T2_select_target,llama1b:qwen3b,anchor_direction_js_to_target,6,0,0.026158104025086226,0.4857142857142857,0.9625151606460669,0.9363570566209807
T2_select_target,llama1b:qwen3b,target_direction_subspace_residual,6,0,0.031674443772842786,-0.3142857142857143,0.9625151606460669,0.9308407168732241
T2_select_target,llama1b:qwen3b,capacity_normalized_direction_rmse,6,0,0.07985848298814502,0.37142857142857144,0.9625151606460669,0.8826566776579219
T2_select_target,llama1b:qwen3b,diagnostic_rel_direction_z2_mean,6,1,0.0,0.5428571428571428,0.9625151606460669,0.9625151606460669
T2_select_target,llama1b:qwen3b,diagnostic_rel_magnitude_z_abs_mean,6,0,0.07985848298814502,0.14285714285714285,0.9625151606460669,0.8826566776579219
T2_select_target,llama1b:qwen3b,diagnostic_target_direction_std_mean,6,0,0.9550378312723595,-0.9428571428571428,0.9625151606460669,0.007477329373707377
T2_select_target,llama1b:qwen3b,diagnostic_target_direction_std_min,6,0,0.7608370380534313,-0.42857142857142855,0.9625151606460669,0.20167812259263565
T2_select_target,llama1b:qwen3b,diagnostic_target_magnitude_std_mean,6,0,0.07985848298814502,0.14285714285714285,0.9625151606460669,0.8826566776579219
T2_select_target,llama1b:qwen3b,diagnostic_target_magnitude_std_min,6,0,0.07985848298814502,0.14285714285714285,0.9625151606460669,0.8826566776579219
T2_select_target,llama1b:qwen3b,target_text_nll,6,0,0.026158104025086226,0.6,0.9625151606460669,0.9363570566209807
T2_select_target,llama1b:qwen3b,target_minus_source_nll,6,0,0.026158104025086226,0.6,0.9625151606460669,0.9363570566209807
T2_select_target,llama1b:qwen3b,target_hidden_size,6,1,0.0,0.8696565534786727,0.9625151606460669,0.9625151606460669
T2_select_target,llama1b:qwen3b,abs_log_hidden_ratio,6,0,0.9550378312723595,-0.9276336570439175,0.9625151606460669,0.007477329373707377
T2_select_target,llama1b:qwen3b,prior_same_model_family,6,0,0.7608370380534313,-0.41403933560541256,0.9625151606460669,0.20167812259263565
T2_select_target,llama1b:qwen3b,prior_cross_model_family,6,0,0.9550378312723595,0.41403933560541256,0.9625151606460669,0.007477329373707377
T2_select_target,llama1b:qwen3b,prior_target_param_b,6,1,0.0,0.898645105261295,0.9625151606460669,0.9625151606460669
T2_select_target,llama1b:qwen3b,prior_log_param_ratio_target_over_source,6,1,0.0,0.898645105261295,0.9625151606460669,0.9625151606460669
T2_select_target,llama1b:qwen3b,prior_param_tier_jump,6,1,0.0,0.33806170189140666,0.9625151606460669,0.9625151606460669
T2_select_target,llama1b:qwen3b,pair_normalized_direction_rmse,6,0,0.07985848298814502,0.37142857142857144,0.9625151606460669,0.8826566776579219
T2_select_target,llama1b:qwen3b,target_readability_z2_mean,6,1,0.0,0.5428571428571428,0.9625151606460669,0.9625151606460669
T2_select_target,llama1b:qwen3b,target_readability_tail_frac,6,1,0.0,0.6571428571428571,0.9625151606460669,0.9625151606460669
T2_select_target,llama1b:qwen3b,target_magnitude_tail_frac,6,0,0.07985848298814502,-0.13093073414159545,0.9625151606460669,0.8826566776579219
T2_select_target,llama1b:qwen3b,target_readability_cross_entropy,6,0,0.026158104025086226,0.6571428571428571,0.9625151606460669,0.9363570566209807
T2_select_target,llama1b:qwen3b,source_to_target_anchor_kl,6,0,0.026158104025086226,0.4857142857142857,0.9625151606460669,0.9363570566209807
T2_select_target,llama1b:qwen3b,target_readability_energy,6,0,0.7608370380534313,-0.6,0.9625151606460669,0.20167812259263565
T2_select_target,llama1b:qwen3b,source_target_top_anchor_overlap,6,0,0.7608370380534313,-0.8857142857142857,0.9625151606460669,0.20167812259263565
T2_select_target,llama1b:qwen3b,source_target_direction_entropy_gap,6,0,0.026158104025086226,0.4857142857142857,0.9625151606460669,0.9363570566209807
T2_select_target,llama1b:qwen3b,source_target_direction_dispersion_gap,6,1,0.0,0.8857142857142857,0.9625151606460669,0.9625151606460669
T2_select_target,llama1b:qwen3b,diagnostic_source_direction_entropy_mean,6,0,0.026158104025086226,0.06172133998483677,0.9625151606460669,0.9363570566209807
T2_select_target,llama1b:qwen3b,diagnostic_target_direction_entropy,6,0,0.026158104025086226,0.6571428571428571,0.9625151606460669,0.9363570566209807
T2_select_target,llama1b:qwen3b,diagnostic_source_direction_std_mean,6,0,0.9550378312723595,-0.06172133998483677,0.9625151606460669,0.007477329373707377
T2_select_target,llama1b:qwen3b,_z_target_hidden_size,6,1,0.0,0.8696565534786727,0.9625151606460669,0.9625151606460669
T2_select_target,llama1b:qwen3b,_z_prior_target_param_b,6,1,0.0,0.898645105261295,0.9625151606460669,0.9625151606460669
T2_select_target,llama1b:qwen3b,_z_log_param_ratio,6,1,0.0,0.898645105261295,0.9625151606460669,0.9625151606460669
T2_select_target,llama1b:qwen3b,_z_neg_direction_rmse,6,0,0.07985848298814502,0.37142857142857144,0.9625151606460669,0.8826566776579219
T2_select_target,llama1b:qwen3b,_z_neg_anchor_js,6,0,0.026158104025086226,0.4857142857142857,0.9625151606460669,0.9363570566209807
T2_select_target,llama1b:qwen3b,_z_neg_magnitude_rmse,6,0,0.026158104025086226,0.14285714285714285,0.9625151606460669,0.9363570566209807
T2_select_target,llama1b:qwen3b,_z_neg_subspace_residual,6,0,0.031674443772842786,-0.3142857142857143,0.9625151606460669,0.9308407168732241
T2_select_target,llama1b:qwen3b,_z_neg_pair_norm_direction_rmse,6,0,0.07985848298814502,0.37142857142857144,0.9625151606460669,0.8826566776579219
T2_select_target,llama1b:qwen3b,_z_neg_target_readability_z2,6,1,0.0,0.5428571428571428,0.9625151606460669,0.9625151606460669
T2_select_target,llama1b:qwen3b,_z_neg_target_readability_tail,6,1,0.0,0.6571428571428571,0.9625151606460669,0.9625151606460669
T2_select_target,llama1b:qwen3b,_z_neg_target_magnitude_tail,6,0,0.07985848298814502,-0.13093073414159545,0.9625151606460669,0.8826566776579219
T2_select_target,llama1b:qwen3b,_z_neg_target_readability_ce,6,0,0.026158104025086226,0.6571428571428571,0.9625151606460669,0.9363570566209807
T2_select_target,llama1b:qwen3b,_z_neg_source_to_target_kl,6,0,0.026158104025086226,0.4857142857142857,0.9625151606460669,0.9363570566209807
T2_select_target,llama1b:qwen3b,_z_target_readability_energy,6,0,0.7608370380534313,-0.6,0.9625151606460669,0.20167812259263565
T2_select_target,llama1b:qwen3b,_z_top_anchor_overlap,6,0,0.7608370380534313,-0.8857142857142857,0.9625151606460669,0.20167812259263565
T2_select_target,llama1b:qwen3b,_z_neg_direction_entropy_gap,6,0,0.026158104025086226,0.4857142857142857,0.9625151606460669,0.9363570566209807
T2_select_target,llama1b:qwen3b,_z_neg_direction_dispersion_gap,6,1,0.0,0.8857142857142857,0.9625151606460669,0.9625151606460669
T2_select_target,llama1b:qwen3b,combined_hidden_direction_score,6,1,0.0,0.8857142857142857,0.9625151606460669,0.9625151606460669
T2_select_target,llama1b:qwen3b,combined_hidden_js_score,6,0,0.026158104025086226,0.8285714285714286,0.9625151606460669,0.9363570566209807
T2_select_target,llama1b:qwen3b,combined_hidden_source_quality_score,6,1,0.0,0.8696565534786727,0.9625151606460669,0.9625151606460669
T2_select_target,llama1b:qwen3b,combined_param_direction_score,6,1,0.0,0.7142857142857143,0.9625151606460669,0.9625151606460669
T2_select_target,llama1b:qwen3b,combined_ratio_direction_score,6,1,0.0,0.7142857142857143,0.9625151606460669,0.9625151606460669
T2_select_target,llama1b:qwen3b,pair_geometry_compatibility_score,6,0,0.026158104025086226,0.6,0.9625151606460669,0.9363570566209807
T2_select_target,llama1b:qwen7b,rel_direction_l1_to_target,6,1,0.0,0.42857142857142855,0.9786713747318024,0.9786713747318024
T2_select_target,llama1b:qwen7b,rel_direction_rmse_to_target,6,1,0.0,0.42857142857142855,0.9786713747318024,0.9786713747318024
T2_select_target,llama1b:qwen7b,rel_magnitude_l1_to_target,6,0,0.027254358293157144,0.7142857142857143,0.9786713747318024,0.9514170164386453
T2_select_target,llama1b:qwen7b,rel_magnitude_rmse_to_target,6,0,0.12077851190708411,0.42857142857142855,0.9786713747318024,0.8578928628247183
T2_select_target,llama1b:qwen7b,memory_target_norm_gap,6,0,0.03339964078447344,-0.6,0.9786713747318024,0.945271733947329
T2_select_target,llama1b:qwen7b,anchor_direction_js_to_target,6,1,0.0,0.6,0.9786713747318024,0.9786713747318024
T2_select_target,llama1b:qwen7b,target_direction_subspace_residual,6,0,0.03339964078447344,-0.4857142857142857,0.9786713747318024,0.945271733947329
T2_select_target,llama1b:qwen7b,capacity_normalized_direction_rmse,6,1,0.0,0.42857142857142855,0.9786713747318024,0.9786713747318024
T2_select_target,llama1b:qwen7b,diagnostic_rel_direction_z2_mean,6,1,0.0,0.42857142857142855,0.9786713747318024,0.9786713747318024
T2_select_target,llama1b:qwen7b,diagnostic_rel_magnitude_z_abs_mean,6,0,0.6130686082193362,-0.42857142857142855,0.9786713747318024,0.36560276651246626
T2_select_target,llama1b:qwen7b,diagnostic_target_direction_std_mean,6,0,0.12077851190708411,-0.6,0.9786713747318024,0.8578928628247183
T2_select_target,llama1b:qwen7b,diagnostic_target_direction_std_min,6,0,0.5297098133660599,-0.7714285714285715,0.9786713747318024,0.4489615613657425
T2_select_target,llama1b:qwen7b,diagnostic_target_magnitude_std_mean,6,0,0.6130686082193362,-0.42857142857142855,0.9786713747318024,0.36560276651246626
T2_select_target,llama1b:qwen7b,diagnostic_target_magnitude_std_min,6,0,0.6130686082193362,-0.42857142857142855,0.9786713747318024,0.36560276651246626
T2_select_target,llama1b:qwen7b,target_text_nll,6,0,0.027254358293157144,0.14285714285714285,0.9786713747318024,0.9514170164386453
T2_select_target,llama1b:qwen7b,target_minus_source_nll,6,0,0.027254358293157144,0.14285714285714285,0.9786713747318024,0.9514170164386453
T2_select_target,llama1b:qwen7b,target_hidden_size,6,1,0.0,0.8827348295047495,0.9786713747318024,0.9786713747318024
T2_select_target,llama1b:qwen7b,abs_log_hidden_ratio,6,1,0.0,0.8827348295047495,0.9786713747318024,0.9786713747318024
T2_select_target,llama1b:qwen7b,prior_same_model_family,6,0,0.5297098133660599,-0.8280786712108251,0.9786713747318024,0.4489615613657425
T2_select_target,llama1b:qwen7b,prior_cross_model_family,6,0,0.12077851190708411,0.8280786712108251,0.9786713747318024,0.8578928628247183
T2_select_target,llama1b:qwen7b,prior_target_param_b,6,1,0.0,0.6957252427829381,0.9786713747318024,0.9786713747318024
T2_select_target,llama1b:qwen7b,prior_log_param_ratio_target_over_source,6,1,0.0,0.6957252427829381,0.9786713747318024,0.9786713747318024
T2_select_target,llama1b:qwen7b,prior_param_tier_jump,6,0,0.12077851190708411,-0.8280786712108251,0.9786713747318024,0.8578928628247183
T2_select_target,llama1b:qwen7b,pair_normalized_direction_rmse,6,1,0.0,0.42857142857142855,0.9786713747318024,0.9786713747318024
T2_select_target,llama1b:qwen7b,target_readability_z2_mean,6,1,0.0,0.42857142857142855,0.9786713747318024,0.9786713747318024
T2_select_target,llama1b:qwen7b,target_readability_tail_frac,6,1,0.0,0.42857142857142855,0.9786713747318024,0.9786713747318024
T2_select_target,llama1b:qwen7b,target_readability_cross_entropy,6,0,0.027254358293157144,0.5428571428571428,0.9786713747318024,0.9514170164386453
T2_select_target,llama1b:qwen7b,source_to_target_anchor_kl,6,1,0.0,0.6,0.9786713747318024,0.9786713747318024
T2_select_target,llama1b:qwen7b,target_readability_energy,6,0,0.03339964078447344,0.42857142857142855,0.9786713747318024,0.945271733947329
T2_select_target,llama1b:qwen7b,source_target_top_anchor_overlap,6,0,0.5297098133660599,-0.3142857142857143,0.9786713747318024,0.4489615613657425
T2_select_target,llama1b:qwen7b,source_target_direction_entropy_gap,6,1,0.0,0.6,0.9786713747318024,0.9786713747318024
T2_select_target,llama1b:qwen7b,source_target_direction_dispersion_gap,6,0,0.027254358293157144,0.42857142857142855,0.9786713747318024,0.9514170164386453
T2_select_target,llama1b:qwen7b,diagnostic_source_direction_entropy_mean,6,0,0.12077851190708411,0.24688535993934707,0.9786713747318024,0.8578928628247183
T2_select_target,llama1b:qwen7b,diagnostic_target_direction_entropy,6,0,0.027254358293157144,0.5428571428571428,0.9786713747318024,0.9514170164386453
T2_select_target,llama1b:qwen7b,diagnostic_source_direction_std_mean,6,0,0.027254358293157144,-0.24688535993934707,0.9786713747318024,0.9514170164386453
T2_select_target,llama1b:qwen7b,_z_target_hidden_size,6,1,0.0,0.8827348295047495,0.9786713747318024,0.9786713747318024
T2_select_target,llama1b:qwen7b,_z_prior_target_param_b,6,1,0.0,0.6957252427829381,0.9786713747318024,0.9786713747318024
T2_select_target,llama1b:qwen7b,_z_log_param_ratio,6,1,0.0,0.6957252427829381,0.9786713747318024,0.9786713747318024
T2_select_target,llama1b:qwen7b,_z_neg_direction_rmse,6,1,0.0,0.42857142857142855,0.9786713747318024,0.9786713747318024
T2_select_target,llama1b:qwen7b,_z_neg_anchor_js,6,1,0.0,0.6,0.9786713747318024,0.9786713747318024
T2_select_target,llama1b:qwen7b,_z_neg_magnitude_rmse,6,0,0.12077851190708411,0.42857142857142855,0.9786713747318024,0.8578928628247183
T2_select_target,llama1b:qwen7b,_z_neg_subspace_residual,6,0,0.03339964078447344,-0.4857142857142857,0.9786713747318024,0.945271733947329
T2_select_target,llama1b:qwen7b,_z_neg_pair_norm_direction_rmse,6,1,0.0,0.42857142857142855,0.9786713747318024,0.9786713747318024
T2_select_target,llama1b:qwen7b,_z_neg_target_readability_z2,6,1,0.0,0.42857142857142855,0.9786713747318024,0.9786713747318024
T2_select_target,llama1b:qwen7b,_z_neg_target_readability_tail,6,1,0.0,0.42857142857142855,0.9786713747318024,0.9786713747318024
T2_select_target,llama1b:qwen7b,_z_neg_target_readability_ce,6,0,0.027254358293157144,0.5428571428571428,0.9786713747318024,0.9514170164386453
T2_select_target,llama1b:qwen7b,_z_neg_source_to_target_kl,6,1,0.0,0.6,0.9786713747318024,0.9786713747318024
T2_select_target,llama1b:qwen7b,_z_target_readability_energy,6,0,0.03339964078447344,0.42857142857142855,0.9786713747318024,0.945271733947329
T2_select_target,llama1b:qwen7b,_z_top_anchor_overlap,6,0,0.5297098133660599,-0.3142857142857143,0.9786713747318024,0.4489615613657425
T2_select_target,llama1b:qwen7b,_z_neg_direction_entropy_gap,6,1,0.0,0.6,0.9786713747318024,0.9786713747318024
T2_select_target,llama1b:qwen7b,_z_neg_direction_dispersion_gap,6,0,0.027254358293157144,0.42857142857142855,0.9786713747318024,0.9514170164386453
T2_select_target,llama1b:qwen7b,combined_hidden_direction_score,6,1,0.0,0.6571428571428571,0.9786713747318024,0.9786713747318024
T2_select_target,llama1b:qwen7b,combined_hidden_js_score,6,1,0.0,0.8285714285714286,0.9786713747318024,0.9786713747318024
T2_select_target,llama1b:qwen7b,combined_hidden_source_quality_score,6,1,0.0,0.8827348295047495,0.9786713747318024,0.9786713747318024
T2_select_target,llama1b:qwen7b,combined_param_direction_score,6,1,0.0,0.4857142857142857,0.9786713747318024,0.9786713747318024
T2_select_target,llama1b:qwen7b,combined_ratio_direction_score,6,1,0.0,0.4857142857142857,0.9786713747318024,0.9786713747318024
T2_select_target,llama1b:qwen7b,pair_geometry_compatibility_score,6,1,0.0,0.42857142857142855,0.9786713747318024,0.9786713747318024
