task,group,metric,n,top1_hit,regret_at_1,spearman,best_retention,prior_pick_retention
T1_select_source,llama1b,rel_direction_l1_to_target,12,0,0.12235165676063309,0.04895104895104895,0.6835180305382089,0.5611663737775758
T1_select_source,llama1b,rel_direction_rmse_to_target,12,0,0.12235165676063309,-0.013986013986013986,0.6835180305382089,0.5611663737775758
T1_select_source,llama1b,rel_magnitude_l1_to_target,12,0,0.034036015388269725,0.5034965034965035,0.6835180305382089,0.6494820151499392
T1_select_source,llama1b,rel_magnitude_rmse_to_target,12,0,0.034036015388269725,0.5524475524475524,0.6835180305382089,0.6494820151499392
T1_select_source,llama1b,memory_target_norm_gap,12,0,0.12235165676063309,0.32867132867132864,0.6835180305382089,0.5611663737775758
T1_select_source,llama1b,anchor_direction_js_to_target,12,0,0.12235165676063309,-0.14685314685314685,0.6835180305382089,0.5611663737775758
T1_select_source,llama1b,target_direction_subspace_residual,12,0,0.06534686286878477,0.38461538461538464,0.6835180305382089,0.6181711676694241
T1_select_source,llama1b,capacity_normalized_direction_rmse,12,0,0.12235165676063309,-0.013986013986013986,0.6835180305382089,0.5611663737775758
T1_select_source,llama1b,diagnostic_rel_direction_z2_mean,12,0,0.12235165676063309,0.13986013986013987,0.6835180305382089,0.5611663737775758
T1_select_source,llama1b,diagnostic_rel_magnitude_z_abs_mean,12,0,0.034036015388269725,0.5104895104895105,0.6835180305382089,0.6494820151499392
T1_select_source,llama1b,diagnostic_target_direction_std_mean,12,0,0.06534686286878477,0.42054179656944235,0.6835180305382089,0.6181711676694241
T1_select_source,llama1b,diagnostic_target_direction_std_min,12,0,0.034036015388269725,0.5707352953442433,0.6835180305382089,0.6494820151499392
T1_select_source,llama1b,diagnostic_target_magnitude_std_mean,12,0,0.12235165676063309,0.06007739950992034,0.6835180305382089,0.5611663737775758
T1_select_source,llama1b,diagnostic_target_magnitude_std_min,12,0,0.12235165676063309,0.06007739950992034,0.6835180305382089,0.5611663737775758
T1_select_source,llama1b,source_native_nll,12,0,0.23312998592210238,-0.13986013986013987,0.6835180305382089,0.45038804461610654
T1_select_source,llama1b,target_minus_source_nll,12,0,0.07991102382822013,0.13986013986013987,0.6835180305382089,0.6036070067099888
T1_select_source,llama1b,source_hidden_size,12,0,0.06534686286878477,0.05736572862117752,0.6835180305382089,0.6181711676694241
T1_select_source,llama1b,abs_log_hidden_ratio,12,0,0.6256920522795213,-0.20078005017412132,0.6835180305382089,0.05782597825868768
T1_select_source,llama1b,prior_same_model_family,12,0,0.034036015388269725,0.5120915564991891,0.6835180305382089,0.6494820151499392
T1_select_source,llama1b,prior_cross_model_family,12,0,0.12235165676063309,-0.5120915564991891,0.6835180305382089,0.5611663737775758
T1_select_source,llama1b,prior_source_param_b,12,0,0.06534686286878477,0.0,0.6835180305382089,0.6181711676694241
T1_select_source,llama1b,prior_log_param_ratio_target_over_source,12,0,0.07991102382822013,0.0,0.6835180305382089,0.6036070067099888
T1_select_source,llama1b,pair_normalized_direction_rmse,12,0,0.12235165676063309,0.06293706293706294,0.6835180305382089,0.5611663737775758
T1_select_source,llama1b,target_readability_z2_mean,12,0,0.12235165676063309,0.13986013986013987,0.6835180305382089,0.5611663737775758
T1_select_source,llama1b,target_readability_tail_frac,12,0,0.12235165676063309,0.11188811188811189,0.6835180305382089,0.5611663737775758
T1_select_source,llama1b,target_readability_cross_entropy,12,0,0.07991102382822013,-0.13286713286713286,0.6835180305382089,0.6036070067099888
T1_select_source,llama1b,source_to_target_anchor_kl,12,0,0.12235165676063309,-0.14685314685314685,0.6835180305382089,0.5611663737775758
T1_select_source,llama1b,target_readability_energy,12,0,0.07991102382822013,0.26573426573426573,0.6835180305382089,0.6036070067099888
T1_select_source,llama1b,source_target_top_anchor_overlap,12,0,0.07991102382822013,0.32167832167832167,0.6835180305382089,0.6036070067099888
T1_select_source,llama1b,source_target_direction_entropy_gap,12,0,0.5511087848488131,-0.4755244755244755,0.6835180305382089,0.13240924568939585
T1_select_source,llama1b,source_target_direction_dispersion_gap,12,0,0.07991102382822013,-0.006993006993006993,0.6835180305382089,0.6036070067099888
T1_select_source,llama1b,diagnostic_source_direction_entropy_mean,12,0,0.12235165676063309,0.055944055944055944,0.6835180305382089,0.5611663737775758
T1_select_source,llama1b,diagnostic_target_direction_entropy,12,0,0.12235165676063309,-0.42054179656944235,0.6835180305382089,0.5611663737775758
T1_select_source,llama1b,diagnostic_source_direction_std_mean,12,0,0.07991102382822013,0.1258741258741259,0.6835180305382089,0.6036070067099888
T1_select_source,llama1b,_z_log_param_ratio,12,0,0.07991102382822013,0.0,0.6835180305382089,0.6036070067099888
T1_select_source,llama1b,_z_neg_direction_rmse,12,0,0.12235165676063309,-0.013986013986013986,0.6835180305382089,0.5611663737775758
T1_select_source,llama1b,_z_neg_anchor_js,12,0,0.12235165676063309,-0.14685314685314685,0.6835180305382089,0.5611663737775758
T1_select_source,llama1b,_z_neg_magnitude_rmse,12,0,0.034036015388269725,0.5524475524475524,0.6835180305382089,0.6494820151499392
T1_select_source,llama1b,_z_neg_subspace_residual,12,0,0.06534686286878477,0.38461538461538464,0.6835180305382089,0.6181711676694241
T1_select_source,llama1b,_z_neg_pair_norm_direction_rmse,12,0,0.12235165676063309,0.06293706293706294,0.6835180305382089,0.5611663737775758
T1_select_source,llama1b,_z_neg_target_readability_z2,12,0,0.12235165676063309,0.13986013986013987,0.6835180305382089,0.5611663737775758
T1_select_source,llama1b,_z_neg_target_readability_tail,12,0,0.12235165676063309,0.11188811188811189,0.6835180305382089,0.5611663737775758
T1_select_source,llama1b,_z_neg_target_readability_ce,12,0,0.07991102382822013,-0.13286713286713286,0.6835180305382089,0.6036070067099888
T1_select_source,llama1b,_z_neg_source_to_target_kl,12,0,0.12235165676063309,-0.14685314685314685,0.6835180305382089,0.5611663737775758
T1_select_source,llama1b,_z_target_readability_energy,12,0,0.07991102382822013,0.26573426573426573,0.6835180305382089,0.6036070067099888
T1_select_source,llama1b,_z_top_anchor_overlap,12,0,0.07991102382822013,0.32167832167832167,0.6835180305382089,0.6036070067099888
T1_select_source,llama1b,_z_neg_direction_entropy_gap,12,0,0.5511087848488131,-0.4755244755244755,0.6835180305382089,0.13240924568939585
T1_select_source,llama1b,_z_neg_direction_dispersion_gap,12,0,0.07991102382822013,-0.006993006993006993,0.6835180305382089,0.6036070067099888
T1_select_source,llama1b,_z_neg_source_native_nll,12,0,0.23312998592210238,-0.13986013986013987,0.6835180305382089,0.45038804461610654
T1_select_source,llama1b,combined_hidden_direction_score,12,0,0.12235165676063309,-0.013986013986013986,0.6835180305382089,0.5611663737775758
T1_select_source,llama1b,combined_hidden_js_score,12,0,0.12235165676063309,-0.14685314685314685,0.6835180305382089,0.5611663737775758
T1_select_source,llama1b,combined_hidden_source_quality_score,12,0,0.23312998592210238,-0.13986013986013987,0.6835180305382089,0.45038804461610654
T1_select_source,llama1b,combined_param_direction_score,12,0,0.12235165676063309,-0.013986013986013986,0.6835180305382089,0.5611663737775758
T1_select_source,llama1b,combined_ratio_direction_score,12,0,0.07991102382822013,-0.04895104895104895,0.6835180305382089,0.6036070067099888
T1_select_source,llama1b,pair_geometry_compatibility_score,12,0,0.07991102382822013,0.23776223776223776,0.6835180305382089,0.6036070067099888
T1_select_source,llama3b,rel_direction_l1_to_target,12,0,0.16400680823268576,-0.7622377622377622,0.8395040792870198,0.675497271054334
T1_select_source,llama3b,rel_direction_rmse_to_target,12,0,0.16400680823268576,-0.7972027972027972,0.8395040792870198,0.675497271054334
T1_select_source,llama3b,rel_magnitude_l1_to_target,12,1,0.0,0.6013986013986014,0.8395040792870198,0.8395040792870198
T1_select_source,llama3b,rel_magnitude_rmse_to_target,12,1,0.0,0.5594405594405595,0.8395040792870198,0.8395040792870198
T1_select_source,llama3b,memory_target_norm_gap,12,0,0.16400680823268576,0.27972027972027974,0.8395040792870198,0.675497271054334
T1_select_source,llama3b,anchor_direction_js_to_target,12,0,0.16400680823268576,-0.8601398601398601,0.8395040792870198,0.675497271054334
T1_select_source,llama3b,target_direction_subspace_residual,12,0,0.012456113906003763,0.8671328671328671,0.8395040792870198,0.827047965381016
T1_select_source,llama3b,capacity_normalized_direction_rmse,12,0,0.16400680823268576,-0.7972027972027972,0.8395040792870198,0.675497271054334
T1_select_source,llama3b,diagnostic_rel_direction_z2_mean,12,0,0.16400680823268576,-0.5874125874125874,0.8395040792870198,0.675497271054334
T1_select_source,llama3b,diagnostic_rel_magnitude_z_abs_mean,12,1,0.0,0.5454545454545454,0.8395040792870198,0.8395040792870198
T1_select_source,llama3b,diagnostic_target_direction_std_mean,12,0,0.012456113906003763,0.8110448933839246,0.8395040792870198,0.827047965381016
T1_select_source,llama3b,diagnostic_target_direction_std_min,12,0,0.012456113906003763,0.5557159454667632,0.8395040792870198,0.827047965381016
T1_select_source,llama3b,diagnostic_target_magnitude_std_mean,12,0,0.16400680823268576,0.09011609926488051,0.8395040792870198,0.675497271054334
T1_select_source,llama3b,diagnostic_target_magnitude_std_min,12,0,0.16400680823268576,0.09011609926488051,0.8395040792870198,0.675497271054334
T1_select_source,llama3b,source_native_nll,12,0,0.009842236650200342,0.03496503496503497,0.8395040792870198,0.8296618426368194
T1_select_source,llama3b,target_minus_source_nll,12,0,0.15962604965487792,-0.03496503496503497,0.8395040792870198,0.6798780296321418
T1_select_source,llama3b,source_hidden_size,12,0,0.012456113906003763,0.196520916033516,0.8395040792870198,0.827047965381016
T1_select_source,llama3b,abs_log_hidden_ratio,12,0,0.06776672382064952,0.28386354538174535,0.8395040792870198,0.7717373554663702
T1_select_source,llama3b,prior_same_model_family,12,1,0.0,0.7681373347487838,0.8395040792870198,0.8395040792870198
T1_select_source,llama3b,prior_cross_model_family,12,0,0.16400680823268576,-0.7681373347487838,0.8395040792870198,0.675497271054334
T1_select_source,llama3b,prior_source_param_b,12,0,0.012456113906003763,0.12190217332000222,0.8395040792870198,0.827047965381016
T1_select_source,llama3b,prior_log_param_ratio_target_over_source,12,1,0.0,-0.12190217332000222,0.8395040792870198,0.8395040792870198
T1_select_source,llama3b,prior_param_tier_jump,12,1,0.0,0.45993310550389993,0.8395040792870198,0.8395040792870198
T1_select_source,llama3b,pair_normalized_direction_rmse,12,0,0.16400680823268576,-0.6083916083916084,0.8395040792870198,0.675497271054334
T1_select_source,llama3b,target_readability_z2_mean,12,0,0.16400680823268576,-0.5874125874125874,0.8395040792870198,0.675497271054334
T1_select_source,llama3b,target_readability_tail_frac,12,0,0.16400680823268576,-0.6433566433566433,0.8395040792870198,0.675497271054334
T1_select_source,llama3b,target_readability_cross_entropy,12,0,0.15962604965487792,-0.8251748251748252,0.8395040792870198,0.6798780296321418
T1_select_source,llama3b,source_to_target_anchor_kl,12,0,0.16400680823268576,-0.8601398601398601,0.8395040792870198,0.675497271054334
T1_select_source,llama3b,target_readability_energy,12,0,0.15962604965487792,-0.6713286713286714,0.8395040792870198,0.6798780296321418
T1_select_source,llama3b,source_target_top_anchor_overlap,12,0,0.15962604965487792,-0.7622377622377622,0.8395040792870198,0.6798780296321418
T1_select_source,llama3b,source_target_direction_entropy_gap,12,0,0.577579457723844,-0.8671328671328671,0.8395040792870198,0.26192462156317575
T1_select_source,llama3b,source_target_direction_dispersion_gap,12,0,0.04985197976467004,-0.2097902097902098,0.8395040792870198,0.7896520995223497
T1_select_source,llama3b,diagnostic_source_direction_entropy_mean,12,0,0.16400680823268576,0.13986013986013987,0.8395040792870198,0.675497271054334
T1_select_source,llama3b,diagnostic_target_direction_entropy,12,0,0.16400680823268576,-0.8110448933839246,0.8395040792870198,0.675497271054334
T1_select_source,llama3b,diagnostic_source_direction_std_mean,12,0,0.04985197976467004,-0.16083916083916083,0.8395040792870198,0.7896520995223497
T1_select_source,llama3b,_z_log_param_ratio,12,1,0.0,-0.12190217332000222,0.8395040792870198,0.8395040792870198
T1_select_source,llama3b,_z_neg_direction_rmse,12,0,0.16400680823268576,-0.7972027972027972,0.8395040792870198,0.675497271054334
T1_select_source,llama3b,_z_neg_anchor_js,12,0,0.16400680823268576,-0.8601398601398601,0.8395040792870198,0.675497271054334
T1_select_source,llama3b,_z_neg_magnitude_rmse,12,1,0.0,0.5594405594405595,0.8395040792870198,0.8395040792870198
T1_select_source,llama3b,_z_neg_subspace_residual,12,0,0.012456113906003763,0.8671328671328671,0.8395040792870198,0.827047965381016
T1_select_source,llama3b,_z_neg_pair_norm_direction_rmse,12,0,0.16400680823268576,-0.6083916083916084,0.8395040792870198,0.675497271054334
T1_select_source,llama3b,_z_neg_target_readability_z2,12,0,0.16400680823268576,-0.5874125874125874,0.8395040792870198,0.675497271054334
T1_select_source,llama3b,_z_neg_target_readability_tail,12,0,0.16400680823268576,-0.6433566433566433,0.8395040792870198,0.675497271054334
T1_select_source,llama3b,_z_neg_target_readability_ce,12,0,0.15962604965487792,-0.8251748251748252,0.8395040792870198,0.6798780296321418
T1_select_source,llama3b,_z_neg_source_to_target_kl,12,0,0.16400680823268576,-0.8601398601398601,0.8395040792870198,0.675497271054334
T1_select_source,llama3b,_z_target_readability_energy,12,0,0.15962604965487792,-0.6713286713286714,0.8395040792870198,0.6798780296321418
T1_select_source,llama3b,_z_top_anchor_overlap,12,0,0.15962604965487792,-0.7622377622377622,0.8395040792870198,0.6798780296321418
T1_select_source,llama3b,_z_neg_direction_entropy_gap,12,0,0.577579457723844,-0.8671328671328671,0.8395040792870198,0.26192462156317575
T1_select_source,llama3b,_z_neg_direction_dispersion_gap,12,0,0.04985197976467004,-0.2097902097902098,0.8395040792870198,0.7896520995223497
T1_select_source,llama3b,_z_neg_source_native_nll,12,0,0.009842236650200342,0.03496503496503497,0.8395040792870198,0.8296618426368194
T1_select_source,llama3b,combined_hidden_direction_score,12,0,0.16400680823268576,-0.7972027972027972,0.8395040792870198,0.675497271054334
T1_select_source,llama3b,combined_hidden_js_score,12,0,0.16400680823268576,-0.8601398601398601,0.8395040792870198,0.675497271054334
T1_select_source,llama3b,combined_hidden_source_quality_score,12,0,0.009842236650200342,0.03496503496503497,0.8395040792870198,0.8296618426368194
T1_select_source,llama3b,combined_param_direction_score,12,0,0.16400680823268576,-0.7972027972027972,0.8395040792870198,0.675497271054334
T1_select_source,llama3b,combined_ratio_direction_score,12,0,0.15962604965487792,-0.4195804195804196,0.8395040792870198,0.6798780296321418
T1_select_source,llama3b,pair_geometry_compatibility_score,12,0,0.15962604965487792,-0.8251748251748252,0.8395040792870198,0.6798780296321418
T1_select_source,llama8b,rel_direction_l1_to_target,12,0,0.11602071843103012,0.6293706293706294,0.9786579251463553,0.8626372067153252
T1_select_source,llama8b,rel_direction_rmse_to_target,12,0,0.11602071843103012,0.6643356643356644,0.9786579251463553,0.8626372067153252
T1_select_source,llama8b,rel_magnitude_l1_to_target,12,0,0.1241112322964284,0.4825174825174825,0.9786579251463553,0.8545466928499269
T1_select_source,llama8b,rel_magnitude_rmse_to_target,12,0,0.1241112322964284,0.4825174825174825,0.9786579251463553,0.8545466928499269
T1_select_source,llama8b,memory_target_norm_gap,12,0,0.1241112322964284,0.06293706293706294,0.9786579251463553,0.8545466928499269
T1_select_source,llama8b,anchor_direction_js_to_target,12,0,0.5397610274086344,0.03496503496503497,0.9786579251463553,0.43889689773772095
T1_select_source,llama8b,target_direction_subspace_residual,12,0,0.8235130502048497,-0.27972027972027974,0.9786579251463553,0.15514487494150567
T1_select_source,llama8b,capacity_normalized_direction_rmse,12,0,0.11602071843103012,0.6643356643356644,0.9786579251463553,0.8626372067153252
T1_select_source,llama8b,diagnostic_rel_direction_z2_mean,12,0,0.15992828622562016,-0.2517482517482518,0.9786579251463553,0.8187296389207351
T1_select_source,llama8b,diagnostic_rel_magnitude_z_abs_mean,12,0,0.1241112322964284,0.04195804195804196,0.9786579251463553,0.8545466928499269
T1_select_source,llama8b,diagnostic_target_direction_std_mean,12,0,0.5397610274086344,-0.8397191227596315,0.9786579251463553,0.43889689773772095
T1_select_source,llama8b,diagnostic_target_direction_std_min,12,0,0.24272622486144202,0.0763381020690574,0.9786579251463553,0.7359317002849133
T1_select_source,llama8b,diagnostic_target_magnitude_std_mean,12,0,0.5397610274086344,-0.0763381020690574,0.9786579251463553,0.43889689773772095
T1_select_source,llama8b,diagnostic_target_magnitude_std_min,12,0,0.5397610274086344,-0.0763381020690574,0.9786579251463553,0.43889689773772095
T1_select_source,llama8b,source_native_nll,12,1,0.0,0.40559440559440557,0.9786579251463553,0.9786579251463553
T1_select_source,llama8b,target_minus_source_nll,12,0,0.24272622486144202,-0.40559440559440557,0.9786579251463553,0.7359317002849133
T1_select_source,llama8b,source_hidden_size,12,0,0.5397610274086344,-0.0788778768541191,0.9786579251463553,0.43889689773772095
T1_select_source,llama8b,abs_log_hidden_ratio,12,0,0.5397610274086344,-0.0788778768541191,0.9786579251463553,0.43889689773772095
T1_select_source,llama8b,prior_same_model_family,12,0,0.1241112322964284,0.7169281790988649,0.9786579251463553,0.8545466928499269
T1_select_source,llama8b,prior_cross_model_family,12,0,0.5397610274086344,-0.7169281790988649,0.9786579251463553,0.43889689773772095
T1_select_source,llama8b,prior_source_param_b,12,0,0.5397610274086344,-0.28386354538174535,0.9786579251463553,0.43889689773772095
T1_select_source,llama8b,prior_log_param_ratio_target_over_source,12,0,0.1241112322964284,0.28386354538174535,0.9786579251463553,0.8545466928499269
T1_select_source,llama8b,prior_param_tier_jump,12,0,0.1241112322964284,0.30725493389951347,0.9786579251463553,0.8545466928499269
T1_select_source,llama8b,pair_normalized_direction_rmse,12,0,0.11602071843103012,0.6363636363636364,0.9786579251463553,0.8626372067153252
T1_select_source,llama8b,target_readability_z2_mean,12,0,0.15992828622562016,-0.2517482517482518,0.9786579251463553,0.8187296389207351
T1_select_source,llama8b,target_readability_tail_frac,12,0,0.23515437728605404,0.23467636689334598,0.9786579251463553,0.7435035478603013
T1_select_source,llama8b,target_readability_cross_entropy,12,0,0.1241112322964284,0.7552447552447552,0.9786579251463553,0.8545466928499269
T1_select_source,llama8b,source_to_target_anchor_kl,12,0,0.5397610274086344,0.0979020979020979,0.9786579251463553,0.43889689773772095
T1_select_source,llama8b,target_readability_energy,12,0,0.5397610274086344,0.17482517482517482,0.9786579251463553,0.43889689773772095
T1_select_source,llama8b,source_target_top_anchor_overlap,12,0,0.5397610274086344,-0.06293706293706294,0.9786579251463553,0.43889689773772095
T1_select_source,llama8b,source_target_direction_entropy_gap,12,0,0.5397610274086344,-0.006993006993006993,0.9786579251463553,0.43889689773772095
T1_select_source,llama8b,source_target_direction_dispersion_gap,12,0,0.05707256162198815,-0.04195804195804196,0.9786579251463553,0.9215853635243672
T1_select_source,llama8b,diagnostic_source_direction_entropy_mean,12,0,0.5397610274086344,-0.006993006993006993,0.9786579251463553,0.43889689773772095
T1_select_source,llama8b,diagnostic_target_direction_entropy,12,0,0.1241112322964284,0.8397191227596315,0.9786579251463553,0.8545466928499269
T1_select_source,llama8b,diagnostic_source_direction_std_mean,12,0,0.05707256162198815,-0.09090909090909091,0.9786579251463553,0.9215853635243672
T1_select_source,llama8b,_z_log_param_ratio,12,0,0.1241112322964284,0.28386354538174535,0.9786579251463553,0.8545466928499269
T1_select_source,llama8b,_z_neg_direction_rmse,12,0,0.11602071843103012,0.6643356643356644,0.9786579251463553,0.8626372067153252
T1_select_source,llama8b,_z_neg_anchor_js,12,0,0.5397610274086344,0.03496503496503497,0.9786579251463553,0.43889689773772095
T1_select_source,llama8b,_z_neg_magnitude_rmse,12,0,0.1241112322964284,0.4825174825174825,0.9786579251463553,0.8545466928499269
T1_select_source,llama8b,_z_neg_subspace_residual,12,0,0.8235130502048497,-0.27972027972027974,0.9786579251463553,0.15514487494150567
T1_select_source,llama8b,_z_neg_pair_norm_direction_rmse,12,0,0.11602071843103012,0.6363636363636364,0.9786579251463553,0.8626372067153252
T1_select_source,llama8b,_z_neg_target_readability_z2,12,0,0.15992828622562016,-0.2517482517482518,0.9786579251463553,0.8187296389207351
T1_select_source,llama8b,_z_neg_target_readability_tail,12,0,0.23515437728605404,0.23467636689334598,0.9786579251463553,0.7435035478603013
T1_select_source,llama8b,_z_neg_target_readability_ce,12,0,0.1241112322964284,0.7552447552447552,0.9786579251463553,0.8545466928499269
T1_select_source,llama8b,_z_neg_source_to_target_kl,12,0,0.5397610274086344,0.0979020979020979,0.9786579251463553,0.43889689773772095
T1_select_source,llama8b,_z_target_readability_energy,12,0,0.5397610274086344,0.17482517482517482,0.9786579251463553,0.43889689773772095
T1_select_source,llama8b,_z_top_anchor_overlap,12,0,0.5397610274086344,-0.06293706293706294,0.9786579251463553,0.43889689773772095
T1_select_source,llama8b,_z_neg_direction_entropy_gap,12,0,0.5397610274086344,-0.006993006993006993,0.9786579251463553,0.43889689773772095
T1_select_source,llama8b,_z_neg_direction_dispersion_gap,12,0,0.05707256162198815,-0.04195804195804196,0.9786579251463553,0.9215853635243672
T1_select_source,llama8b,_z_neg_source_native_nll,12,1,0.0,0.40559440559440557,0.9786579251463553,0.9786579251463553
T1_select_source,llama8b,combined_hidden_direction_score,12,0,0.11602071843103012,0.6643356643356644,0.9786579251463553,0.8626372067153252
T1_select_source,llama8b,combined_hidden_js_score,12,0,0.5397610274086344,0.03496503496503497,0.9786579251463553,0.43889689773772095
T1_select_source,llama8b,combined_hidden_source_quality_score,12,1,0.0,0.40559440559440557,0.9786579251463553,0.9786579251463553
T1_select_source,llama8b,combined_param_direction_score,12,0,0.11602071843103012,0.6643356643356644,0.9786579251463553,0.8626372067153252
T1_select_source,llama8b,combined_ratio_direction_score,12,0,0.1241112322964284,0.4195804195804196,0.9786579251463553,0.8545466928499269
T1_select_source,llama8b,pair_geometry_compatibility_score,12,0,0.1241112322964284,0.38461538461538464,0.9786579251463553,0.8545466928499269
T1_select_source,mistral7b,rel_direction_l1_to_target,12,0,0.2742294249622167,-0.06993006993006994,1.0459576460584752,0.7717282210962585
T1_select_source,mistral7b,rel_direction_rmse_to_target,12,0,0.2742294249622167,-0.013986013986013986,1.0459576460584752,0.7717282210962585
T1_select_source,mistral7b,rel_magnitude_l1_to_target,12,0,0.20569363944546082,0.14685314685314685,1.0459576460584752,0.8402640066130144
T1_select_source,mistral7b,rel_magnitude_rmse_to_target,12,0,0.20569363944546082,0.14685314685314685,1.0459576460584752,0.8402640066130144
T1_select_source,mistral7b,memory_target_norm_gap,12,0,0.20569363944546082,0.0979020979020979,1.0459576460584752,0.8402640066130144
T1_select_source,mistral7b,anchor_direction_js_to_target,12,0,0.19126062152053636,0.4755244755244755,1.0459576460584752,0.8546970245379388
T1_select_source,mistral7b,target_direction_subspace_residual,12,0,0.27648515959645226,-0.06993006993006994,1.0459576460584752,0.7694724864620229
T1_select_source,mistral7b,capacity_normalized_direction_rmse,12,0,0.2742294249622167,-0.013986013986013986,1.0459576460584752,0.7717282210962585
T1_select_source,mistral7b,diagnostic_rel_direction_z2_mean,12,0,0.2742294249622167,0.02097902097902098,1.0459576460584752,0.7717282210962585
T1_select_source,mistral7b,diagnostic_rel_magnitude_z_abs_mean,12,0,0.20569363944546082,0.20279720279720279,1.0459576460584752,0.8402640066130144
T1_select_source,mistral7b,diagnostic_target_direction_std_mean,12,0,0.20569363944546082,0.4828045495852676,1.0459576460584752,0.8402640066130144
T1_select_source,mistral7b,diagnostic_target_direction_std_min,12,0,0.20569363944546082,0.4828045495852676,1.0459576460584752,0.8402640066130144
T1_select_source,mistral7b,diagnostic_target_magnitude_std_mean,12,0,0.20569363944546082,0.4828045495852676,1.0459576460584752,0.8402640066130144
T1_select_source,mistral7b,diagnostic_target_magnitude_std_min,12,0,0.20569363944546082,0.4828045495852676,1.0459576460584752,0.8402640066130144
T1_select_source,mistral7b,source_native_nll,12,0,0.19126062152053636,0.8391608391608392,1.0459576460584752,0.8546970245379388
T1_select_source,mistral7b,target_minus_source_nll,12,0,0.3749051459763836,-0.8391608391608392,1.0459576460584752,0.6710525000820916
T1_select_source,mistral7b,source_hidden_size,12,0,0.25296555683417665,0.3513650878047123,1.0459576460584752,0.7929920892242985
T1_select_source,mistral7b,abs_log_hidden_ratio,12,0,0.25296555683417665,0.3513650878047123,1.0459576460584752,0.7929920892242985
T1_select_source,mistral7b,prior_source_param_b,12,0,0.25296555683417665,0.0645364446988247,1.0459576460584752,0.7929920892242985
T1_select_source,mistral7b,prior_log_param_ratio_target_over_source,12,0,0.20569363944546082,-0.0645364446988247,1.0459576460584752,0.8402640066130144
T1_select_source,mistral7b,prior_param_tier_jump,12,0,0.20569363944546082,-0.14782809899727065,1.0459576460584752,0.8402640066130144
T1_select_source,mistral7b,pair_normalized_direction_rmse,12,0,0.2742294249622167,0.02097902097902098,1.0459576460584752,0.7717282210962585
T1_select_source,mistral7b,target_readability_z2_mean,12,0,0.2742294249622167,0.02097902097902098,1.0459576460584752,0.7717282210962585
T1_select_source,mistral7b,target_readability_tail_frac,12,0,0.27648515959645226,0.27670795499364675,1.0459576460584752,0.7694724864620229
T1_select_source,mistral7b,target_readability_cross_entropy,12,0,0.2742294249622167,0.04195804195804196,1.0459576460584752,0.7717282210962585
T1_select_source,mistral7b,source_to_target_anchor_kl,12,0,0.19126062152053636,0.43356643356643354,1.0459576460584752,0.8546970245379388
T1_select_source,mistral7b,target_readability_energy,12,0,0.2742294249622167,0.02097902097902098,1.0459576460584752,0.7717282210962585
T1_select_source,mistral7b,source_target_top_anchor_overlap,12,0,0.27648515959645226,0.2517482517482518,1.0459576460584752,0.7694724864620229
T1_select_source,mistral7b,source_target_direction_entropy_gap,12,0,0.19126062152053636,0.36363636363636365,1.0459576460584752,0.8546970245379388
T1_select_source,mistral7b,source_target_direction_dispersion_gap,12,0,0.1180216825522673,0.04895104895104895,1.0459576460584752,0.9279359635062079
T1_select_source,mistral7b,diagnostic_source_direction_entropy_mean,12,0,0.19126062152053636,0.36363636363636365,1.0459576460584752,0.8546970245379388
T1_select_source,mistral7b,diagnostic_target_direction_entropy,12,0,0.20569363944546082,0.4828045495852676,1.0459576460584752,0.8402640066130144
T1_select_source,mistral7b,diagnostic_source_direction_std_mean,12,0,0.1180216825522673,0.04895104895104895,1.0459576460584752,0.9279359635062079
T1_select_source,mistral7b,_z_log_param_ratio,12,0,0.20569363944546082,-0.0645364446988247,1.0459576460584752,0.8402640066130144
T1_select_source,mistral7b,_z_neg_direction_rmse,12,0,0.2742294249622167,-0.013986013986013986,1.0459576460584752,0.7717282210962585
T1_select_source,mistral7b,_z_neg_anchor_js,12,0,0.19126062152053636,0.4755244755244755,1.0459576460584752,0.8546970245379388
T1_select_source,mistral7b,_z_neg_magnitude_rmse,12,0,0.20569363944546082,0.14685314685314685,1.0459576460584752,0.8402640066130144
T1_select_source,mistral7b,_z_neg_subspace_residual,12,0,0.27648515959645226,-0.06993006993006994,1.0459576460584752,0.7694724864620229
T1_select_source,mistral7b,_z_neg_pair_norm_direction_rmse,12,0,0.2742294249622167,0.02097902097902098,1.0459576460584752,0.7717282210962585
T1_select_source,mistral7b,_z_neg_target_readability_z2,12,0,0.2742294249622167,0.02097902097902098,1.0459576460584752,0.7717282210962585
T1_select_source,mistral7b,_z_neg_target_readability_tail,12,0,0.27648515959645226,0.27670795499364675,1.0459576460584752,0.7694724864620229
T1_select_source,mistral7b,_z_neg_target_readability_ce,12,0,0.2742294249622167,0.04195804195804196,1.0459576460584752,0.7717282210962585
T1_select_source,mistral7b,_z_neg_source_to_target_kl,12,0,0.19126062152053636,0.43356643356643354,1.0459576460584752,0.8546970245379388
T1_select_source,mistral7b,_z_target_readability_energy,12,0,0.2742294249622167,0.02097902097902098,1.0459576460584752,0.7717282210962585
T1_select_source,mistral7b,_z_top_anchor_overlap,12,0,0.27648515959645226,0.2517482517482518,1.0459576460584752,0.7694724864620229
T1_select_source,mistral7b,_z_neg_direction_entropy_gap,12,0,0.19126062152053636,0.36363636363636365,1.0459576460584752,0.8546970245379388
T1_select_source,mistral7b,_z_neg_direction_dispersion_gap,12,0,0.1180216825522673,0.04895104895104895,1.0459576460584752,0.9279359635062079
T1_select_source,mistral7b,_z_neg_source_native_nll,12,0,0.19126062152053636,0.8391608391608392,1.0459576460584752,0.8546970245379388
T1_select_source,mistral7b,combined_hidden_direction_score,12,0,0.2742294249622167,-0.013986013986013986,1.0459576460584752,0.7717282210962585
T1_select_source,mistral7b,combined_hidden_js_score,12,0,0.19126062152053636,0.4755244755244755,1.0459576460584752,0.8546970245379388
T1_select_source,mistral7b,combined_hidden_source_quality_score,12,0,0.19126062152053636,0.8391608391608392,1.0459576460584752,0.8546970245379388
T1_select_source,mistral7b,combined_param_direction_score,12,0,0.2742294249622167,-0.013986013986013986,1.0459576460584752,0.7717282210962585
T1_select_source,mistral7b,combined_ratio_direction_score,12,0,0.20569363944546082,-0.06993006993006994,1.0459576460584752,0.8402640066130144
T1_select_source,mistral7b,pair_geometry_compatibility_score,12,1,0.0,0.40559440559440557,1.0459576460584752,1.0459576460584752
T1_select_source,qwen1.5b,rel_direction_l1_to_target,12,0,0.2539787314739176,-0.34965034965034963,0.33362994515112615,0.07965121367720854
T1_select_source,qwen1.5b,rel_direction_rmse_to_target,12,0,0.2539787314739176,-0.34965034965034963,0.33362994515112615,0.07965121367720854
T1_select_source,qwen1.5b,rel_magnitude_l1_to_target,12,0,0.25429965573579183,-0.04195804195804196,0.33362994515112615,0.07933028941533435
T1_select_source,qwen1.5b,rel_magnitude_rmse_to_target,12,0,0.25429965573579183,-0.04195804195804196,0.33362994515112615,0.07933028941533435
T1_select_source,qwen1.5b,memory_target_norm_gap,12,0,0.2539787314739176,-0.3146853146853147,0.33362994515112615,0.07965121367720854
T1_select_source,qwen1.5b,anchor_direction_js_to_target,12,0,0.2539787314739176,-0.2727272727272727,0.33362994515112615,0.07965121367720854
T1_select_source,qwen1.5b,target_direction_subspace_residual,12,0,0.24770940431264887,0.2937062937062937,0.33362994515112615,0.08592054083847726
T1_select_source,qwen1.5b,capacity_normalized_direction_rmse,12,0,0.2539787314739176,-0.34965034965034963,0.33362994515112615,0.07965121367720854
T1_select_source,qwen1.5b,diagnostic_rel_direction_z2_mean,12,0,0.2539787314739176,-0.34965034965034963,0.33362994515112615,0.07965121367720854
T1_select_source,qwen1.5b,diagnostic_rel_magnitude_z_abs_mean,12,1,0.0,0.6363636363636364,0.33362994515112615,0.33362994515112615
T1_select_source,qwen1.5b,diagnostic_target_direction_std_mean,12,0,0.2539787314739176,0.11450715310358611,0.33362994515112615,0.07965121367720854
T1_select_source,qwen1.5b,diagnostic_target_direction_std_min,12,0,0.2539787314739176,0.11450715310358611,0.33362994515112615,0.07965121367720854
T1_select_source,qwen1.5b,diagnostic_target_magnitude_std_mean,12,1,0.0,0.4351271817936272,0.33362994515112615,0.33362994515112615
T1_select_source,qwen1.5b,diagnostic_target_magnitude_std_min,12,1,0.0,0.4351271817936272,0.33362994515112615,0.33362994515112615
T1_select_source,qwen1.5b,source_native_nll,12,0,0.3252812213617042,-0.5524475524475524,0.33362994515112615,0.008348723789421988
T1_select_source,qwen1.5b,target_minus_source_nll,12,1,0.0,0.5524475524475524,0.33362994515112615,0.33362994515112615
T1_select_source,qwen1.5b,source_hidden_size,12,0,0.28664006885284166,-0.45854880407820403,0.33362994515112615,0.046989876298284515
T1_select_source,qwen1.5b,abs_log_hidden_ratio,12,0,0.25429965573579183,0.45854880407820403,0.33362994515112615,0.07933028941533435
T1_select_source,qwen1.5b,prior_same_model_family,12,1,0.0,0.563300712149108,0.33362994515112615,0.33362994515112615
T1_select_source,qwen1.5b,prior_cross_model_family,12,0,0.25429965573579183,-0.563300712149108,0.33362994515112615,0.07933028941533435
T1_select_source,qwen1.5b,prior_source_param_b,12,0,0.28664006885284166,-0.32753486005586,0.33362994515112615,0.046989876298284515
T1_select_source,qwen1.5b,prior_log_param_ratio_target_over_source,12,0,0.25429965573579183,0.32753486005586,0.33362994515112615,0.07933028941533435
T1_select_source,qwen1.5b,pair_normalized_direction_rmse,12,0,0.2539787314739176,-0.34265734265734266,0.33362994515112615,0.07965121367720854
T1_select_source,qwen1.5b,target_readability_z2_mean,12,0,0.2539787314739176,-0.34965034965034963,0.33362994515112615,0.07965121367720854
T1_select_source,qwen1.5b,target_readability_tail_frac,12,0,0.2539787314739176,-0.36427376353594004,0.33362994515112615,0.07965121367720854
T1_select_source,qwen1.5b,target_readability_cross_entropy,12,0,0.2100839840682998,-0.13986013986013987,0.33362994515112615,0.12354596108282632
T1_select_source,qwen1.5b,source_to_target_anchor_kl,12,0,0.2539787314739176,-0.2727272727272727,0.33362994515112615,0.07965121367720854
T1_select_source,qwen1.5b,target_readability_energy,12,0,0.21804478999704308,0.4195804195804196,0.33362994515112615,0.11558515515408306
T1_select_source,qwen1.5b,source_target_top_anchor_overlap,12,0,0.21804478999704308,0.43356643356643354,0.33362994515112615,0.11558515515408306
T1_select_source,qwen1.5b,source_target_direction_entropy_gap,12,0,0.30295047501818917,-0.4755244755244755,0.33362994515112615,0.030679470132936967
T1_select_source,qwen1.5b,source_target_direction_dispersion_gap,12,0,0.30295047501818917,-0.3986013986013986,0.33362994515112615,0.030679470132936967
T1_select_source,qwen1.5b,diagnostic_source_direction_entropy_mean,12,0,0.2539787314739176,-0.44755244755244755,0.33362994515112615,0.07965121367720854
T1_select_source,qwen1.5b,diagnostic_target_direction_entropy,12,0,0.2539787314739176,-0.5725357655179305,0.33362994515112615,0.07965121367720854
T1_select_source,qwen1.5b,diagnostic_source_direction_std_mean,12,0,0.30295047501818917,-0.44755244755244755,0.33362994515112615,0.030679470132936967
T1_select_source,qwen1.5b,_z_log_param_ratio,12,0,0.25429965573579183,0.32753486005586,0.33362994515112615,0.07933028941533435
T1_select_source,qwen1.5b,_z_neg_direction_rmse,12,0,0.2539787314739176,-0.34965034965034963,0.33362994515112615,0.07965121367720854
T1_select_source,qwen1.5b,_z_neg_anchor_js,12,0,0.2539787314739176,-0.2727272727272727,0.33362994515112615,0.07965121367720854
T1_select_source,qwen1.5b,_z_neg_magnitude_rmse,12,0,0.25429965573579183,-0.04195804195804196,0.33362994515112615,0.07933028941533435
T1_select_source,qwen1.5b,_z_neg_subspace_residual,12,0,0.24770940431264887,0.2937062937062937,0.33362994515112615,0.08592054083847726
T1_select_source,qwen1.5b,_z_neg_pair_norm_direction_rmse,12,0,0.2539787314739176,-0.34265734265734266,0.33362994515112615,0.07965121367720854
T1_select_source,qwen1.5b,_z_neg_target_readability_z2,12,0,0.2539787314739176,-0.34965034965034963,0.33362994515112615,0.07965121367720854
T1_select_source,qwen1.5b,_z_neg_target_readability_tail,12,0,0.2539787314739176,-0.36427376353594004,0.33362994515112615,0.07965121367720854
T1_select_source,qwen1.5b,_z_neg_target_readability_ce,12,0,0.2100839840682998,-0.13986013986013987,0.33362994515112615,0.12354596108282632
T1_select_source,qwen1.5b,_z_neg_source_to_target_kl,12,0,0.2539787314739176,-0.2727272727272727,0.33362994515112615,0.07965121367720854
T1_select_source,qwen1.5b,_z_target_readability_energy,12,0,0.21804478999704308,0.4195804195804196,0.33362994515112615,0.11558515515408306
T1_select_source,qwen1.5b,_z_top_anchor_overlap,12,0,0.21804478999704308,0.43356643356643354,0.33362994515112615,0.11558515515408306
T1_select_source,qwen1.5b,_z_neg_direction_entropy_gap,12,0,0.30295047501818917,-0.4755244755244755,0.33362994515112615,0.030679470132936967
T1_select_source,qwen1.5b,_z_neg_direction_dispersion_gap,12,0,0.30295047501818917,-0.3986013986013986,0.33362994515112615,0.030679470132936967
T1_select_source,qwen1.5b,_z_neg_source_native_nll,12,0,0.3252812213617042,-0.5524475524475524,0.33362994515112615,0.008348723789421988
T1_select_source,qwen1.5b,combined_hidden_direction_score,12,0,0.2539787314739176,-0.34965034965034963,0.33362994515112615,0.07965121367720854
T1_select_source,qwen1.5b,combined_hidden_js_score,12,0,0.2539787314739176,-0.2727272727272727,0.33362994515112615,0.07965121367720854
T1_select_source,qwen1.5b,combined_hidden_source_quality_score,12,0,0.3252812213617042,-0.5524475524475524,0.33362994515112615,0.008348723789421988
T1_select_source,qwen1.5b,combined_param_direction_score,12,0,0.2539787314739176,-0.34965034965034963,0.33362994515112615,0.07965121367720854
T1_select_source,qwen1.5b,combined_ratio_direction_score,12,0,0.25429965573579183,-0.04895104895104895,0.33362994515112615,0.07933028941533435
T1_select_source,qwen1.5b,pair_geometry_compatibility_score,12,0,0.016407252888318347,0.08391608391608392,0.33362994515112615,0.3172226922628078
T1_select_source,qwen3b,rel_direction_l1_to_target,12,0,0.2961620320834959,0.1048951048951049,0.3044339808487873,0.008271948765291422
T1_select_source,qwen3b,rel_direction_rmse_to_target,12,0,0.2961620320834959,0.04895104895104895,0.3044339808487873,0.008271948765291422
T1_select_source,qwen3b,rel_magnitude_l1_to_target,12,0,0.2964671845245223,-0.20279720279720279,0.3044339808487873,0.007966796324265028
T1_select_source,qwen3b,rel_magnitude_rmse_to_target,12,0,0.2964671845245223,-0.20279720279720279,0.3044339808487873,0.007966796324265028
T1_select_source,qwen3b,memory_target_norm_gap,12,0,0.2961620320834959,-0.45454545454545453,0.3044339808487873,0.008271948765291422
T1_select_source,qwen3b,anchor_direction_js_to_target,12,0,0.2961620320834959,-0.1888111888111888,0.3044339808487873,0.008271948765291422
T1_select_source,qwen3b,target_direction_subspace_residual,12,0,0.29944503709184617,-0.3986013986013986,0.3044339808487873,0.004988943756941139
T1_select_source,qwen3b,capacity_normalized_direction_rmse,12,0,0.2961620320834959,0.04895104895104895,0.3044339808487873,0.008271948765291422
T1_select_source,qwen3b,diagnostic_rel_direction_z2_mean,12,0,0.2961620320834959,0.1048951048951049,0.3044339808487873,0.008271948765291422
T1_select_source,qwen3b,diagnostic_rel_magnitude_z_abs_mean,12,0,0.0016203980887413705,0.34265734265734266,0.3044339808487873,0.30281358276004594
T1_select_source,qwen3b,diagnostic_target_direction_std_mean,12,0,0.0016203980887413705,0.36642288993147554,0.3044339808487873,0.30281358276004594
T1_select_source,qwen3b,diagnostic_target_direction_std_min,12,0,0.2961620320834959,0.18321144496573777,0.3044339808487873,0.008271948765291422
T1_select_source,qwen3b,diagnostic_target_magnitude_std_mean,12,0,0.0016203980887413705,0.36642288993147554,0.3044339808487873,0.30281358276004594
T1_select_source,qwen3b,diagnostic_target_magnitude_std_min,12,0,0.0016203980887413705,0.36642288993147554,0.3044339808487873,0.30281358276004594
T1_select_source,qwen3b,source_native_nll,12,0,0.294159855432319,-0.15384615384615385,0.3044339808487873,0.010274125416468348
T1_select_source,qwen3b,target_minus_source_nll,12,0,0.0016203980887413705,0.15384615384615385,0.3044339808487873,0.30281358276004594
T1_select_source,qwen3b,source_hidden_size,12,0,0.2968341399915793,-0.4876086932800089,0.3044339808487873,0.007599840857207972
T1_select_source,qwen3b,abs_log_hidden_ratio,12,0,0.2964671845245223,0.34419437172706513,0.3044339808487873,0.007966796324265028
T1_select_source,qwen3b,prior_same_model_family,12,0,0.0016203980887413705,0.40967324519935133,0.3044339808487873,0.30281358276004594
T1_select_source,qwen3b,prior_cross_model_family,12,0,0.2964671845245223,-0.40967324519935133,0.3044339808487873,0.007966796324265028
T1_select_source,qwen3b,prior_source_param_b,12,0,0.2968341399915793,-0.3585358038823595,0.3044339808487873,0.007599840857207972
T1_select_source,qwen3b,prior_log_param_ratio_target_over_source,12,0,0.2964671845245223,0.3585358038823595,0.3044339808487873,0.007966796324265028
T1_select_source,qwen3b,prior_param_tier_jump,12,0,0.2964671845245223,-0.16724840200141816,0.3044339808487873,0.007966796324265028
T1_select_source,qwen3b,pair_normalized_direction_rmse,12,0,0.2961620320834959,0.16083916083916083,0.3044339808487873,0.008271948765291422
T1_select_source,qwen3b,target_readability_z2_mean,12,0,0.2961620320834959,0.1048951048951049,0.3044339808487873,0.008271948765291422
T1_select_source,qwen3b,target_readability_tail_frac,12,0,0.2961620320834959,-0.18563951410966176,0.3044339808487873,0.008271948765291422
T1_select_source,qwen3b,target_readability_cross_entropy,12,0,0.16401101757732925,0.2097902097902098,0.3044339808487873,0.14042296327145806
T1_select_source,qwen3b,source_to_target_anchor_kl,12,0,0.2961620320834959,-0.1888111888111888,0.3044339808487873,0.008271948765291422
T1_select_source,qwen3b,target_readability_energy,12,0,0.0016203980887413705,0.4825174825174825,0.3044339808487873,0.30281358276004594
T1_select_source,qwen3b,source_target_top_anchor_overlap,12,0,0.14934538216562054,0.6223776223776224,0.3044339808487873,0.15508859868316677
T1_select_source,qwen3b,source_target_direction_entropy_gap,12,0,0.2834172031238944,-0.13286713286713286,0.3044339808487873,0.021016777724892906
T1_select_source,qwen3b,source_target_direction_dispersion_gap,12,0,0.2834172031238944,0.40559440559440557,0.3044339808487873,0.021016777724892906
T1_select_source,qwen3b,diagnostic_source_direction_entropy_mean,12,0,0.2961620320834959,-0.5804195804195804,0.3044339808487873,0.008271948765291422
T1_select_source,qwen3b,diagnostic_target_direction_entropy,12,0,0.2961620320834959,-0.36642288993147554,0.3044339808487873,0.008271948765291422
T1_select_source,qwen3b,diagnostic_source_direction_std_mean,12,0,0.2834172031238944,0.4405594405594406,0.3044339808487873,0.021016777724892906
T1_select_source,qwen3b,_z_log_param_ratio,12,0,0.2964671845245223,0.3585358038823595,0.3044339808487873,0.007966796324265028
T1_select_source,qwen3b,_z_neg_direction_rmse,12,0,0.2961620320834959,0.04895104895104895,0.3044339808487873,0.008271948765291422
T1_select_source,qwen3b,_z_neg_anchor_js,12,0,0.2961620320834959,-0.1888111888111888,0.3044339808487873,0.008271948765291422
T1_select_source,qwen3b,_z_neg_magnitude_rmse,12,0,0.2964671845245223,-0.20279720279720279,0.3044339808487873,0.007966796324265028
T1_select_source,qwen3b,_z_neg_subspace_residual,12,0,0.29944503709184617,-0.3986013986013986,0.3044339808487873,0.004988943756941139
T1_select_source,qwen3b,_z_neg_pair_norm_direction_rmse,12,0,0.2961620320834959,0.16083916083916083,0.3044339808487873,0.008271948765291422
T1_select_source,qwen3b,_z_neg_target_readability_z2,12,0,0.2961620320834959,0.1048951048951049,0.3044339808487873,0.008271948765291422
T1_select_source,qwen3b,_z_neg_target_readability_tail,12,0,0.2961620320834959,-0.18563951410966176,0.3044339808487873,0.008271948765291422
T1_select_source,qwen3b,_z_neg_target_readability_ce,12,0,0.16401101757732925,0.2097902097902098,0.3044339808487873,0.14042296327145806
T1_select_source,qwen3b,_z_neg_source_to_target_kl,12,0,0.2961620320834959,-0.1888111888111888,0.3044339808487873,0.008271948765291422
T1_select_source,qwen3b,_z_target_readability_energy,12,0,0.0016203980887413705,0.4825174825174825,0.3044339808487873,0.30281358276004594
T1_select_source,qwen3b,_z_top_anchor_overlap,12,0,0.14934538216562054,0.6223776223776224,0.3044339808487873,0.15508859868316677
T1_select_source,qwen3b,_z_neg_direction_entropy_gap,12,0,0.2834172031238944,-0.13286713286713286,0.3044339808487873,0.021016777724892906
T1_select_source,qwen3b,_z_neg_direction_dispersion_gap,12,0,0.2834172031238944,0.40559440559440557,0.3044339808487873,0.021016777724892906
T1_select_source,qwen3b,_z_neg_source_native_nll,12,0,0.294159855432319,-0.15384615384615385,0.3044339808487873,0.010274125416468348
T1_select_source,qwen3b,combined_hidden_direction_score,12,0,0.2961620320834959,0.04895104895104895,0.3044339808487873,0.008271948765291422
T1_select_source,qwen3b,combined_hidden_js_score,12,0,0.2961620320834959,-0.1888111888111888,0.3044339808487873,0.008271948765291422
T1_select_source,qwen3b,combined_hidden_source_quality_score,12,0,0.294159855432319,-0.15384615384615385,0.3044339808487873,0.010274125416468348
T1_select_source,qwen3b,combined_param_direction_score,12,0,0.2961620320834959,0.04895104895104895,0.3044339808487873,0.008271948765291422
T1_select_source,qwen3b,combined_ratio_direction_score,12,0,0.2964671845245223,0.24475524475524477,0.3044339808487873,0.007966796324265028
T1_select_source,qwen3b,pair_geometry_compatibility_score,12,0,0.0016203980887413705,0.4195804195804196,0.3044339808487873,0.30281358276004594
T1_select_source,qwen7b,rel_direction_l1_to_target,11,0,0.15889926932402132,0.09090909090909091,0.9911003169296715,0.8322010476056502
T1_select_source,qwen7b,rel_direction_rmse_to_target,11,0,0.15889926932402132,0.1,0.9911003169296715,0.8322010476056502
T1_select_source,qwen7b,rel_magnitude_l1_to_target,11,0,0.019828791778033428,0.4636363636363636,0.9911003169296715,0.9712715251516381
T1_select_source,qwen7b,rel_magnitude_rmse_to_target,11,0,0.019828791778033428,0.4636363636363636,0.9911003169296715,0.9712715251516381
T1_select_source,qwen7b,memory_target_norm_gap,11,0,0.019828791778033428,0.08181818181818182,0.9911003169296715,0.9712715251516381
T1_select_source,qwen7b,anchor_direction_js_to_target,11,0,0.6124596455063669,-0.43636363636363634,0.9911003169296715,0.37864067142330465
T1_select_source,qwen7b,target_direction_subspace_residual,11,0,0.8026108567141047,-0.2727272727272727,0.9911003169296715,0.18848946021556678
T1_select_source,qwen7b,capacity_normalized_direction_rmse,11,0,0.15889926932402132,0.1,0.9911003169296715,0.8322010476056502
T1_select_source,qwen7b,diagnostic_rel_direction_z2_mean,11,0,0.15889926932402132,0.08181818181818182,0.9911003169296715,0.8322010476056502
T1_select_source,qwen7b,diagnostic_rel_magnitude_z_abs_mean,11,0,0.11716881676831037,0.13636363636363635,0.9911003169296715,0.8739315001613611
T1_select_source,qwen7b,diagnostic_target_direction_std_mean,11,0,0.3428508775559178,-0.3727102613464498,0.9911003169296715,0.6482494393737537
T1_select_source,qwen7b,diagnostic_target_direction_std_min,11,0,0.019828791778033428,0.23094010767585033,0.9911003169296715,0.9712715251516381
T1_select_source,qwen7b,diagnostic_target_magnitude_std_mean,11,0,0.11716881676831037,-0.049040823861374976,0.9911003169296715,0.8739315001613611
T1_select_source,qwen7b,diagnostic_target_magnitude_std_min,11,0,0.11716881676831037,-0.049040823861374976,0.9911003169296715,0.8739315001613611
T1_select_source,qwen7b,source_native_nll,11,0,0.6124596455063669,-0.7636363636363637,0.9911003169296715,0.37864067142330465
T1_select_source,qwen7b,target_minus_source_nll,11,0,0.11716881676831037,0.7636363636363637,0.9911003169296715,0.8739315001613611
T1_select_source,qwen7b,source_hidden_size,11,0,0.15889926932402132,-0.4531529472296166,0.9911003169296715,0.8322010476056502
T1_select_source,qwen7b,abs_log_hidden_ratio,11,0,0.15889926932402132,-0.4531529472296166,0.9911003169296715,0.8322010476056502
T1_select_source,qwen7b,prior_same_model_family,11,0,0.11716881676831037,0.17928429140015906,0.9911003169296715,0.8739315001613611
T1_select_source,qwen7b,prior_cross_model_family,11,0,0.019828791778033428,-0.17928429140015906,0.9911003169296715,0.9712715251516381
T1_select_source,qwen7b,prior_source_param_b,11,0,0.15889926932402132,-0.524833453307831,0.9911003169296715,0.8322010476056502
T1_select_source,qwen7b,prior_log_param_ratio_target_over_source,11,0,0.019828791778033428,0.524833453307831,0.9911003169296715,0.9712715251516381
T1_select_source,qwen7b,prior_param_tier_jump,11,0,0.019828791778033428,0.5249127500606671,0.9911003169296715,0.9712715251516381
T1_select_source,qwen7b,pair_normalized_direction_rmse,11,0,0.15889926932402132,0.07272727272727272,0.9911003169296715,0.8322010476056502
T1_select_source,qwen7b,target_readability_z2_mean,11,0,0.15889926932402132,-0.00909090909090909,0.9911003169296715,0.8322010476056502
T1_select_source,qwen7b,target_readability_tail_frac,11,0,0.047121566940015125,0.037219368415938835,0.9911003169296715,0.9439787499896564
T1_select_source,qwen7b,target_magnitude_tail_frac,11,0,0.11716881676831037,0.21968621277986813,0.9911003169296715,0.8739315001613611
T1_select_source,qwen7b,target_readability_cross_entropy,11,0,0.11716881676831037,-0.03636363636363636,0.9911003169296715,0.8739315001613611
T1_select_source,qwen7b,source_to_target_anchor_kl,11,0,0.6124596455063669,-0.43636363636363634,0.9911003169296715,0.37864067142330465
T1_select_source,qwen7b,target_readability_energy,11,0,0.11716881676831037,-0.35454545454545455,0.9911003169296715,0.8739315001613611
T1_select_source,qwen7b,source_target_top_anchor_overlap,11,0,0.8026108567141047,-0.4818181818181818,0.9911003169296715,0.18848946021556678
T1_select_source,qwen7b,source_target_direction_entropy_gap,11,0,0.3428508775559178,-0.45454545454545453,0.9911003169296715,0.6482494393737537
T1_select_source,qwen7b,source_target_direction_dispersion_gap,11,0,0.11716881676831037,-0.09090909090909091,0.9911003169296715,0.8739315001613611
T1_select_source,qwen7b,diagnostic_source_direction_entropy_mean,11,0,0.3428508775559178,-0.45454545454545453,0.9911003169296715,0.6482494393737537
T1_select_source,qwen7b,diagnostic_target_direction_entropy,11,0,0.019828791778033428,0.3825184261187248,0.9911003169296715,0.9712715251516381
T1_select_source,qwen7b,diagnostic_source_direction_std_mean,11,0,0.11716881676831037,-0.09090909090909091,0.9911003169296715,0.8739315001613611
T1_select_source,qwen7b,_z_log_param_ratio,11,0,0.019828791778033428,0.524833453307831,0.9911003169296715,0.9712715251516381
T1_select_source,qwen7b,_z_neg_direction_rmse,11,0,0.15889926932402132,0.1,0.9911003169296715,0.8322010476056502
T1_select_source,qwen7b,_z_neg_anchor_js,11,0,0.6124596455063669,-0.43636363636363634,0.9911003169296715,0.37864067142330465
T1_select_source,qwen7b,_z_neg_magnitude_rmse,11,0,0.019828791778033428,0.4636363636363636,0.9911003169296715,0.9712715251516381
T1_select_source,qwen7b,_z_neg_subspace_residual,11,0,0.8026108567141047,-0.2727272727272727,0.9911003169296715,0.18848946021556678
T1_select_source,qwen7b,_z_neg_pair_norm_direction_rmse,11,0,0.15889926932402132,0.07272727272727272,0.9911003169296715,0.8322010476056502
T1_select_source,qwen7b,_z_neg_target_readability_z2,11,0,0.15889926932402132,-0.00909090909090909,0.9911003169296715,0.8322010476056502
T1_select_source,qwen7b,_z_neg_target_readability_tail,11,0,0.047121566940015125,0.037219368415938835,0.9911003169296715,0.9439787499896564
T1_select_source,qwen7b,_z_neg_target_magnitude_tail,11,0,0.11716881676831037,0.21968621277986813,0.9911003169296715,0.8739315001613611
T1_select_source,qwen7b,_z_neg_target_readability_ce,11,0,0.11716881676831037,-0.03636363636363636,0.9911003169296715,0.8739315001613611
T1_select_source,qwen7b,_z_neg_source_to_target_kl,11,0,0.6124596455063669,-0.43636363636363634,0.9911003169296715,0.37864067142330465
T1_select_source,qwen7b,_z_target_readability_energy,11,0,0.11716881676831037,-0.35454545454545455,0.9911003169296715,0.8739315001613611
T1_select_source,qwen7b,_z_top_anchor_overlap,11,0,0.8026108567141047,-0.4818181818181818,0.9911003169296715,0.18848946021556678
T1_select_source,qwen7b,_z_neg_direction_entropy_gap,11,0,0.3428508775559178,-0.45454545454545453,0.9911003169296715,0.6482494393737537
T1_select_source,qwen7b,_z_neg_direction_dispersion_gap,11,0,0.11716881676831037,-0.09090909090909091,0.9911003169296715,0.8739315001613611
T1_select_source,qwen7b,_z_neg_source_native_nll,11,0,0.6124596455063669,-0.7636363636363637,0.9911003169296715,0.37864067142330465
T1_select_source,qwen7b,combined_hidden_direction_score,11,0,0.15889926932402132,0.1,0.9911003169296715,0.8322010476056502
T1_select_source,qwen7b,combined_hidden_js_score,11,0,0.6124596455063669,-0.43636363636363634,0.9911003169296715,0.37864067142330465
T1_select_source,qwen7b,combined_hidden_source_quality_score,11,0,0.6124596455063669,-0.7636363636363637,0.9911003169296715,0.37864067142330465
T1_select_source,qwen7b,combined_param_direction_score,11,0,0.15889926932402132,0.1,0.9911003169296715,0.8322010476056502
T1_select_source,qwen7b,combined_ratio_direction_score,11,0,0.019828791778033428,0.5545454545454546,0.9911003169296715,0.9712715251516381
T1_select_source,qwen7b,pair_geometry_compatibility_score,11,0,0.3428508775559178,0.0,0.9911003169296715,0.6482494393737537
T2_select_target,gpt2:llama1b,rel_direction_l1_to_target,6,1,0.0,0.7714285714285715,0.9712715251516381,0.9712715251516381
T2_select_target,gpt2:llama1b,rel_direction_rmse_to_target,6,1,0.0,0.7714285714285715,0.9712715251516381,0.9712715251516381
T2_select_target,gpt2:llama1b,rel_magnitude_l1_to_target,6,0,0.1310075185386237,-0.42857142857142855,0.9712715251516381,0.8402640066130144
T2_select_target,gpt2:llama1b,rel_magnitude_rmse_to_target,6,0,0.1310075185386237,-0.42857142857142855,0.9712715251516381,0.8402640066130144
T2_select_target,gpt2:llama1b,memory_target_norm_gap,6,0,0.9633047288273731,-0.7142857142857143,0.9712715251516381,0.007966796324265028
T2_select_target,gpt2:llama1b,anchor_direction_js_to_target,6,0,0.11672483230171116,0.6,0.9712715251516381,0.8545466928499269
T2_select_target,gpt2:llama1b,target_direction_subspace_residual,6,0,0.1317674458646183,-0.7142857142857143,0.9712715251516381,0.8395040792870198
T2_select_target,gpt2:llama1b,capacity_normalized_direction_rmse,6,1,0.0,0.7714285714285715,0.9712715251516381,0.9712715251516381
T2_select_target,gpt2:llama1b,diagnostic_rel_direction_z2_mean,6,1,0.0,0.7142857142857143,0.9712715251516381,0.9712715251516381
T2_select_target,gpt2:llama1b,diagnostic_rel_magnitude_z_abs_mean,6,0,0.11672483230171116,0.9428571428571428,0.9712715251516381,0.8545466928499269
T2_select_target,gpt2:llama1b,diagnostic_target_direction_std_mean,6,0,0.1317674458646183,-0.6,0.9712715251516381,0.8395040792870198
T2_select_target,gpt2:llama1b,diagnostic_target_direction_std_min,6,1,0.0,-0.02857142857142857,0.9712715251516381,0.9712715251516381
T2_select_target,gpt2:llama1b,diagnostic_target_magnitude_std_mean,6,0,0.11672483230171116,0.9428571428571428,0.9712715251516381,0.8545466928499269
T2_select_target,gpt2:llama1b,diagnostic_target_magnitude_std_min,6,0,0.11672483230171116,0.9428571428571428,0.9712715251516381,0.8545466928499269
T2_select_target,gpt2:llama1b,target_text_nll,6,0,0.1310075185386237,0.37142857142857144,0.9712715251516381,0.8402640066130144
T2_select_target,gpt2:llama1b,source_native_nll,6,0,0.9633047288273731,-0.42857142857142855,0.9712715251516381,0.007966796324265028
T2_select_target,gpt2:llama1b,target_minus_source_nll,6,0,0.1310075185386237,0.37142857142857144,0.9712715251516381,0.8402640066130144
T2_select_target,gpt2:llama1b,target_hidden_size,6,0,0.11672483230171116,0.753702346348183,0.9712715251516381,0.8545466928499269
T2_select_target,gpt2:llama1b,abs_log_hidden_ratio,6,0,0.9633047288273731,-0.8116794499134278,0.9712715251516381,0.007966796324265028
T2_select_target,gpt2:llama1b,prior_same_model_family,6,0,0.1317674458646183,0.20701966780270628,0.9712715251516381,0.8395040792870198
T2_select_target,gpt2:llama1b,prior_cross_model_family,6,0,0.1310075185386237,-0.20701966780270628,0.9712715251516381,0.8402640066130144
T2_select_target,gpt2:llama1b,prior_target_param_b,6,0,0.11672483230171116,0.7944613465542745,0.9712715251516381,0.8545466928499269
T2_select_target,gpt2:llama1b,prior_log_param_ratio_target_over_source,6,0,0.11672483230171116,0.7944613465542745,0.9712715251516381,0.8545466928499269
T2_select_target,gpt2:llama1b,prior_param_tier_jump,6,0,0.1317674458646183,0.3927922024247863,0.9712715251516381,0.8395040792870198
T2_select_target,gpt2:llama1b,pair_normalized_direction_rmse,6,1,0.0,0.7714285714285715,0.9712715251516381,0.9712715251516381
T2_select_target,gpt2:llama1b,target_readability_z2_mean,6,1,0.0,0.7142857142857143,0.9712715251516381,0.9712715251516381
T2_select_target,gpt2:llama1b,target_readability_tail_frac,6,1,0.0,0.7714285714285715,0.9712715251516381,0.9712715251516381
T2_select_target,gpt2:llama1b,target_readability_cross_entropy,6,0,0.11672483230171116,0.6,0.9712715251516381,0.8545466928499269
T2_select_target,gpt2:llama1b,source_to_target_anchor_kl,6,0,0.11672483230171116,0.6,0.9712715251516381,0.8545466928499269
T2_select_target,gpt2:llama1b,target_readability_energy,6,0,0.1310075185386237,0.5428571428571428,0.9712715251516381,0.8402640066130144
T2_select_target,gpt2:llama1b,source_target_top_anchor_overlap,6,0,0.11672483230171116,-0.08571428571428572,0.9712715251516381,0.8545466928499269
T2_select_target,gpt2:llama1b,source_target_direction_entropy_gap,6,0,0.9633047288273731,0.08571428571428572,0.9712715251516381,0.007966796324265028
T2_select_target,gpt2:llama1b,source_target_direction_dispersion_gap,6,0,0.11672483230171116,0.6,0.9712715251516381,0.8545466928499269
T2_select_target,gpt2:llama1b,diagnostic_source_direction_entropy_mean,6,0,0.1317674458646183,0.030358837035945812,0.9712715251516381,0.8395040792870198
T2_select_target,gpt2:llama1b,diagnostic_target_direction_entropy,6,0,0.11672483230171116,0.6,0.9712715251516381,0.8545466928499269
T2_select_target,gpt2:llama1b,diagnostic_source_direction_std_mean,6,0,0.1317674458646183,0.15179418517972906,0.9712715251516381,0.8395040792870198
T2_select_target,gpt2:llama1b,_z_target_hidden_size,6,0,0.11672483230171116,0.753702346348183,0.9712715251516381,0.8545466928499269
T2_select_target,gpt2:llama1b,_z_prior_target_param_b,6,0,0.11672483230171116,0.7944613465542745,0.9712715251516381,0.8545466928499269
T2_select_target,gpt2:llama1b,_z_log_param_ratio,6,0,0.11672483230171116,0.7944613465542745,0.9712715251516381,0.8545466928499269
T2_select_target,gpt2:llama1b,_z_neg_direction_rmse,6,1,0.0,0.7714285714285715,0.9712715251516381,0.9712715251516381
T2_select_target,gpt2:llama1b,_z_neg_anchor_js,6,0,0.11672483230171116,0.6,0.9712715251516381,0.8545466928499269
T2_select_target,gpt2:llama1b,_z_neg_magnitude_rmse,6,0,0.1310075185386237,-0.42857142857142855,0.9712715251516381,0.8402640066130144
T2_select_target,gpt2:llama1b,_z_neg_subspace_residual,6,0,0.1317674458646183,-0.7142857142857143,0.9712715251516381,0.8395040792870198
T2_select_target,gpt2:llama1b,_z_neg_pair_norm_direction_rmse,6,1,0.0,0.7714285714285715,0.9712715251516381,0.9712715251516381
T2_select_target,gpt2:llama1b,_z_neg_target_readability_z2,6,1,0.0,0.7142857142857143,0.9712715251516381,0.9712715251516381
T2_select_target,gpt2:llama1b,_z_neg_target_readability_tail,6,1,0.0,0.7714285714285715,0.9712715251516381,0.9712715251516381
T2_select_target,gpt2:llama1b,_z_neg_target_readability_ce,6,0,0.11672483230171116,0.6,0.9712715251516381,0.8545466928499269
T2_select_target,gpt2:llama1b,_z_neg_source_to_target_kl,6,0,0.11672483230171116,0.6,0.9712715251516381,0.8545466928499269
T2_select_target,gpt2:llama1b,_z_target_readability_energy,6,0,0.1310075185386237,0.5428571428571428,0.9712715251516381,0.8402640066130144
T2_select_target,gpt2:llama1b,_z_top_anchor_overlap,6,0,0.11672483230171116,-0.08571428571428572,0.9712715251516381,0.8545466928499269
T2_select_target,gpt2:llama1b,_z_neg_direction_entropy_gap,6,0,0.9633047288273731,0.08571428571428572,0.9712715251516381,0.007966796324265028
T2_select_target,gpt2:llama1b,_z_neg_direction_dispersion_gap,6,0,0.11672483230171116,0.6,0.9712715251516381,0.8545466928499269
T2_select_target,gpt2:llama1b,_z_neg_source_native_nll,6,0,0.9633047288273731,-0.42857142857142855,0.9712715251516381,0.007966796324265028
T2_select_target,gpt2:llama1b,combined_hidden_direction_score,6,0,0.11672483230171116,0.6571428571428571,0.9712715251516381,0.8545466928499269
T2_select_target,gpt2:llama1b,combined_hidden_js_score,6,0,0.11672483230171116,0.6571428571428571,0.9712715251516381,0.8545466928499269
T2_select_target,gpt2:llama1b,combined_hidden_source_quality_score,6,0,0.11672483230171116,0.7714285714285715,0.9712715251516381,0.8545466928499269
T2_select_target,gpt2:llama1b,combined_param_direction_score,6,0,0.11672483230171116,0.7142857142857143,0.9712715251516381,0.8545466928499269
T2_select_target,gpt2:llama1b,combined_ratio_direction_score,6,0,0.11672483230171116,0.7142857142857143,0.9712715251516381,0.8545466928499269
T2_select_target,gpt2:llama1b,pair_geometry_compatibility_score,6,0,0.11672483230171116,0.7142857142857143,0.9712715251516381,0.8545466928499269
T2_select_target,gpt2:llama3b,rel_direction_l1_to_target,6,0,0.08134154327433119,0.7142857142857143,0.9439787499896564,0.8626372067153252
T2_select_target,gpt2:llama3b,rel_direction_rmse_to_target,6,0,0.08134154327433119,0.7142857142857143,0.9439787499896564,0.8626372067153252
T2_select_target,gpt2:llama3b,rel_magnitude_l1_to_target,6,0,0.17225052889339787,-0.42857142857142855,0.9439787499896564,0.7717282210962585
T2_select_target,gpt2:llama3b,rel_magnitude_rmse_to_target,6,0,0.17225052889339787,-0.42857142857142855,0.9439787499896564,0.7717282210962585
T2_select_target,gpt2:llama3b,memory_target_norm_gap,6,0,0.9318981897452254,-0.7714285714285715,0.9439787499896564,0.012080560244430969
T2_select_target,gpt2:llama3b,anchor_direction_js_to_target,6,0,0.08134154327433119,0.6,0.9439787499896564,0.8626372067153252
T2_select_target,gpt2:llama3b,target_direction_subspace_residual,6,0,0.29449673483971717,-0.7714285714285715,0.9439787499896564,0.6494820151499392
T2_select_target,gpt2:llama3b,capacity_normalized_direction_rmse,6,0,0.08134154327433119,0.7142857142857143,0.9439787499896564,0.8626372067153252
T2_select_target,gpt2:llama3b,diagnostic_rel_direction_z2_mean,6,1,0.0,0.3142857142857143,0.9439787499896564,0.9439787499896564
T2_select_target,gpt2:llama3b,diagnostic_rel_magnitude_z_abs_mean,6,0,0.08134154327433119,0.9428571428571428,0.9439787499896564,0.8626372067153252
T2_select_target,gpt2:llama3b,diagnostic_target_direction_std_mean,6,0,0.29449673483971717,-0.6,0.9439787499896564,0.6494820151499392
T2_select_target,gpt2:llama3b,diagnostic_target_direction_std_min,6,1,0.0,-0.08571428571428572,0.9439787499896564,0.9439787499896564
T2_select_target,gpt2:llama3b,diagnostic_target_magnitude_std_mean,6,0,0.08134154327433119,0.9428571428571428,0.9439787499896564,0.8626372067153252
T2_select_target,gpt2:llama3b,diagnostic_target_magnitude_std_min,6,0,0.08134154327433119,0.9428571428571428,0.9439787499896564,0.8626372067153252
T2_select_target,gpt2:llama3b,target_text_nll,6,0,0.17225052889339787,0.37142857142857144,0.9439787499896564,0.7717282210962585
T2_select_target,gpt2:llama3b,source_native_nll,6,0,0.17225052889339787,0.4857142857142857,0.9439787499896564,0.7717282210962585
T2_select_target,gpt2:llama3b,target_minus_source_nll,6,0,0.17225052889339787,0.37142857142857144,0.9439787499896564,0.7717282210962585
T2_select_target,gpt2:llama3b,target_hidden_size,6,0,0.08134154327433119,0.7061878636037996,0.9439787499896564,0.8626372067153252
T2_select_target,gpt2:llama3b,abs_log_hidden_ratio,6,1,0.0,0.8827348295047495,0.9439787499896564,0.9439787499896564
T2_select_target,gpt2:llama3b,prior_same_model_family,6,0,0.29449673483971717,0.20701966780270628,0.9439787499896564,0.6494820151499392
T2_select_target,gpt2:llama3b,prior_cross_model_family,6,0,0.17225052889339787,-0.20701966780270628,0.9439787499896564,0.7717282210962585
T2_select_target,gpt2:llama3b,prior_target_param_b,6,0,0.08134154327433119,0.6667366910003157,0.9439787499896564,0.8626372067153252
T2_select_target,gpt2:llama3b,prior_log_param_ratio_target_over_source,6,0,0.08134154327433119,0.6667366910003157,0.9439787499896564,0.8626372067153252
T2_select_target,gpt2:llama3b,prior_param_tier_jump,6,0,0.08134154327433119,0.6761234037828133,0.9439787499896564,0.8626372067153252
T2_select_target,gpt2:llama3b,pair_normalized_direction_rmse,6,1,0.0,0.7714285714285715,0.9439787499896564,0.9439787499896564
T2_select_target,gpt2:llama3b,target_readability_z2_mean,6,1,0.0,0.3142857142857143,0.9439787499896564,0.9439787499896564
T2_select_target,gpt2:llama3b,target_readability_tail_frac,6,1,0.0,0.4857142857142857,0.9439787499896564,0.9439787499896564
T2_select_target,gpt2:llama3b,target_readability_cross_entropy,6,0,0.17225052889339787,0.6,0.9439787499896564,0.7717282210962585
T2_select_target,gpt2:llama3b,source_to_target_anchor_kl,6,0,0.08134154327433119,0.7142857142857143,0.9439787499896564,0.8626372067153252
T2_select_target,gpt2:llama3b,target_readability_energy,6,0,0.29449673483971717,-0.7142857142857143,0.9439787499896564,0.6494820151499392
T2_select_target,gpt2:llama3b,source_target_top_anchor_overlap,6,0,0.29449673483971717,-0.5428571428571428,0.9439787499896564,0.6494820151499392
T2_select_target,gpt2:llama3b,source_target_direction_entropy_gap,6,1,0.0,0.7714285714285715,0.9439787499896564,0.9439787499896564
T2_select_target,gpt2:llama3b,source_target_direction_dispersion_gap,6,0,0.08134154327433119,0.6,0.9439787499896564,0.8626372067153252
T2_select_target,gpt2:llama3b,diagnostic_source_direction_entropy_mean,6,0,0.08134154327433119,0.15179418517972906,0.9439787499896564,0.8626372067153252
T2_select_target,gpt2:llama3b,diagnostic_target_direction_entropy,6,0,0.08134154327433119,0.6,0.9439787499896564,0.8626372067153252
T2_select_target,gpt2:llama3b,diagnostic_source_direction_std_mean,6,0,0.6267560577268485,-0.39466488146729556,0.9439787499896564,0.3172226922628078
T2_select_target,gpt2:llama3b,_z_target_hidden_size,6,0,0.08134154327433119,0.7061878636037996,0.9439787499896564,0.8626372067153252
T2_select_target,gpt2:llama3b,_z_prior_target_param_b,6,0,0.08134154327433119,0.6667366910003157,0.9439787499896564,0.8626372067153252
T2_select_target,gpt2:llama3b,_z_log_param_ratio,6,0,0.08134154327433119,0.6667366910003157,0.9439787499896564,0.8626372067153252
T2_select_target,gpt2:llama3b,_z_neg_direction_rmse,6,0,0.08134154327433119,0.7142857142857143,0.9439787499896564,0.8626372067153252
T2_select_target,gpt2:llama3b,_z_neg_anchor_js,6,0,0.08134154327433119,0.6,0.9439787499896564,0.8626372067153252
T2_select_target,gpt2:llama3b,_z_neg_magnitude_rmse,6,0,0.17225052889339787,-0.42857142857142855,0.9439787499896564,0.7717282210962585
T2_select_target,gpt2:llama3b,_z_neg_subspace_residual,6,0,0.29449673483971717,-0.7714285714285715,0.9439787499896564,0.6494820151499392
T2_select_target,gpt2:llama3b,_z_neg_pair_norm_direction_rmse,6,1,0.0,0.7714285714285715,0.9439787499896564,0.9439787499896564
T2_select_target,gpt2:llama3b,_z_neg_target_readability_z2,6,1,0.0,0.3142857142857143,0.9439787499896564,0.9439787499896564
T2_select_target,gpt2:llama3b,_z_neg_target_readability_tail,6,1,0.0,0.4857142857142857,0.9439787499896564,0.9439787499896564
T2_select_target,gpt2:llama3b,_z_neg_target_readability_ce,6,0,0.17225052889339787,0.6,0.9439787499896564,0.7717282210962585
T2_select_target,gpt2:llama3b,_z_neg_source_to_target_kl,6,0,0.08134154327433119,0.7142857142857143,0.9439787499896564,0.8626372067153252
T2_select_target,gpt2:llama3b,_z_target_readability_energy,6,0,0.29449673483971717,-0.7142857142857143,0.9439787499896564,0.6494820151499392
T2_select_target,gpt2:llama3b,_z_top_anchor_overlap,6,0,0.29449673483971717,-0.5428571428571428,0.9439787499896564,0.6494820151499392
T2_select_target,gpt2:llama3b,_z_neg_direction_entropy_gap,6,1,0.0,0.7714285714285715,0.9439787499896564,0.9439787499896564
T2_select_target,gpt2:llama3b,_z_neg_direction_dispersion_gap,6,0,0.08134154327433119,0.6,0.9439787499896564,0.8626372067153252
T2_select_target,gpt2:llama3b,_z_neg_source_native_nll,6,0,0.17225052889339787,0.4857142857142857,0.9439787499896564,0.7717282210962585
T2_select_target,gpt2:llama3b,combined_hidden_direction_score,6,0,0.08134154327433119,0.6,0.9439787499896564,0.8626372067153252
T2_select_target,gpt2:llama3b,combined_hidden_js_score,6,0,0.08134154327433119,0.6,0.9439787499896564,0.8626372067153252
T2_select_target,gpt2:llama3b,combined_hidden_source_quality_score,6,0,0.17225052889339787,0.7142857142857143,0.9439787499896564,0.7717282210962585
T2_select_target,gpt2:llama3b,combined_param_direction_score,6,0,0.08134154327433119,0.7142857142857143,0.9439787499896564,0.8626372067153252
T2_select_target,gpt2:llama3b,combined_ratio_direction_score,6,0,0.08134154327433119,0.7142857142857143,0.9439787499896564,0.8626372067153252
T2_select_target,gpt2:llama3b,pair_geometry_compatibility_score,6,0,0.17225052889339787,0.37142857142857144,0.9439787499896564,0.7717282210962585
T2_select_target,gpt2:llama8b,rel_direction_l1_to_target,6,1,0.0,0.2,0.8322010476056502,0.8322010476056502
T2_select_target,gpt2:llama8b,rel_direction_rmse_to_target,6,1,0.0,0.2,0.8322010476056502,0.8322010476056502
T2_select_target,gpt2:llama8b,rel_magnitude_l1_to_target,6,1,0.0,-0.02857142857142857,0.8322010476056502,0.8322010476056502
T2_select_target,gpt2:llama8b,rel_magnitude_rmse_to_target,6,1,0.0,-0.02857142857142857,0.8322010476056502,0.8322010476056502
T2_select_target,gpt2:llama8b,memory_target_norm_gap,6,0,0.8246012067484422,-0.5428571428571428,0.8322010476056502,0.007599840857207972
T2_select_target,gpt2:llama8b,anchor_direction_js_to_target,6,0,0.03920895838135163,0.08571428571428572,0.8322010476056502,0.7929920892242985
T2_select_target,gpt2:llama8b,target_direction_subspace_residual,6,0,0.005153082224634176,-0.2,0.8322010476056502,0.827047965381016
T2_select_target,gpt2:llama8b,capacity_normalized_direction_rmse,6,1,0.0,0.2,0.8322010476056502,0.8322010476056502
T2_select_target,gpt2:llama8b,diagnostic_rel_direction_z2_mean,6,1,0.0,0.2,0.8322010476056502,0.8322010476056502
T2_select_target,gpt2:llama8b,diagnostic_rel_magnitude_z_abs_mean,6,1,0.0,0.9428571428571428,0.8322010476056502,0.8322010476056502
T2_select_target,gpt2:llama8b,diagnostic_target_direction_std_mean,6,0,0.21402987993622602,-0.2,0.8322010476056502,0.6181711676694241
T2_select_target,gpt2:llama8b,diagnostic_target_direction_std_min,6,1,0.0,-0.08571428571428572,0.8322010476056502,0.8322010476056502
T2_select_target,gpt2:llama8b,diagnostic_target_magnitude_std_mean,6,1,0.0,0.9428571428571428,0.8322010476056502,0.8322010476056502
T2_select_target,gpt2:llama8b,diagnostic_target_magnitude_std_min,6,1,0.0,0.9428571428571428,0.8322010476056502,0.8322010476056502
T2_select_target,gpt2:llama8b,target_text_nll,6,0,0.03920895838135163,0.2,0.8322010476056502,0.7929920892242985
T2_select_target,gpt2:llama8b,source_native_nll,6,0,0.03920895838135163,0.08571428571428572,0.8322010476056502,0.7929920892242985
T2_select_target,gpt2:llama8b,target_minus_source_nll,6,0,0.03920895838135163,0.2,0.8322010476056502,0.7929920892242985
T2_select_target,gpt2:llama8b,target_hidden_size,6,0,0.03920895838135163,0.7247137945655605,0.8322010476056502,0.7929920892242985
T2_select_target,gpt2:llama8b,abs_log_hidden_ratio,6,0,0.03920895838135163,0.7247137945655605,0.8322010476056502,0.7929920892242985
T2_select_target,gpt2:llama8b,prior_same_model_family,6,0,0.21402987993622602,0.20701966780270628,0.8322010476056502,0.6181711676694241
T2_select_target,gpt2:llama8b,prior_cross_model_family,6,0,0.03920895838135163,-0.20701966780270628,0.8322010476056502,0.7929920892242985
T2_select_target,gpt2:llama8b,prior_target_param_b,6,0,0.03920895838135163,0.5590653920196746,0.8322010476056502,0.7929920892242985
T2_select_target,gpt2:llama8b,prior_log_param_ratio_target_over_source,6,0,0.03920895838135163,0.5590653920196746,0.8322010476056502,0.7929920892242985
T2_select_target,gpt2:llama8b,prior_param_tier_jump,6,0,0.21402987993622602,-0.6210590034081188,0.8322010476056502,0.6181711676694241
T2_select_target,gpt2:llama8b,pair_normalized_direction_rmse,6,1,0.0,0.2,0.8322010476056502,0.8322010476056502
T2_select_target,gpt2:llama8b,target_readability_z2_mean,6,1,0.0,0.2,0.8322010476056502,0.8322010476056502
T2_select_target,gpt2:llama8b,target_readability_tail_frac,6,1,0.0,0.2,0.8322010476056502,0.8322010476056502
T2_select_target,gpt2:llama8b,target_readability_cross_entropy,6,0,0.03920895838135163,0.08571428571428572,0.8322010476056502,0.7929920892242985
T2_select_target,gpt2:llama8b,source_to_target_anchor_kl,6,0,0.03920895838135163,0.08571428571428572,0.8322010476056502,0.7929920892242985
T2_select_target,gpt2:llama8b,target_readability_energy,6,0,0.03920895838135163,0.08571428571428572,0.8322010476056502,0.7929920892242985
T2_select_target,gpt2:llama8b,source_target_top_anchor_overlap,6,1,0.0,0.9428571428571428,0.8322010476056502,0.8322010476056502
T2_select_target,gpt2:llama8b,source_target_direction_entropy_gap,6,0,0.03920895838135163,0.08571428571428572,0.8322010476056502,0.7929920892242985
T2_select_target,gpt2:llama8b,source_target_direction_dispersion_gap,6,0,0.03920895838135163,0.2,0.8322010476056502,0.7929920892242985
T2_select_target,gpt2:llama8b,diagnostic_source_direction_entropy_mean,6,0,0.03920895838135163,-0.09258200997725516,0.8322010476056502,0.7929920892242985
T2_select_target,gpt2:llama8b,diagnostic_target_direction_entropy,6,0,0.03920895838135163,0.08571428571428572,0.8322010476056502,0.7929920892242985
T2_select_target,gpt2:llama8b,diagnostic_source_direction_std_mean,6,0,0.03920895838135163,-0.09258200997725516,0.8322010476056502,0.7929920892242985
T2_select_target,gpt2:llama8b,_z_target_hidden_size,6,0,0.03920895838135163,0.7247137945655605,0.8322010476056502,0.7929920892242985
T2_select_target,gpt2:llama8b,_z_prior_target_param_b,6,0,0.03920895838135163,0.5590653920196746,0.8322010476056502,0.7929920892242985
T2_select_target,gpt2:llama8b,_z_log_param_ratio,6,0,0.03920895838135163,0.5590653920196746,0.8322010476056502,0.7929920892242985
T2_select_target,gpt2:llama8b,_z_neg_direction_rmse,6,1,0.0,0.2,0.8322010476056502,0.8322010476056502
T2_select_target,gpt2:llama8b,_z_neg_anchor_js,6,0,0.03920895838135163,0.08571428571428572,0.8322010476056502,0.7929920892242985
T2_select_target,gpt2:llama8b,_z_neg_magnitude_rmse,6,1,0.0,-0.02857142857142857,0.8322010476056502,0.8322010476056502
T2_select_target,gpt2:llama8b,_z_neg_subspace_residual,6,0,0.005153082224634176,-0.2,0.8322010476056502,0.827047965381016
T2_select_target,gpt2:llama8b,_z_neg_pair_norm_direction_rmse,6,1,0.0,0.2,0.8322010476056502,0.8322010476056502
T2_select_target,gpt2:llama8b,_z_neg_target_readability_z2,6,1,0.0,0.2,0.8322010476056502,0.8322010476056502
T2_select_target,gpt2:llama8b,_z_neg_target_readability_tail,6,1,0.0,0.2,0.8322010476056502,0.8322010476056502
T2_select_target,gpt2:llama8b,_z_neg_target_readability_ce,6,0,0.03920895838135163,0.08571428571428572,0.8322010476056502,0.7929920892242985
T2_select_target,gpt2:llama8b,_z_neg_source_to_target_kl,6,0,0.03920895838135163,0.08571428571428572,0.8322010476056502,0.7929920892242985
T2_select_target,gpt2:llama8b,_z_target_readability_energy,6,0,0.03920895838135163,0.08571428571428572,0.8322010476056502,0.7929920892242985
T2_select_target,gpt2:llama8b,_z_top_anchor_overlap,6,1,0.0,0.9428571428571428,0.8322010476056502,0.8322010476056502
T2_select_target,gpt2:llama8b,_z_neg_direction_entropy_gap,6,0,0.03920895838135163,0.08571428571428572,0.8322010476056502,0.7929920892242985
T2_select_target,gpt2:llama8b,_z_neg_direction_dispersion_gap,6,0,0.03920895838135163,0.2,0.8322010476056502,0.7929920892242985
T2_select_target,gpt2:llama8b,_z_neg_source_native_nll,6,0,0.03920895838135163,0.08571428571428572,0.8322010476056502,0.7929920892242985
T2_select_target,gpt2:llama8b,combined_hidden_direction_score,6,0,0.03920895838135163,0.37142857142857144,0.8322010476056502,0.7929920892242985
T2_select_target,gpt2:llama8b,combined_hidden_js_score,6,0,0.03920895838135163,0.2,0.8322010476056502,0.7929920892242985
T2_select_target,gpt2:llama8b,combined_hidden_source_quality_score,6,0,0.03920895838135163,0.7714285714285715,0.8322010476056502,0.7929920892242985
T2_select_target,gpt2:llama8b,combined_param_direction_score,6,1,0.0,0.3142857142857143,0.8322010476056502,0.8322010476056502
T2_select_target,gpt2:llama8b,combined_ratio_direction_score,6,1,0.0,0.3142857142857143,0.8322010476056502,0.8322010476056502
T2_select_target,gpt2:llama8b,pair_geometry_compatibility_score,6,1,0.0,0.2,0.8322010476056502,0.8322010476056502
T2_select_target,gpt2:mistral7b,rel_direction_l1_to_target,6,0,0.027247831680580314,-0.2571428571428571,0.675497271054334,0.6482494393737537
T2_select_target,gpt2:mistral7b,rel_direction_rmse_to_target,6,0,0.027247831680580314,-0.2571428571428571,0.675497271054334,0.6482494393737537
T2_select_target,gpt2:mistral7b,rel_magnitude_l1_to_target,6,0,0.6672253222890425,-0.6,0.675497271054334,0.008271948765291422
T2_select_target,gpt2:mistral7b,rel_magnitude_rmse_to_target,6,0,0.6672253222890425,-0.6,0.675497271054334,0.008271948765291422
T2_select_target,gpt2:mistral7b,memory_target_norm_gap,6,0,0.6672253222890425,-0.2571428571428571,0.675497271054334,0.008271948765291422
T2_select_target,gpt2:mistral7b,anchor_direction_js_to_target,6,0,0.23660037331661304,-0.37142857142857144,0.675497271054334,0.43889689773772095
T2_select_target,gpt2:mistral7b,target_direction_subspace_residual,6,1,0.0,0.2571428571428571,0.675497271054334,0.675497271054334
T2_select_target,gpt2:mistral7b,capacity_normalized_direction_rmse,6,0,0.027247831680580314,-0.2571428571428571,0.675497271054334,0.6482494393737537
T2_select_target,gpt2:mistral7b,diagnostic_rel_direction_z2_mean,6,0,0.6672253222890425,-0.8285714285714286,0.675497271054334,0.008271948765291422
T2_select_target,gpt2:mistral7b,diagnostic_rel_magnitude_z_abs_mean,6,0,0.027247831680580314,0.37142857142857144,0.675497271054334,0.6482494393737537
T2_select_target,gpt2:mistral7b,diagnostic_target_direction_std_mean,6,0,0.5958460573771255,-0.37142857142857144,0.675497271054334,0.07965121367720854
T2_select_target,gpt2:mistral7b,diagnostic_target_direction_std_min,6,0,0.5958460573771255,-0.6571428571428571,0.675497271054334,0.07965121367720854
T2_select_target,gpt2:mistral7b,diagnostic_target_magnitude_std_mean,6,0,0.027247831680580314,0.37142857142857144,0.675497271054334,0.6482494393737537
T2_select_target,gpt2:mistral7b,diagnostic_target_magnitude_std_min,6,0,0.027247831680580314,0.37142857142857144,0.675497271054334,0.6482494393737537
T2_select_target,gpt2:mistral7b,target_text_nll,6,0,0.027247831680580314,-0.2571428571428571,0.675497271054334,0.6482494393737537
T2_select_target,gpt2:mistral7b,source_native_nll,6,1,0.0,0.5428571428571428,0.675497271054334,0.675497271054334
T2_select_target,gpt2:mistral7b,target_minus_source_nll,6,0,0.027247831680580314,-0.2571428571428571,0.675497271054334,0.6482494393737537
T2_select_target,gpt2:mistral7b,target_hidden_size,6,0,0.23660037331661304,0.46381682852195877,0.675497271054334,0.43889689773772095
T2_select_target,gpt2:mistral7b,abs_log_hidden_ratio,6,0,0.23660037331661304,0.46381682852195877,0.675497271054334,0.43889689773772095
T2_select_target,gpt2:mistral7b,prior_target_param_b,6,0,0.23660037331661304,0.11595420713048969,0.675497271054334,0.43889689773772095
T2_select_target,gpt2:mistral7b,prior_log_param_ratio_target_over_source,6,0,0.23660037331661304,0.11595420713048969,0.675497271054334,0.43889689773772095
T2_select_target,gpt2:mistral7b,prior_param_tier_jump,6,0,0.11433089727675816,-0.20701966780270628,0.675497271054334,0.5611663737775758
T2_select_target,gpt2:mistral7b,pair_normalized_direction_rmse,6,0,0.027247831680580314,-0.2571428571428571,0.675497271054334,0.6482494393737537
T2_select_target,gpt2:mistral7b,target_readability_z2_mean,6,0,0.6672253222890425,-0.8285714285714286,0.675497271054334,0.008271948765291422
T2_select_target,gpt2:mistral7b,target_readability_tail_frac,6,0,0.5958460573771255,-0.8116794499134278,0.675497271054334,0.07965121367720854
T2_select_target,gpt2:mistral7b,target_readability_cross_entropy,6,0,0.23660037331661304,-0.37142857142857144,0.675497271054334,0.43889689773772095
T2_select_target,gpt2:mistral7b,source_to_target_anchor_kl,6,0,0.23660037331661304,-0.37142857142857144,0.675497271054334,0.43889689773772095
T2_select_target,gpt2:mistral7b,target_readability_energy,6,0,0.23660037331661304,0.42857142857142855,0.675497271054334,0.43889689773772095
T2_select_target,gpt2:mistral7b,source_target_top_anchor_overlap,6,0,0.027247831680580314,0.6571428571428571,0.675497271054334,0.6482494393737537
T2_select_target,gpt2:mistral7b,source_target_direction_entropy_gap,6,0,0.027247831680580314,-0.2571428571428571,0.675497271054334,0.6482494393737537
T2_select_target,gpt2:mistral7b,source_target_direction_dispersion_gap,6,0,0.23660037331661304,0.37142857142857144,0.675497271054334,0.43889689773772095
T2_select_target,gpt2:mistral7b,diagnostic_source_direction_entropy_mean,6,0,0.5958460573771255,-0.4879500364742666,0.675497271054334,0.07965121367720854
T2_select_target,gpt2:mistral7b,diagnostic_target_direction_entropy,6,0,0.23660037331661304,-0.37142857142857144,0.675497271054334,0.43889689773772095
T2_select_target,gpt2:mistral7b,diagnostic_source_direction_std_mean,6,0,0.11433089727675816,0.4879500364742666,0.675497271054334,0.5611663737775758
T2_select_target,gpt2:mistral7b,_z_target_hidden_size,6,0,0.23660037331661304,0.46381682852195877,0.675497271054334,0.43889689773772095
T2_select_target,gpt2:mistral7b,_z_prior_target_param_b,6,0,0.23660037331661304,0.11595420713048969,0.675497271054334,0.43889689773772095
T2_select_target,gpt2:mistral7b,_z_log_param_ratio,6,0,0.23660037331661304,0.11595420713048969,0.675497271054334,0.43889689773772095
T2_select_target,gpt2:mistral7b,_z_neg_direction_rmse,6,0,0.027247831680580314,-0.2571428571428571,0.675497271054334,0.6482494393737537
T2_select_target,gpt2:mistral7b,_z_neg_anchor_js,6,0,0.23660037331661304,-0.37142857142857144,0.675497271054334,0.43889689773772095
T2_select_target,gpt2:mistral7b,_z_neg_magnitude_rmse,6,0,0.6672253222890425,-0.6,0.675497271054334,0.008271948765291422
T2_select_target,gpt2:mistral7b,_z_neg_subspace_residual,6,1,0.0,0.2571428571428571,0.675497271054334,0.675497271054334
T2_select_target,gpt2:mistral7b,_z_neg_pair_norm_direction_rmse,6,0,0.027247831680580314,-0.2571428571428571,0.675497271054334,0.6482494393737537
T2_select_target,gpt2:mistral7b,_z_neg_target_readability_z2,6,0,0.6672253222890425,-0.8285714285714286,0.675497271054334,0.008271948765291422
T2_select_target,gpt2:mistral7b,_z_neg_target_readability_tail,6,0,0.5958460573771255,-0.8116794499134278,0.675497271054334,0.07965121367720854
T2_select_target,gpt2:mistral7b,_z_neg_target_readability_ce,6,0,0.23660037331661304,-0.37142857142857144,0.675497271054334,0.43889689773772095
T2_select_target,gpt2:mistral7b,_z_neg_source_to_target_kl,6,0,0.23660037331661304,-0.37142857142857144,0.675497271054334,0.43889689773772095
T2_select_target,gpt2:mistral7b,_z_target_readability_energy,6,0,0.23660037331661304,0.42857142857142855,0.675497271054334,0.43889689773772095
T2_select_target,gpt2:mistral7b,_z_top_anchor_overlap,6,0,0.027247831680580314,0.6571428571428571,0.675497271054334,0.6482494393737537
T2_select_target,gpt2:mistral7b,_z_neg_direction_entropy_gap,6,0,0.027247831680580314,-0.2571428571428571,0.675497271054334,0.6482494393737537
T2_select_target,gpt2:mistral7b,_z_neg_direction_dispersion_gap,6,0,0.23660037331661304,0.37142857142857144,0.675497271054334,0.43889689773772095
T2_select_target,gpt2:mistral7b,_z_neg_source_native_nll,6,1,0.0,0.5428571428571428,0.675497271054334,0.675497271054334
T2_select_target,gpt2:mistral7b,combined_hidden_direction_score,6,0,0.23660037331661304,-0.02857142857142857,0.675497271054334,0.43889689773772095
T2_select_target,gpt2:mistral7b,combined_hidden_js_score,6,0,0.23660037331661304,0.37142857142857144,0.675497271054334,0.43889689773772095
T2_select_target,gpt2:mistral7b,combined_hidden_source_quality_score,6,0,0.23660037331661304,0.5428571428571428,0.675497271054334,0.43889689773772095
T2_select_target,gpt2:mistral7b,combined_param_direction_score,6,0,0.23660037331661304,-0.2571428571428571,0.675497271054334,0.43889689773772095
T2_select_target,gpt2:mistral7b,combined_ratio_direction_score,6,0,0.027247831680580314,-0.14285714285714285,0.675497271054334,0.6482494393737537
T2_select_target,gpt2:mistral7b,pair_geometry_compatibility_score,6,0,0.027247831680580314,-0.2571428571428571,0.675497271054334,0.6482494393737537
T2_select_target,gpt2:qwen1.5b,rel_direction_l1_to_target,6,0,0.13799979987644784,0.5428571428571428,0.8739315001613611,0.7359317002849133
T2_select_target,gpt2:qwen1.5b,rel_direction_rmse_to_target,6,0,0.13799979987644784,0.5428571428571428,0.8739315001613611,0.7359317002849133
T2_select_target,gpt2:qwen1.5b,rel_magnitude_l1_to_target,6,0,0.2028790000792695,-0.2571428571428571,0.8739315001613611,0.6710525000820916
T2_select_target,gpt2:qwen1.5b,rel_magnitude_rmse_to_target,6,0,0.2028790000792695,-0.2571428571428571,0.8739315001613611,0.6710525000820916
T2_select_target,gpt2:qwen1.5b,memory_target_norm_gap,6,0,0.19405347052921929,-0.3142857142857143,0.8739315001613611,0.6798780296321418
T2_select_target,gpt2:qwen1.5b,anchor_direction_js_to_target,6,1,0.0,0.4857142857142857,0.8739315001613611,0.8739315001613611
T2_select_target,gpt2:qwen1.5b,target_direction_subspace_residual,6,0,0.19405347052921929,-0.6,0.8739315001613611,0.6798780296321418
T2_select_target,gpt2:qwen1.5b,capacity_normalized_direction_rmse,6,0,0.13799979987644784,0.5428571428571428,0.8739315001613611,0.7359317002849133
T2_select_target,gpt2:qwen1.5b,diagnostic_rel_direction_z2_mean,6,0,0.13799979987644784,-0.2571428571428571,0.8739315001613611,0.7359317002849133
T2_select_target,gpt2:qwen1.5b,diagnostic_rel_magnitude_z_abs_mean,6,1,0.0,0.37142857142857144,0.8739315001613611,0.8739315001613611
T2_select_target,gpt2:qwen1.5b,diagnostic_target_direction_std_mean,6,0,0.2703244934513723,-0.4857142857142857,0.8739315001613611,0.6036070067099888
T2_select_target,gpt2:qwen1.5b,diagnostic_target_direction_std_min,6,0,0.5711179174013152,-0.9428571428571428,0.8739315001613611,0.30281358276004594
T2_select_target,gpt2:qwen1.5b,diagnostic_target_magnitude_std_mean,6,1,0.0,0.37142857142857144,0.8739315001613611,0.8739315001613611
T2_select_target,gpt2:qwen1.5b,diagnostic_target_magnitude_std_min,6,1,0.0,0.37142857142857144,0.8739315001613611,0.8739315001613611
T2_select_target,gpt2:qwen1.5b,target_text_nll,6,0,0.2028790000792695,0.2,0.8739315001613611,0.6710525000820916
T2_select_target,gpt2:qwen1.5b,source_native_nll,6,0,0.19405347052921929,0.6,0.8739315001613611,0.6798780296321418
T2_select_target,gpt2:qwen1.5b,target_minus_source_nll,6,0,0.2028790000792695,0.2,0.8739315001613611,0.6710525000820916
T2_select_target,gpt2:qwen1.5b,target_hidden_size,6,0,0.13799979987644784,0.6473388749701496,0.8739315001613611,0.7359317002849133
T2_select_target,gpt2:qwen1.5b,abs_log_hidden_ratio,6,0,0.2703244934513723,-0.6473388749701496,0.8739315001613611,0.6036070067099888
T2_select_target,gpt2:qwen1.5b,prior_same_model_family,6,0,0.5711179174013152,0.0,0.8739315001613611,0.30281358276004594
T2_select_target,gpt2:qwen1.5b,prior_cross_model_family,6,0,0.2703244934513723,0.0,0.8739315001613611,0.6036070067099888
T2_select_target,gpt2:qwen1.5b,prior_target_param_b,6,0,0.13799979987644784,0.6767633692869746,0.8739315001613611,0.7359317002849133
T2_select_target,gpt2:qwen1.5b,prior_log_param_ratio_target_over_source,6,0,0.13799979987644784,0.6767633692869746,0.8739315001613611,0.7359317002849133
T2_select_target,gpt2:qwen1.5b,prior_param_tier_jump,6,0,0.13799979987644784,0.6831300510639732,0.8739315001613611,0.7359317002849133
T2_select_target,gpt2:qwen1.5b,pair_normalized_direction_rmse,6,1,0.0,0.6,0.8739315001613611,0.8739315001613611
T2_select_target,gpt2:qwen1.5b,target_readability_z2_mean,6,0,0.13799979987644784,-0.2571428571428571,0.8739315001613611,0.7359317002849133
T2_select_target,gpt2:qwen1.5b,target_readability_tail_frac,6,0,0.13799979987644784,0.37142857142857144,0.8739315001613611,0.7359317002849133
T2_select_target,gpt2:qwen1.5b,target_magnitude_tail_frac,6,1,0.0,0.6546536707079772,0.8739315001613611,0.8739315001613611
T2_select_target,gpt2:qwen1.5b,target_readability_cross_entropy,6,0,0.2028790000792695,0.3142857142857143,0.8739315001613611,0.6710525000820916
T2_select_target,gpt2:qwen1.5b,source_to_target_anchor_kl,6,1,0.0,0.4857142857142857,0.8739315001613611,0.8739315001613611
T2_select_target,gpt2:qwen1.5b,target_readability_energy,6,0,0.5711179174013152,-0.6,0.8739315001613611,0.30281358276004594
T2_select_target,gpt2:qwen1.5b,source_target_top_anchor_overlap,6,0,0.5711179174013152,-0.6,0.8739315001613611,0.30281358276004594
T2_select_target,gpt2:qwen1.5b,source_target_direction_entropy_gap,6,1,0.0,0.6,0.8739315001613611,0.8739315001613611
T2_select_target,gpt2:qwen1.5b,source_target_direction_dispersion_gap,6,0,0.13799979987644784,0.6571428571428571,0.8739315001613611,0.7359317002849133
T2_select_target,gpt2:qwen1.5b,diagnostic_source_direction_entropy_mean,6,0,0.5711179174013152,0.06172133998483677,0.8739315001613611,0.30281358276004594
T2_select_target,gpt2:qwen1.5b,diagnostic_target_direction_entropy,6,0,0.2028790000792695,0.2571428571428571,0.8739315001613611,0.6710525000820916
T2_select_target,gpt2:qwen1.5b,diagnostic_source_direction_std_mean,6,0,0.5711179174013152,0.06172133998483677,0.8739315001613611,0.30281358276004594
T2_select_target,gpt2:qwen1.5b,_z_target_hidden_size,6,0,0.13799979987644784,0.6473388749701496,0.8739315001613611,0.7359317002849133
T2_select_target,gpt2:qwen1.5b,_z_prior_target_param_b,6,0,0.13799979987644784,0.6767633692869746,0.8739315001613611,0.7359317002849133
T2_select_target,gpt2:qwen1.5b,_z_log_param_ratio,6,0,0.13799979987644784,0.6767633692869746,0.8739315001613611,0.7359317002849133
T2_select_target,gpt2:qwen1.5b,_z_neg_direction_rmse,6,0,0.13799979987644784,0.5428571428571428,0.8739315001613611,0.7359317002849133
T2_select_target,gpt2:qwen1.5b,_z_neg_anchor_js,6,1,0.0,0.4857142857142857,0.8739315001613611,0.8739315001613611
T2_select_target,gpt2:qwen1.5b,_z_neg_magnitude_rmse,6,0,0.2028790000792695,-0.2571428571428571,0.8739315001613611,0.6710525000820916
T2_select_target,gpt2:qwen1.5b,_z_neg_subspace_residual,6,0,0.19405347052921929,-0.6,0.8739315001613611,0.6798780296321418
T2_select_target,gpt2:qwen1.5b,_z_neg_pair_norm_direction_rmse,6,1,0.0,0.6,0.8739315001613611,0.8739315001613611
T2_select_target,gpt2:qwen1.5b,_z_neg_target_readability_z2,6,0,0.13799979987644784,-0.2571428571428571,0.8739315001613611,0.7359317002849133
T2_select_target,gpt2:qwen1.5b,_z_neg_target_readability_tail,6,0,0.13799979987644784,0.37142857142857144,0.8739315001613611,0.7359317002849133
T2_select_target,gpt2:qwen1.5b,_z_neg_target_magnitude_tail,6,1,0.0,0.6546536707079772,0.8739315001613611,0.8739315001613611
T2_select_target,gpt2:qwen1.5b,_z_neg_target_readability_ce,6,0,0.2028790000792695,0.3142857142857143,0.8739315001613611,0.6710525000820916
T2_select_target,gpt2:qwen1.5b,_z_neg_source_to_target_kl,6,1,0.0,0.4857142857142857,0.8739315001613611,0.8739315001613611
T2_select_target,gpt2:qwen1.5b,_z_target_readability_energy,6,0,0.5711179174013152,-0.6,0.8739315001613611,0.30281358276004594
T2_select_target,gpt2:qwen1.5b,_z_top_anchor_overlap,6,0,0.5711179174013152,-0.6,0.8739315001613611,0.30281358276004594
T2_select_target,gpt2:qwen1.5b,_z_neg_direction_entropy_gap,6,1,0.0,0.6,0.8739315001613611,0.8739315001613611
T2_select_target,gpt2:qwen1.5b,_z_neg_direction_dispersion_gap,6,0,0.13799979987644784,0.6571428571428571,0.8739315001613611,0.7359317002849133
T2_select_target,gpt2:qwen1.5b,_z_neg_source_native_nll,6,0,0.19405347052921929,0.6,0.8739315001613611,0.6798780296321418
T2_select_target,gpt2:qwen1.5b,combined_hidden_direction_score,6,0,0.13799979987644784,0.4857142857142857,0.8739315001613611,0.7359317002849133
T2_select_target,gpt2:qwen1.5b,combined_hidden_js_score,6,0,0.2028790000792695,0.5428571428571428,0.8739315001613611,0.6710525000820916
T2_select_target,gpt2:qwen1.5b,combined_hidden_source_quality_score,6,0,0.13799979987644784,0.6571428571428571,0.8739315001613611,0.7359317002849133
T2_select_target,gpt2:qwen1.5b,combined_param_direction_score,6,0,0.13799979987644784,0.6571428571428571,0.8739315001613611,0.7359317002849133
T2_select_target,gpt2:qwen1.5b,combined_ratio_direction_score,6,0,0.13799979987644784,0.6571428571428571,0.8739315001613611,0.7359317002849133
T2_select_target,gpt2:qwen1.5b,pair_geometry_compatibility_score,6,0,0.5711179174013152,-0.37142857142857144,0.8739315001613611,0.30281358276004594
T2_select_target,gpt2:qwen3b,rel_direction_l1_to_target,6,1,0.0,0.6571428571428571,0.9911003169296715,0.9911003169296715
T2_select_target,gpt2:qwen3b,rel_direction_rmse_to_target,6,1,0.0,0.6571428571428571,0.9911003169296715,0.9911003169296715
T2_select_target,gpt2:qwen3b,rel_magnitude_l1_to_target,6,0,0.24510745818577295,-0.37142857142857144,0.9911003169296715,0.7459928587438985
T2_select_target,gpt2:qwen3b,rel_magnitude_rmse_to_target,6,0,0.24510745818577295,-0.37142857142857144,0.9911003169296715,0.7459928587438985
T2_select_target,gpt2:qwen3b,memory_target_norm_gap,6,0,0.24004045598342771,-0.2571428571428571,0.9911003169296715,0.7510598609462438
T2_select_target,gpt2:qwen3b,anchor_direction_js_to_target,6,0,0.24510745818577295,0.42857142857142855,0.9911003169296715,0.7459928587438985
T2_select_target,gpt2:qwen3b,target_direction_subspace_residual,6,0,0.24004045598342771,-0.5428571428571428,0.9911003169296715,0.7510598609462438
T2_select_target,gpt2:qwen3b,capacity_normalized_direction_rmse,6,1,0.0,0.6571428571428571,0.9911003169296715,0.9911003169296715
T2_select_target,gpt2:qwen3b,diagnostic_rel_direction_z2_mean,6,0,0.20032282166876592,0.42857142857142855,0.9911003169296715,0.7907774952609056
T2_select_target,gpt2:qwen3b,diagnostic_rel_magnitude_z_abs_mean,6,1,0.0,0.6,0.9911003169296715,0.9911003169296715
T2_select_target,gpt2:qwen3b,diagnostic_target_direction_std_mean,6,0,0.9332743386709839,-0.7142857142857143,0.9911003169296715,0.05782597825868768
T2_select_target,gpt2:qwen3b,diagnostic_target_direction_std_min,6,0,0.6574703717785453,-0.8857142857142857,0.9911003169296715,0.33362994515112615
T2_select_target,gpt2:qwen3b,diagnostic_target_magnitude_std_mean,6,1,0.0,0.6,0.9911003169296715,0.9911003169296715
T2_select_target,gpt2:qwen3b,diagnostic_target_magnitude_std_min,6,1,0.0,0.6,0.9911003169296715,0.9911003169296715
T2_select_target,gpt2:qwen3b,target_text_nll,6,0,0.24510745818577295,0.5428571428571428,0.9911003169296715,0.7459928587438985
T2_select_target,gpt2:qwen3b,source_native_nll,6,0,0.9332743386709839,-0.3142857142857143,0.9911003169296715,0.05782597825868768
T2_select_target,gpt2:qwen3b,target_minus_source_nll,6,0,0.24510745818577295,0.5428571428571428,0.9911003169296715,0.7459928587438985
T2_select_target,gpt2:qwen3b,target_hidden_size,6,0,0.20032282166876592,0.6087595874350709,0.9911003169296715,0.7907774952609056
T2_select_target,gpt2:qwen3b,abs_log_hidden_ratio,6,0,0.9332743386709839,-0.6667366910003157,0.9911003169296715,0.05782597825868768
T2_select_target,gpt2:qwen3b,prior_same_model_family,6,0,0.6574703717785453,0.20701966780270628,0.9911003169296715,0.33362994515112615
T2_select_target,gpt2:qwen3b,prior_cross_model_family,6,0,0.9332743386709839,-0.20701966780270628,0.9911003169296715,0.05782597825868768
T2_select_target,gpt2:qwen3b,prior_target_param_b,6,0,0.20032282166876592,0.8116794499134278,0.9911003169296715,0.7907774952609056
T2_select_target,gpt2:qwen3b,prior_log_param_ratio_target_over_source,6,0,0.20032282166876592,0.8116794499134278,0.9911003169296715,0.7907774952609056
T2_select_target,gpt2:qwen3b,prior_param_tier_jump,6,0,0.20032282166876592,0.16903085094570333,0.9911003169296715,0.7907774952609056
T2_select_target,gpt2:qwen3b,pair_normalized_direction_rmse,6,1,0.0,0.6571428571428571,0.9911003169296715,0.9911003169296715
T2_select_target,gpt2:qwen3b,target_readability_z2_mean,6,0,0.20032282166876592,0.42857142857142855,0.9911003169296715,0.7907774952609056
T2_select_target,gpt2:qwen3b,target_readability_tail_frac,6,0,0.20032282166876592,0.42857142857142855,0.9911003169296715,0.7907774952609056
T2_select_target,gpt2:qwen3b,target_magnitude_tail_frac,6,1,0.0,0.6546536707079772,0.9911003169296715,0.9911003169296715
T2_select_target,gpt2:qwen3b,target_readability_cross_entropy,6,0,0.24510745818577295,0.37142857142857144,0.9911003169296715,0.7459928587438985
T2_select_target,gpt2:qwen3b,source_to_target_anchor_kl,6,0,0.24510745818577295,0.42857142857142855,0.9911003169296715,0.7459928587438985
T2_select_target,gpt2:qwen3b,target_readability_energy,6,0,0.6574703717785453,-0.8857142857142857,0.9911003169296715,0.33362994515112615
T2_select_target,gpt2:qwen3b,source_target_top_anchor_overlap,6,0,0.24510745818577295,-0.14285714285714285,0.9911003169296715,0.7459928587438985
T2_select_target,gpt2:qwen3b,source_target_direction_entropy_gap,6,0,0.24510745818577295,0.42857142857142855,0.9911003169296715,0.7459928587438985
T2_select_target,gpt2:qwen3b,source_target_direction_dispersion_gap,6,0,0.20032282166876592,0.7142857142857143,0.9911003169296715,0.7907774952609056
T2_select_target,gpt2:qwen3b,diagnostic_source_direction_entropy_mean,6,0,0.24510745818577295,0.030860669992418384,0.9911003169296715,0.7459928587438985
T2_select_target,gpt2:qwen3b,diagnostic_target_direction_entropy,6,0,0.24510745818577295,0.37142857142857144,0.9911003169296715,0.7459928587438985
T2_select_target,gpt2:qwen3b,diagnostic_source_direction_std_mean,6,0,0.24510745818577295,0.030860669992418384,0.9911003169296715,0.7459928587438985
T2_select_target,gpt2:qwen3b,_z_target_hidden_size,6,0,0.20032282166876592,0.6087595874350709,0.9911003169296715,0.7907774952609056
T2_select_target,gpt2:qwen3b,_z_prior_target_param_b,6,0,0.20032282166876592,0.8116794499134278,0.9911003169296715,0.7907774952609056
T2_select_target,gpt2:qwen3b,_z_log_param_ratio,6,0,0.20032282166876592,0.8116794499134278,0.9911003169296715,0.7907774952609056
T2_select_target,gpt2:qwen3b,_z_neg_direction_rmse,6,1,0.0,0.6571428571428571,0.9911003169296715,0.9911003169296715
T2_select_target,gpt2:qwen3b,_z_neg_anchor_js,6,0,0.24510745818577295,0.42857142857142855,0.9911003169296715,0.7459928587438985
T2_select_target,gpt2:qwen3b,_z_neg_magnitude_rmse,6,0,0.24510745818577295,-0.37142857142857144,0.9911003169296715,0.7459928587438985
T2_select_target,gpt2:qwen3b,_z_neg_subspace_residual,6,0,0.24004045598342771,-0.5428571428571428,0.9911003169296715,0.7510598609462438
T2_select_target,gpt2:qwen3b,_z_neg_pair_norm_direction_rmse,6,1,0.0,0.6571428571428571,0.9911003169296715,0.9911003169296715
T2_select_target,gpt2:qwen3b,_z_neg_target_readability_z2,6,0,0.20032282166876592,0.42857142857142855,0.9911003169296715,0.7907774952609056
T2_select_target,gpt2:qwen3b,_z_neg_target_readability_tail,6,0,0.20032282166876592,0.42857142857142855,0.9911003169296715,0.7907774952609056
T2_select_target,gpt2:qwen3b,_z_neg_target_magnitude_tail,6,1,0.0,0.6546536707079772,0.9911003169296715,0.9911003169296715
T2_select_target,gpt2:qwen3b,_z_neg_target_readability_ce,6,0,0.24510745818577295,0.37142857142857144,0.9911003169296715,0.7459928587438985
T2_select_target,gpt2:qwen3b,_z_neg_source_to_target_kl,6,0,0.24510745818577295,0.42857142857142855,0.9911003169296715,0.7459928587438985
T2_select_target,gpt2:qwen3b,_z_target_readability_energy,6,0,0.6574703717785453,-0.8857142857142857,0.9911003169296715,0.33362994515112615
T2_select_target,gpt2:qwen3b,_z_top_anchor_overlap,6,0,0.24510745818577295,-0.14285714285714285,0.9911003169296715,0.7459928587438985
T2_select_target,gpt2:qwen3b,_z_neg_direction_entropy_gap,6,0,0.24510745818577295,0.42857142857142855,0.9911003169296715,0.7459928587438985
T2_select_target,gpt2:qwen3b,_z_neg_direction_dispersion_gap,6,0,0.20032282166876592,0.7142857142857143,0.9911003169296715,0.7907774952609056
T2_select_target,gpt2:qwen3b,_z_neg_source_native_nll,6,0,0.9332743386709839,-0.3142857142857143,0.9911003169296715,0.05782597825868768
T2_select_target,gpt2:qwen3b,combined_hidden_direction_score,6,0,0.20032282166876592,0.6571428571428571,0.9911003169296715,0.7907774952609056
T2_select_target,gpt2:qwen3b,combined_hidden_js_score,6,0,0.24510745818577295,0.5428571428571428,0.9911003169296715,0.7459928587438985
T2_select_target,gpt2:qwen3b,combined_hidden_source_quality_score,6,0,0.20032282166876592,0.6571428571428571,0.9911003169296715,0.7907774952609056
T2_select_target,gpt2:qwen3b,combined_param_direction_score,6,0,0.20032282166876592,0.7714285714285715,0.9911003169296715,0.7907774952609056
T2_select_target,gpt2:qwen3b,combined_ratio_direction_score,6,1,0.0,0.8285714285714286,0.9911003169296715,0.9911003169296715
T2_select_target,gpt2:qwen3b,pair_geometry_compatibility_score,6,0,0.24510745818577295,0.3142857142857143,0.9911003169296715,0.7459928587438985
T2_select_target,gpt2:qwen7b,rel_direction_l1_to_target,6,1,0.0,0.2571428571428571,0.8187296389207351,0.8187296389207351
T2_select_target,gpt2:qwen7b,rel_direction_rmse_to_target,6,1,0.0,0.2571428571428571,0.8187296389207351,0.8187296389207351
T2_select_target,gpt2:qwen7b,rel_magnitude_l1_to_target,6,0,0.049257152458712206,0.6,0.8187296389207351,0.7694724864620229
T2_select_target,gpt2:qwen7b,rel_magnitude_rmse_to_target,6,0,0.0469922834543649,0.7142857142857143,0.8187296389207351,0.7717373554663702
T2_select_target,gpt2:qwen7b,memory_target_norm_gap,6,0,0.0469922834543649,-0.2571428571428571,0.8187296389207351,0.7717373554663702
T2_select_target,gpt2:qwen7b,anchor_direction_js_to_target,6,1,0.0,0.6,0.8187296389207351,0.8187296389207351
T2_select_target,gpt2:qwen7b,target_direction_subspace_residual,6,0,0.0469922834543649,-0.37142857142857144,0.8187296389207351,0.7717373554663702
T2_select_target,gpt2:qwen7b,capacity_normalized_direction_rmse,6,1,0.0,0.2571428571428571,0.8187296389207351,0.8187296389207351
T2_select_target,gpt2:qwen7b,diagnostic_rel_direction_z2_mean,6,1,0.0,0.2571428571428571,0.8187296389207351,0.8187296389207351
T2_select_target,gpt2:qwen7b,diagnostic_rel_magnitude_z_abs_mean,6,0,0.5142956580719478,-0.42857142857142855,0.8187296389207351,0.3044339808487873
T2_select_target,gpt2:qwen7b,diagnostic_target_direction_std_mean,6,0,0.18806187004216268,-0.6,0.8187296389207351,0.6306677688785725
T2_select_target,gpt2:qwen7b,diagnostic_target_direction_std_min,6,0,0.5724530897317983,-0.9428571428571428,0.8187296389207351,0.24627654918893685
T2_select_target,gpt2:qwen7b,diagnostic_target_magnitude_std_mean,6,0,0.5142956580719478,-0.42857142857142855,0.8187296389207351,0.3044339808487873
T2_select_target,gpt2:qwen7b,diagnostic_target_magnitude_std_min,6,0,0.5142956580719478,-0.42857142857142855,0.8187296389207351,0.3044339808487873
T2_select_target,gpt2:qwen7b,target_text_nll,6,0,0.049257152458712206,0.02857142857142857,0.8187296389207351,0.7694724864620229
T2_select_target,gpt2:qwen7b,source_native_nll,6,0,0.5724530897317983,-0.37142857142857144,0.8187296389207351,0.24627654918893685
T2_select_target,gpt2:qwen7b,target_minus_source_nll,6,0,0.049257152458712206,0.02857142857142857,0.8187296389207351,0.7694724864620229
T2_select_target,gpt2:qwen7b,target_hidden_size,6,1,0.0,0.8827348295047495,0.8187296389207351,0.8187296389207351
T2_select_target,gpt2:qwen7b,abs_log_hidden_ratio,6,1,0.0,0.8827348295047495,0.8187296389207351,0.8187296389207351
T2_select_target,gpt2:qwen7b,prior_same_model_family,6,0,0.5724530897317983,-0.8280786712108251,0.8187296389207351,0.24627654918893685
T2_select_target,gpt2:qwen7b,prior_cross_model_family,6,0,0.18806187004216268,0.8280786712108251,0.8187296389207351,0.6306677688785725
T2_select_target,gpt2:qwen7b,prior_target_param_b,6,1,0.0,0.6957252427829381,0.8187296389207351,0.8187296389207351
T2_select_target,gpt2:qwen7b,prior_log_param_ratio_target_over_source,6,1,0.0,0.6957252427829381,0.8187296389207351,0.8187296389207351
T2_select_target,gpt2:qwen7b,prior_param_tier_jump,6,0,0.18806187004216268,-0.6210590034081188,0.8187296389207351,0.6306677688785725
T2_select_target,gpt2:qwen7b,pair_normalized_direction_rmse,6,1,0.0,0.2571428571428571,0.8187296389207351,0.8187296389207351
T2_select_target,gpt2:qwen7b,target_readability_z2_mean,6,1,0.0,0.2571428571428571,0.8187296389207351,0.8187296389207351
T2_select_target,gpt2:qwen7b,target_readability_tail_frac,6,0,0.049257152458712206,0.14285714285714285,0.8187296389207351,0.7694724864620229
T2_select_target,gpt2:qwen7b,target_readability_cross_entropy,6,1,0.0,0.6,0.8187296389207351,0.8187296389207351
T2_select_target,gpt2:qwen7b,source_to_target_anchor_kl,6,1,0.0,0.6,0.8187296389207351,0.8187296389207351
T2_select_target,gpt2:qwen7b,target_readability_energy,6,0,0.18806187004216268,0.6,0.8187296389207351,0.6306677688785725
T2_select_target,gpt2:qwen7b,source_target_top_anchor_overlap,6,0,0.049257152458712206,0.02857142857142857,0.8187296389207351,0.7694724864620229
T2_select_target,gpt2:qwen7b,source_target_direction_entropy_gap,6,1,0.0,0.6,0.8187296389207351,0.8187296389207351
T2_select_target,gpt2:qwen7b,source_target_direction_dispersion_gap,6,1,0.0,0.37142857142857144,0.8187296389207351,0.8187296389207351
T2_select_target,gpt2:qwen7b,diagnostic_source_direction_entropy_mean,6,0,0.18806187004216268,0.802377419802878,0.8187296389207351,0.6306677688785725
T2_select_target,gpt2:qwen7b,diagnostic_target_direction_entropy,6,0,0.049257152458712206,0.4857142857142857,0.8187296389207351,0.7694724864620229
T2_select_target,gpt2:qwen7b,diagnostic_source_direction_std_mean,6,0,0.5724530897317983,-0.802377419802878,0.8187296389207351,0.24627654918893685
T2_select_target,gpt2:qwen7b,_z_target_hidden_size,6,1,0.0,0.8827348295047495,0.8187296389207351,0.8187296389207351
T2_select_target,gpt2:qwen7b,_z_prior_target_param_b,6,1,0.0,0.6957252427829381,0.8187296389207351,0.8187296389207351
T2_select_target,gpt2:qwen7b,_z_log_param_ratio,6,1,0.0,0.6957252427829381,0.8187296389207351,0.8187296389207351
T2_select_target,gpt2:qwen7b,_z_neg_direction_rmse,6,1,0.0,0.2571428571428571,0.8187296389207351,0.8187296389207351
T2_select_target,gpt2:qwen7b,_z_neg_anchor_js,6,1,0.0,0.6,0.8187296389207351,0.8187296389207351
T2_select_target,gpt2:qwen7b,_z_neg_magnitude_rmse,6,0,0.0469922834543649,0.7142857142857143,0.8187296389207351,0.7717373554663702
T2_select_target,gpt2:qwen7b,_z_neg_subspace_residual,6,0,0.0469922834543649,-0.37142857142857144,0.8187296389207351,0.7717373554663702
T2_select_target,gpt2:qwen7b,_z_neg_pair_norm_direction_rmse,6,1,0.0,0.2571428571428571,0.8187296389207351,0.8187296389207351
T2_select_target,gpt2:qwen7b,_z_neg_target_readability_z2,6,1,0.0,0.2571428571428571,0.8187296389207351,0.8187296389207351
T2_select_target,gpt2:qwen7b,_z_neg_target_readability_tail,6,0,0.049257152458712206,0.14285714285714285,0.8187296389207351,0.7694724864620229
T2_select_target,gpt2:qwen7b,_z_neg_target_readability_ce,6,1,0.0,0.6,0.8187296389207351,0.8187296389207351
T2_select_target,gpt2:qwen7b,_z_neg_source_to_target_kl,6,1,0.0,0.6,0.8187296389207351,0.8187296389207351
T2_select_target,gpt2:qwen7b,_z_target_readability_energy,6,0,0.18806187004216268,0.6,0.8187296389207351,0.6306677688785725
T2_select_target,gpt2:qwen7b,_z_top_anchor_overlap,6,0,0.049257152458712206,0.02857142857142857,0.8187296389207351,0.7694724864620229
T2_select_target,gpt2:qwen7b,_z_neg_direction_entropy_gap,6,1,0.0,0.6,0.8187296389207351,0.8187296389207351
T2_select_target,gpt2:qwen7b,_z_neg_direction_dispersion_gap,6,1,0.0,0.37142857142857144,0.8187296389207351,0.8187296389207351
T2_select_target,gpt2:qwen7b,_z_neg_source_native_nll,6,0,0.5724530897317983,-0.37142857142857144,0.8187296389207351,0.24627654918893685
T2_select_target,gpt2:qwen7b,combined_hidden_direction_score,6,1,0.0,0.7142857142857143,0.8187296389207351,0.8187296389207351
T2_select_target,gpt2:qwen7b,combined_hidden_js_score,6,1,0.0,0.8857142857142857,0.8187296389207351,0.8187296389207351
T2_select_target,gpt2:qwen7b,combined_hidden_source_quality_score,6,1,0.0,0.9428571428571428,0.8187296389207351,0.8187296389207351
T2_select_target,gpt2:qwen7b,combined_param_direction_score,6,1,0.0,0.37142857142857144,0.8187296389207351,0.8187296389207351
T2_select_target,gpt2:qwen7b,combined_ratio_direction_score,6,1,0.0,0.37142857142857144,0.8187296389207351,0.8187296389207351
T2_select_target,gpt2:qwen7b,pair_geometry_compatibility_score,6,0,0.049257152458712206,0.2571428571428571,0.8187296389207351,0.7694724864620229
T2_select_target,llama1b:llama1b,rel_direction_l1_to_target,5,0,0.006350599981840732,0.5,0.9279359635062079,0.9215853635243672
T2_select_target,llama1b:llama1b,rel_direction_rmse_to_target,5,0,0.006350599981840732,0.5,0.9279359635062079,0.9215853635243672
T2_select_target,llama1b:llama1b,rel_magnitude_l1_to_target,5,1,0.0,0.1,0.9279359635062079,0.9279359635062079
T2_select_target,llama1b:llama1b,rel_magnitude_rmse_to_target,5,1,0.0,0.0,0.9279359635062079,0.9279359635062079
T2_select_target,llama1b:llama1b,memory_target_norm_gap,5,0,0.906919185781315,-0.9,0.9279359635062079,0.021016777724892906
T2_select_target,llama1b:llama1b,anchor_direction_js_to_target,5,0,0.006350599981840732,0.5,0.9279359635062079,0.9215853635243672
T2_select_target,llama1b:llama1b,target_direction_subspace_residual,5,0,0.13828386398385817,-0.5,0.9279359635062079,0.7896520995223497
T2_select_target,llama1b:llama1b,capacity_normalized_direction_rmse,5,0,0.006350599981840732,0.5,0.9279359635062079,0.9215853635243672
T2_select_target,llama1b:llama1b,diagnostic_rel_direction_z2_mean,5,1,0.0,0.3,0.9279359635062079,0.9279359635062079
T2_select_target,llama1b:llama1b,diagnostic_rel_magnitude_z_abs_mean,5,0,0.006350599981840732,0.9,0.9279359635062079,0.9215853635243672
T2_select_target,llama1b:llama1b,diagnostic_target_direction_std_mean,5,0,0.13828386398385817,-0.5,0.9279359635062079,0.7896520995223497
T2_select_target,llama1b:llama1b,diagnostic_target_direction_std_min,5,0,0.897256493373271,-0.6,0.9279359635062079,0.030679470132936967
T2_select_target,llama1b:llama1b,diagnostic_target_magnitude_std_mean,5,0,0.006350599981840732,0.9,0.9279359635062079,0.9215853635243672
T2_select_target,llama1b:llama1b,diagnostic_target_magnitude_std_min,5,0,0.006350599981840732,0.9,0.9279359635062079,0.9215853635243672
T2_select_target,llama1b:llama1b,target_text_nll,5,1,0.0,0.3,0.9279359635062079,0.9279359635062079
T2_select_target,llama1b:llama1b,target_minus_source_nll,5,1,0.0,0.3,0.9279359635062079,0.9279359635062079
T2_select_target,llama1b:llama1b,target_hidden_size,5,0,0.006350599981840732,0.872081599272381,0.9279359635062079,0.9215853635243672
T2_select_target,llama1b:llama1b,abs_log_hidden_ratio,5,0,0.906919185781315,-0.9746794344808964,0.9279359635062079,0.021016777724892906
T2_select_target,llama1b:llama1b,prior_same_model_family,5,0,0.13828386398385817,0.28867513459481287,0.9279359635062079,0.7896520995223497
T2_select_target,llama1b:llama1b,prior_cross_model_family,5,1,0.0,-0.28867513459481287,0.9279359635062079,0.9279359635062079
T2_select_target,llama1b:llama1b,prior_target_param_b,5,0,0.006350599981840732,0.7181848464596079,0.9279359635062079,0.9215853635243672
T2_select_target,llama1b:llama1b,prior_log_param_ratio_target_over_source,5,0,0.006350599981840732,0.7181848464596079,0.9279359635062079,0.9215853635243672
T2_select_target,llama1b:llama1b,prior_param_tier_jump,5,0,0.13828386398385817,0.35355339059327373,0.9279359635062079,0.7896520995223497
T2_select_target,llama1b:llama1b,pair_normalized_direction_rmse,5,0,0.006350599981840732,0.5,0.9279359635062079,0.9215853635243672
T2_select_target,llama1b:llama1b,target_readability_z2_mean,5,1,0.0,0.3,0.9279359635062079,0.9279359635062079
T2_select_target,llama1b:llama1b,target_readability_tail_frac,5,0,0.006350599981840732,0.5,0.9279359635062079,0.9215853635243672
T2_select_target,llama1b:llama1b,target_readability_cross_entropy,5,0,0.006350599981840732,0.5,0.9279359635062079,0.9215853635243672
T2_select_target,llama1b:llama1b,source_to_target_anchor_kl,5,0,0.006350599981840732,0.5,0.9279359635062079,0.9215853635243672
T2_select_target,llama1b:llama1b,target_readability_energy,5,0,0.006350599981840732,0.5,0.9279359635062079,0.9215853635243672
T2_select_target,llama1b:llama1b,source_target_top_anchor_overlap,5,0,0.006350599981840732,-0.2,0.9279359635062079,0.9215853635243672
T2_select_target,llama1b:llama1b,source_target_direction_entropy_gap,5,0,0.906919185781315,-0.2,0.9279359635062079,0.021016777724892906
T2_select_target,llama1b:llama1b,source_target_direction_dispersion_gap,5,0,0.006350599981840732,0.5,0.9279359635062079,0.9215853635243672
T2_select_target,llama1b:llama1b,diagnostic_source_direction_entropy_mean,5,0,0.006350599981840732,-0.051298917604257706,0.9279359635062079,0.9215853635243672
T2_select_target,llama1b:llama1b,diagnostic_target_direction_entropy,5,0,0.006350599981840732,0.5,0.9279359635062079,0.9215853635243672
T2_select_target,llama1b:llama1b,diagnostic_source_direction_std_mean,5,0,0.006350599981840732,-0.051298917604257706,0.9279359635062079,0.9215853635243672
T2_select_target,llama1b:llama1b,_z_target_hidden_size,5,0,0.006350599981840732,0.872081599272381,0.9279359635062079,0.9215853635243672
T2_select_target,llama1b:llama1b,_z_prior_target_param_b,5,0,0.006350599981840732,0.7181848464596079,0.9279359635062079,0.9215853635243672
T2_select_target,llama1b:llama1b,_z_log_param_ratio,5,0,0.006350599981840732,0.7181848464596079,0.9279359635062079,0.9215853635243672
T2_select_target,llama1b:llama1b,_z_neg_direction_rmse,5,0,0.006350599981840732,0.5,0.9279359635062079,0.9215853635243672
T2_select_target,llama1b:llama1b,_z_neg_anchor_js,5,0,0.006350599981840732,0.5,0.9279359635062079,0.9215853635243672
T2_select_target,llama1b:llama1b,_z_neg_magnitude_rmse,5,1,0.0,0.0,0.9279359635062079,0.9279359635062079
T2_select_target,llama1b:llama1b,_z_neg_subspace_residual,5,0,0.13828386398385817,-0.5,0.9279359635062079,0.7896520995223497
T2_select_target,llama1b:llama1b,_z_neg_pair_norm_direction_rmse,5,0,0.006350599981840732,0.5,0.9279359635062079,0.9215853635243672
T2_select_target,llama1b:llama1b,_z_neg_target_readability_z2,5,1,0.0,0.3,0.9279359635062079,0.9279359635062079
T2_select_target,llama1b:llama1b,_z_neg_target_readability_tail,5,0,0.006350599981840732,0.5,0.9279359635062079,0.9215853635243672
T2_select_target,llama1b:llama1b,_z_neg_target_readability_ce,5,0,0.006350599981840732,0.5,0.9279359635062079,0.9215853635243672
T2_select_target,llama1b:llama1b,_z_neg_source_to_target_kl,5,0,0.006350599981840732,0.5,0.9279359635062079,0.9215853635243672
T2_select_target,llama1b:llama1b,_z_target_readability_energy,5,0,0.006350599981840732,0.5,0.9279359635062079,0.9215853635243672
T2_select_target,llama1b:llama1b,_z_top_anchor_overlap,5,0,0.006350599981840732,-0.2,0.9279359635062079,0.9215853635243672
T2_select_target,llama1b:llama1b,_z_neg_direction_entropy_gap,5,0,0.906919185781315,-0.2,0.9279359635062079,0.021016777724892906
T2_select_target,llama1b:llama1b,_z_neg_direction_dispersion_gap,5,0,0.006350599981840732,0.5,0.9279359635062079,0.9215853635243672
T2_select_target,llama1b:llama1b,combined_hidden_direction_score,5,0,0.006350599981840732,0.6,0.9279359635062079,0.9215853635243672
T2_select_target,llama1b:llama1b,combined_hidden_js_score,5,0,0.006350599981840732,0.6,0.9279359635062079,0.9215853635243672
T2_select_target,llama1b:llama1b,combined_hidden_source_quality_score,5,0,0.006350599981840732,0.872081599272381,0.9279359635062079,0.9215853635243672
T2_select_target,llama1b:llama1b,combined_param_direction_score,5,0,0.006350599981840732,0.5,0.9279359635062079,0.9215853635243672
T2_select_target,llama1b:llama1b,combined_ratio_direction_score,5,0,0.006350599981840732,0.5,0.9279359635062079,0.9215853635243672
T2_select_target,llama1b:llama1b,pair_geometry_compatibility_score,5,0,0.006350599981840732,0.5,0.9279359635062079,0.9215853635243672
T2_select_target,llama1b:llama3b,rel_direction_l1_to_target,6,0,0.20838228443109774,0.6,1.0459576460584752,0.8375753616273774
T2_select_target,llama1b:llama3b,rel_direction_rmse_to_target,6,0,0.20838228443109774,0.6,1.0459576460584752,0.8375753616273774
T2_select_target,llama1b:llama3b,rel_magnitude_l1_to_target,6,1,0.0,0.14285714285714285,1.0459576460584752,1.0459576460584752
T2_select_target,llama1b:llama3b,rel_magnitude_rmse_to_target,6,1,0.0,-0.02857142857142857,1.0459576460584752,1.0459576460584752
T2_select_target,llama1b:llama3b,memory_target_norm_gap,6,0,0.9055346827870171,-0.9428571428571428,1.0459576460584752,0.14042296327145806
T2_select_target,llama1b:llama3b,anchor_direction_js_to_target,6,1,0.0,0.7714285714285715,1.0459576460584752,1.0459576460584752
T2_select_target,llama1b:llama3b,target_direction_subspace_residual,6,0,0.36243961552026627,-0.6,1.0459576460584752,0.6835180305382089
T2_select_target,llama1b:llama3b,capacity_normalized_direction_rmse,6,0,0.06729972091211989,0.6571428571428571,1.0459576460584752,0.9786579251463553
T2_select_target,llama1b:llama3b,diagnostic_rel_direction_z2_mean,6,0,0.20838228443109774,0.2571428571428571,1.0459576460584752,0.8375753616273774
T2_select_target,llama1b:llama3b,diagnostic_rel_magnitude_z_abs_mean,6,0,0.06729972091211989,0.7714285714285715,1.0459576460584752,0.9786579251463553
T2_select_target,llama1b:llama3b,diagnostic_target_direction_std_mean,6,0,0.36243961552026627,-0.7714285714285715,1.0459576460584752,0.6835180305382089
T2_select_target,llama1b:llama3b,diagnostic_target_direction_std_min,6,0,0.20838228443109774,-0.6,1.0459576460584752,0.8375753616273774
T2_select_target,llama1b:llama3b,diagnostic_target_magnitude_std_mean,6,0,0.06729972091211989,0.7714285714285715,1.0459576460584752,0.9786579251463553
T2_select_target,llama1b:llama3b,diagnostic_target_magnitude_std_min,6,0,0.06729972091211989,0.7714285714285715,1.0459576460584752,0.9786579251463553
T2_select_target,llama1b:llama3b,target_text_nll,6,1,0.0,0.6,1.0459576460584752,1.0459576460584752
T2_select_target,llama1b:llama3b,target_minus_source_nll,6,1,0.0,0.6,1.0459576460584752,1.0459576460584752
T2_select_target,llama1b:llama3b,target_hidden_size,6,0,0.06729972091211989,0.9710083124552245,1.0459576460584752,0.9786579251463553
T2_select_target,llama1b:llama3b,abs_log_hidden_ratio,6,0,0.20838228443109774,0.7944613465542745,1.0459576460584752,0.8375753616273774
T2_select_target,llama1b:llama3b,prior_same_model_family,6,0,0.36243961552026627,0.20701966780270628,1.0459576460584752,0.6835180305382089
T2_select_target,llama1b:llama3b,prior_cross_model_family,6,1,0.0,-0.20701966780270628,1.0459576460584752,1.0459576460584752
T2_select_target,llama1b:llama3b,prior_target_param_b,6,0,0.06729972091211989,0.7247137945655605,1.0459576460584752,0.9786579251463553
T2_select_target,llama1b:llama3b,prior_log_param_ratio_target_over_source,6,0,0.06729972091211989,0.7247137945655605,1.0459576460584752,0.9786579251463553
T2_select_target,llama1b:llama3b,prior_param_tier_jump,6,0,0.06729972091211989,0.50709255283711,1.0459576460584752,0.9786579251463553
T2_select_target,llama1b:llama3b,pair_normalized_direction_rmse,6,0,0.20838228443109774,0.6,1.0459576460584752,0.8375753616273774
T2_select_target,llama1b:llama3b,target_readability_z2_mean,6,0,0.20838228443109774,0.2571428571428571,1.0459576460584752,0.8375753616273774
T2_select_target,llama1b:llama3b,target_readability_tail_frac,6,0,0.20838228443109774,0.4857142857142857,1.0459576460584752,0.8375753616273774
T2_select_target,llama1b:llama3b,target_readability_cross_entropy,6,1,0.0,0.7714285714285715,1.0459576460584752,1.0459576460584752
T2_select_target,llama1b:llama3b,source_to_target_anchor_kl,6,1,0.0,0.7714285714285715,1.0459576460584752,1.0459576460584752
T2_select_target,llama1b:llama3b,target_readability_energy,6,0,0.36243961552026627,-0.6571428571428571,1.0459576460584752,0.6835180305382089
T2_select_target,llama1b:llama3b,source_target_top_anchor_overlap,6,0,0.36243961552026627,-0.14285714285714285,1.0459576460584752,0.6835180305382089
T2_select_target,llama1b:llama3b,source_target_direction_entropy_gap,6,1,0.0,0.6,1.0459576460584752,1.0459576460584752
T2_select_target,llama1b:llama3b,source_target_direction_dispersion_gap,6,0,0.06729972091211989,0.7714285714285715,1.0459576460584752,0.9786579251463553
T2_select_target,llama1b:llama3b,diagnostic_source_direction_entropy_mean,6,1,0.0,0.09107651110783745,1.0459576460584752,1.0459576460584752
T2_select_target,llama1b:llama3b,diagnostic_target_direction_entropy,6,0,0.06729972091211989,0.7714285714285715,1.0459576460584752,0.9786579251463553
T2_select_target,llama1b:llama3b,diagnostic_source_direction_std_mean,6,0,0.36243961552026627,-0.2125118592516207,1.0459576460584752,0.6835180305382089
T2_select_target,llama1b:llama3b,_z_target_hidden_size,6,0,0.06729972091211989,0.9710083124552245,1.0459576460584752,0.9786579251463553
T2_select_target,llama1b:llama3b,_z_prior_target_param_b,6,0,0.06729972091211989,0.7247137945655605,1.0459576460584752,0.9786579251463553
T2_select_target,llama1b:llama3b,_z_log_param_ratio,6,0,0.06729972091211989,0.7247137945655605,1.0459576460584752,0.9786579251463553
T2_select_target,llama1b:llama3b,_z_neg_direction_rmse,6,0,0.20838228443109774,0.6,1.0459576460584752,0.8375753616273774
T2_select_target,llama1b:llama3b,_z_neg_anchor_js,6,1,0.0,0.7714285714285715,1.0459576460584752,1.0459576460584752
T2_select_target,llama1b:llama3b,_z_neg_magnitude_rmse,6,1,0.0,-0.02857142857142857,1.0459576460584752,1.0459576460584752
T2_select_target,llama1b:llama3b,_z_neg_subspace_residual,6,0,0.36243961552026627,-0.6,1.0459576460584752,0.6835180305382089
T2_select_target,llama1b:llama3b,_z_neg_pair_norm_direction_rmse,6,0,0.20838228443109774,0.6,1.0459576460584752,0.8375753616273774
T2_select_target,llama1b:llama3b,_z_neg_target_readability_z2,6,0,0.20838228443109774,0.2571428571428571,1.0459576460584752,0.8375753616273774
T2_select_target,llama1b:llama3b,_z_neg_target_readability_tail,6,0,0.20838228443109774,0.4857142857142857,1.0459576460584752,0.8375753616273774
T2_select_target,llama1b:llama3b,_z_neg_target_readability_ce,6,1,0.0,0.7714285714285715,1.0459576460584752,1.0459576460584752
T2_select_target,llama1b:llama3b,_z_neg_source_to_target_kl,6,1,0.0,0.7714285714285715,1.0459576460584752,1.0459576460584752
T2_select_target,llama1b:llama3b,_z_target_readability_energy,6,0,0.36243961552026627,-0.6571428571428571,1.0459576460584752,0.6835180305382089
T2_select_target,llama1b:llama3b,_z_top_anchor_overlap,6,0,0.36243961552026627,-0.14285714285714285,1.0459576460584752,0.6835180305382089
T2_select_target,llama1b:llama3b,_z_neg_direction_entropy_gap,6,1,0.0,0.6,1.0459576460584752,1.0459576460584752
T2_select_target,llama1b:llama3b,_z_neg_direction_dispersion_gap,6,0,0.06729972091211989,0.7714285714285715,1.0459576460584752,0.9786579251463553
T2_select_target,llama1b:llama3b,combined_hidden_direction_score,6,0,0.06729972091211989,0.7714285714285715,1.0459576460584752,0.9786579251463553
T2_select_target,llama1b:llama3b,combined_hidden_js_score,6,1,0.0,0.8285714285714286,1.0459576460584752,1.0459576460584752
T2_select_target,llama1b:llama3b,combined_hidden_source_quality_score,6,0,0.06729972091211989,0.9710083124552245,1.0459576460584752,0.9786579251463553
T2_select_target,llama1b:llama3b,combined_param_direction_score,6,0,0.06729972091211989,0.6571428571428571,1.0459576460584752,0.9786579251463553
T2_select_target,llama1b:llama3b,combined_ratio_direction_score,6,0,0.06729972091211989,0.6571428571428571,1.0459576460584752,0.9786579251463553
T2_select_target,llama1b:llama3b,pair_geometry_compatibility_score,6,1,0.0,0.4857142857142857,1.0459576460584752,1.0459576460584752
T2_select_target,llama1b:llama8b,rel_direction_l1_to_target,6,0,0.4760563531146342,-0.08571428571428572,0.8546970245379388,0.37864067142330465
T2_select_target,llama1b:llama8b,rel_direction_rmse_to_target,6,0,0.4760563531146342,-0.08571428571428572,0.8546970245379388,0.37864067142330465
T2_select_target,llama1b:llama8b,rel_magnitude_l1_to_target,6,0,0.4760563531146342,-0.8285714285714286,0.8546970245379388,0.37864067142330465
T2_select_target,llama1b:llama8b,rel_magnitude_rmse_to_target,6,0,0.8444228991214705,-0.8857142857142857,0.8546970245379388,0.010274125416468348
T2_select_target,llama1b:llama8b,memory_target_norm_gap,6,0,0.8444228991214705,-0.4857142857142857,0.8546970245379388,0.010274125416468348
T2_select_target,llama1b:llama8b,anchor_direction_js_to_target,6,1,0.0,0.08571428571428572,0.8546970245379388,0.8546970245379388
T2_select_target,llama1b:llama8b,target_direction_subspace_residual,6,0,0.02503518190111942,0.08571428571428572,0.8546970245379388,0.8296618426368194
T2_select_target,llama1b:llama8b,capacity_normalized_direction_rmse,6,0,0.4760563531146342,-0.08571428571428572,0.8546970245379388,0.37864067142330465
T2_select_target,llama1b:llama8b,diagnostic_rel_direction_z2_mean,6,0,0.4760563531146342,-0.08571428571428572,0.8546970245379388,0.37864067142330465
T2_select_target,llama1b:llama8b,diagnostic_rel_magnitude_z_abs_mean,6,0,0.4760563531146342,0.6,0.8546970245379388,0.37864067142330465
T2_select_target,llama1b:llama8b,diagnostic_target_direction_std_mean,6,0,0.4043089799218323,-0.14285714285714285,0.8546970245379388,0.45038804461610654
T2_select_target,llama1b:llama8b,diagnostic_target_direction_std_min,6,0,0.4760563531146342,-0.7714285714285715,0.8546970245379388,0.37864067142330465
T2_select_target,llama1b:llama8b,diagnostic_target_magnitude_std_mean,6,0,0.4760563531146342,0.6,0.8546970245379388,0.37864067142330465
T2_select_target,llama1b:llama8b,diagnostic_target_magnitude_std_min,6,0,0.4760563531146342,0.6,0.8546970245379388,0.37864067142330465
T2_select_target,llama1b:llama8b,target_text_nll,6,1,0.0,0.14285714285714285,0.8546970245379388,0.8546970245379388
T2_select_target,llama1b:llama8b,target_minus_source_nll,6,1,0.0,0.14285714285714285,0.8546970245379388,0.8546970245379388
T2_select_target,llama1b:llama8b,target_hidden_size,6,1,0.0,0.7826908981308054,0.8546970245379388,0.8546970245379388
T2_select_target,llama1b:llama8b,abs_log_hidden_ratio,6,1,0.0,0.7826908981308054,0.8546970245379388,0.8546970245379388
T2_select_target,llama1b:llama8b,prior_same_model_family,6,0,0.4043089799218323,0.41403933560541256,0.8546970245379388,0.45038804461610654
T2_select_target,llama1b:llama8b,prior_cross_model_family,6,1,0.0,-0.41403933560541256,0.8546970245379388,0.8546970245379388
T2_select_target,llama1b:llama8b,prior_target_param_b,6,1,0.0,0.3825184261187248,0.8546970245379388,0.8546970245379388
T2_select_target,llama1b:llama8b,prior_log_param_ratio_target_over_source,6,1,0.0,0.3825184261187248,0.8546970245379388,0.8546970245379388
T2_select_target,llama1b:llama8b,prior_param_tier_jump,6,0,0.4043089799218323,-0.41403933560541256,0.8546970245379388,0.45038804461610654
T2_select_target,llama1b:llama8b,pair_normalized_direction_rmse,6,0,0.4760563531146342,-0.08571428571428572,0.8546970245379388,0.37864067142330465
T2_select_target,llama1b:llama8b,target_readability_z2_mean,6,0,0.4760563531146342,-0.08571428571428572,0.8546970245379388,0.37864067142330465
T2_select_target,llama1b:llama8b,target_readability_tail_frac,6,0,0.4760563531146342,-0.08571428571428572,0.8546970245379388,0.37864067142330465
T2_select_target,llama1b:llama8b,target_readability_cross_entropy,6,1,0.0,0.08571428571428572,0.8546970245379388,0.8546970245379388
T2_select_target,llama1b:llama8b,source_to_target_anchor_kl,6,1,0.0,0.08571428571428572,0.8546970245379388,0.8546970245379388
T2_select_target,llama1b:llama8b,target_readability_energy,6,0,0.4760563531146342,-0.08571428571428572,0.8546970245379388,0.37864067142330465
T2_select_target,llama1b:llama8b,source_target_top_anchor_overlap,6,0,0.4760563531146342,0.5428571428571428,0.8546970245379388,0.37864067142330465
T2_select_target,llama1b:llama8b,source_target_direction_entropy_gap,6,1,0.0,0.08571428571428572,0.8546970245379388,0.8546970245379388
T2_select_target,llama1b:llama8b,source_target_direction_dispersion_gap,6,1,0.0,0.14285714285714285,0.8546970245379388,0.8546970245379388
T2_select_target,llama1b:llama8b,diagnostic_source_direction_entropy_mean,6,1,0.0,0.9258200997725515,0.8546970245379388,0.8546970245379388
T2_select_target,llama1b:llama8b,diagnostic_target_direction_entropy,6,1,0.0,0.08571428571428572,0.8546970245379388,0.8546970245379388
T2_select_target,llama1b:llama8b,diagnostic_source_direction_std_mean,6,0,0.4043089799218323,0.0,0.8546970245379388,0.45038804461610654
T2_select_target,llama1b:llama8b,_z_target_hidden_size,6,1,0.0,0.7826908981308054,0.8546970245379388,0.8546970245379388
T2_select_target,llama1b:llama8b,_z_prior_target_param_b,6,1,0.0,0.3825184261187248,0.8546970245379388,0.8546970245379388
T2_select_target,llama1b:llama8b,_z_log_param_ratio,6,1,0.0,0.3825184261187248,0.8546970245379388,0.8546970245379388
T2_select_target,llama1b:llama8b,_z_neg_direction_rmse,6,0,0.4760563531146342,-0.08571428571428572,0.8546970245379388,0.37864067142330465
T2_select_target,llama1b:llama8b,_z_neg_anchor_js,6,1,0.0,0.08571428571428572,0.8546970245379388,0.8546970245379388
T2_select_target,llama1b:llama8b,_z_neg_magnitude_rmse,6,0,0.8444228991214705,-0.8857142857142857,0.8546970245379388,0.010274125416468348
T2_select_target,llama1b:llama8b,_z_neg_subspace_residual,6,0,0.02503518190111942,0.08571428571428572,0.8546970245379388,0.8296618426368194
T2_select_target,llama1b:llama8b,_z_neg_pair_norm_direction_rmse,6,0,0.4760563531146342,-0.08571428571428572,0.8546970245379388,0.37864067142330465
T2_select_target,llama1b:llama8b,_z_neg_target_readability_z2,6,0,0.4760563531146342,-0.08571428571428572,0.8546970245379388,0.37864067142330465
T2_select_target,llama1b:llama8b,_z_neg_target_readability_tail,6,0,0.4760563531146342,-0.08571428571428572,0.8546970245379388,0.37864067142330465
T2_select_target,llama1b:llama8b,_z_neg_target_readability_ce,6,1,0.0,0.08571428571428572,0.8546970245379388,0.8546970245379388
T2_select_target,llama1b:llama8b,_z_neg_source_to_target_kl,6,1,0.0,0.08571428571428572,0.8546970245379388,0.8546970245379388
T2_select_target,llama1b:llama8b,_z_target_readability_energy,6,0,0.4760563531146342,-0.08571428571428572,0.8546970245379388,0.37864067142330465
T2_select_target,llama1b:llama8b,_z_top_anchor_overlap,6,0,0.4760563531146342,0.5428571428571428,0.8546970245379388,0.37864067142330465
T2_select_target,llama1b:llama8b,_z_neg_direction_entropy_gap,6,1,0.0,0.08571428571428572,0.8546970245379388,0.8546970245379388
T2_select_target,llama1b:llama8b,_z_neg_direction_dispersion_gap,6,1,0.0,0.14285714285714285,0.8546970245379388,0.8546970245379388
T2_select_target,llama1b:llama8b,combined_hidden_direction_score,6,1,0.0,0.37142857142857144,0.8546970245379388,0.8546970245379388
T2_select_target,llama1b:llama8b,combined_hidden_js_score,6,1,0.0,0.14285714285714285,0.8546970245379388,0.8546970245379388
T2_select_target,llama1b:llama8b,combined_hidden_source_quality_score,6,1,0.0,0.7826908981308054,0.8546970245379388,0.8546970245379388
T2_select_target,llama1b:llama8b,combined_param_direction_score,6,0,0.4760563531146342,-0.02857142857142857,0.8546970245379388,0.37864067142330465
T2_select_target,llama1b:llama8b,combined_ratio_direction_score,6,0,0.4760563531146342,-0.02857142857142857,0.8546970245379388,0.37864067142330465
T2_select_target,llama1b:llama8b,pair_geometry_compatibility_score,6,0,0.4760563531146342,-0.08571428571428572,0.8546970245379388,0.37864067142330465
T2_select_target,llama1b:mistral7b,rel_direction_l1_to_target,6,0,0.07343516134760897,-0.02857142857142857,0.26192462156317575,0.18848946021556678
T2_select_target,llama1b:mistral7b,rel_direction_rmse_to_target,6,0,0.07343516134760897,-0.02857142857142857,0.26192462156317575,0.18848946021556678
T2_select_target,llama1b:mistral7b,rel_magnitude_l1_to_target,6,0,0.24932186251371818,-0.7714285714285715,0.26192462156317575,0.012602759049457566
T2_select_target,llama1b:mistral7b,rel_magnitude_rmse_to_target,6,0,0.24932186251371818,-0.6571428571428571,0.26192462156317575,0.012602759049457566
T2_select_target,llama1b:mistral7b,memory_target_norm_gap,6,0,0.24656239325919352,-0.2571428571428571,0.26192462156317575,0.015362228303982232
T2_select_target,llama1b:mistral7b,anchor_direction_js_to_target,6,0,0.07343516134760897,-0.02857142857142857,0.26192462156317575,0.18848946021556678
T2_select_target,llama1b:mistral7b,target_direction_subspace_residual,6,1,0.0,0.02857142857142857,0.26192462156317575,0.26192462156317575
T2_select_target,llama1b:mistral7b,capacity_normalized_direction_rmse,6,0,0.07343516134760897,-0.02857142857142857,0.26192462156317575,0.18848946021556678
T2_select_target,llama1b:mistral7b,diagnostic_rel_direction_z2_mean,6,0,0.24656239325919352,-0.7142857142857143,0.26192462156317575,0.015362228303982232
T2_select_target,llama1b:mistral7b,diagnostic_rel_magnitude_z_abs_mean,6,0,0.07343516134760897,0.6571428571428571,0.26192462156317575,0.18848946021556678
T2_select_target,llama1b:mistral7b,diagnostic_target_direction_std_mean,6,0,0.24932186251371818,-0.7142857142857143,0.26192462156317575,0.012602759049457566
T2_select_target,llama1b:mistral7b,diagnostic_target_direction_std_min,6,0,0.24932186251371818,-0.8285714285714286,0.26192462156317575,0.012602759049457566
T2_select_target,llama1b:mistral7b,diagnostic_target_magnitude_std_mean,6,0,0.07343516134760897,0.6571428571428571,0.26192462156317575,0.18848946021556678
T2_select_target,llama1b:mistral7b,diagnostic_target_magnitude_std_min,6,0,0.07343516134760897,0.6571428571428571,0.26192462156317575,0.18848946021556678
T2_select_target,llama1b:mistral7b,target_text_nll,6,0,0.07343516134760897,0.02857142857142857,0.26192462156317575,0.18848946021556678
T2_select_target,llama1b:mistral7b,target_minus_source_nll,6,0,0.07343516134760897,0.02857142857142857,0.26192462156317575,0.18848946021556678
T2_select_target,llama1b:mistral7b,target_hidden_size,6,0,0.10677974662167009,0.753702346348183,0.26192462156317575,0.15514487494150567
T2_select_target,llama1b:mistral7b,abs_log_hidden_ratio,6,0,0.10677974662167009,0.753702346348183,0.26192462156317575,0.15514487494150567
T2_select_target,llama1b:mistral7b,prior_target_param_b,6,0,0.10677974662167009,0.49280538030458115,0.26192462156317575,0.15514487494150567
T2_select_target,llama1b:mistral7b,prior_log_param_ratio_target_over_source,6,0,0.10677974662167009,0.49280538030458115,0.26192462156317575,0.15514487494150567
T2_select_target,llama1b:mistral7b,prior_param_tier_jump,6,0,0.1295153758737799,-0.41403933560541256,0.26192462156317575,0.13240924568939585
T2_select_target,llama1b:mistral7b,pair_normalized_direction_rmse,6,0,0.07343516134760897,-0.14285714285714285,0.26192462156317575,0.18848946021556678
T2_select_target,llama1b:mistral7b,target_readability_z2_mean,6,0,0.24656239325919352,-0.7142857142857143,0.26192462156317575,0.015362228303982232
T2_select_target,llama1b:mistral7b,target_readability_tail_frac,6,0,0.24932186251371818,-0.753702346348183,0.26192462156317575,0.012602759049457566
T2_select_target,llama1b:mistral7b,target_readability_cross_entropy,6,0,0.10677974662167009,-0.08571428571428572,0.26192462156317575,0.15514487494150567
T2_select_target,llama1b:mistral7b,source_to_target_anchor_kl,6,0,0.07343516134760897,-0.02857142857142857,0.26192462156317575,0.18848946021556678
T2_select_target,llama1b:mistral7b,target_readability_energy,6,0,0.07343516134760897,0.8285714285714286,0.26192462156317575,0.18848946021556678
T2_select_target,llama1b:mistral7b,source_target_top_anchor_overlap,6,0,0.07343516134760897,0.14285714285714285,0.26192462156317575,0.18848946021556678
T2_select_target,llama1b:mistral7b,source_target_direction_entropy_gap,6,0,0.07343516134760897,-0.02857142857142857,0.26192462156317575,0.18848946021556678
T2_select_target,llama1b:mistral7b,source_target_direction_dispersion_gap,6,0,0.10677974662167009,0.7714285714285715,0.26192462156317575,0.15514487494150567
T2_select_target,llama1b:mistral7b,diagnostic_source_direction_entropy_mean,6,0,0.24932186251371818,-0.4879500364742666,0.26192462156317575,0.012602759049457566
T2_select_target,llama1b:mistral7b,diagnostic_target_direction_entropy,6,0,0.10677974662167009,-0.08571428571428572,0.26192462156317575,0.15514487494150567
T2_select_target,llama1b:mistral7b,diagnostic_source_direction_std_mean,6,0,0.1295153758737799,0.4879500364742666,0.26192462156317575,0.13240924568939585
T2_select_target,llama1b:mistral7b,_z_target_hidden_size,6,0,0.10677974662167009,0.753702346348183,0.26192462156317575,0.15514487494150567
T2_select_target,llama1b:mistral7b,_z_prior_target_param_b,6,0,0.10677974662167009,0.49280538030458115,0.26192462156317575,0.15514487494150567
T2_select_target,llama1b:mistral7b,_z_log_param_ratio,6,0,0.10677974662167009,0.49280538030458115,0.26192462156317575,0.15514487494150567
T2_select_target,llama1b:mistral7b,_z_neg_direction_rmse,6,0,0.07343516134760897,-0.02857142857142857,0.26192462156317575,0.18848946021556678
T2_select_target,llama1b:mistral7b,_z_neg_anchor_js,6,0,0.07343516134760897,-0.02857142857142857,0.26192462156317575,0.18848946021556678
T2_select_target,llama1b:mistral7b,_z_neg_magnitude_rmse,6,0,0.24932186251371818,-0.6571428571428571,0.26192462156317575,0.012602759049457566
T2_select_target,llama1b:mistral7b,_z_neg_subspace_residual,6,1,0.0,0.02857142857142857,0.26192462156317575,0.26192462156317575
T2_select_target,llama1b:mistral7b,_z_neg_pair_norm_direction_rmse,6,0,0.07343516134760897,-0.14285714285714285,0.26192462156317575,0.18848946021556678
T2_select_target,llama1b:mistral7b,_z_neg_target_readability_z2,6,0,0.24656239325919352,-0.7142857142857143,0.26192462156317575,0.015362228303982232
T2_select_target,llama1b:mistral7b,_z_neg_target_readability_tail,6,0,0.24932186251371818,-0.753702346348183,0.26192462156317575,0.012602759049457566
T2_select_target,llama1b:mistral7b,_z_neg_target_readability_ce,6,0,0.10677974662167009,-0.08571428571428572,0.26192462156317575,0.15514487494150567
T2_select_target,llama1b:mistral7b,_z_neg_source_to_target_kl,6,0,0.07343516134760897,-0.02857142857142857,0.26192462156317575,0.18848946021556678
T2_select_target,llama1b:mistral7b,_z_target_readability_energy,6,0,0.07343516134760897,0.8285714285714286,0.26192462156317575,0.18848946021556678
T2_select_target,llama1b:mistral7b,_z_top_anchor_overlap,6,0,0.07343516134760897,0.14285714285714285,0.26192462156317575,0.18848946021556678
T2_select_target,llama1b:mistral7b,_z_neg_direction_entropy_gap,6,0,0.07343516134760897,-0.02857142857142857,0.26192462156317575,0.18848946021556678
T2_select_target,llama1b:mistral7b,_z_neg_direction_dispersion_gap,6,0,0.10677974662167009,0.7714285714285715,0.26192462156317575,0.15514487494150567
T2_select_target,llama1b:mistral7b,combined_hidden_direction_score,6,0,0.10677974662167009,0.37142857142857144,0.26192462156317575,0.15514487494150567
T2_select_target,llama1b:mistral7b,combined_hidden_js_score,6,0,0.10677974662167009,0.7142857142857143,0.26192462156317575,0.15514487494150567
T2_select_target,llama1b:mistral7b,combined_hidden_source_quality_score,6,0,0.10677974662167009,0.753702346348183,0.26192462156317575,0.15514487494150567
T2_select_target,llama1b:mistral7b,combined_param_direction_score,6,0,0.10677974662167009,0.08571428571428572,0.26192462156317575,0.15514487494150567
T2_select_target,llama1b:mistral7b,combined_ratio_direction_score,6,0,0.07343516134760897,0.14285714285714285,0.26192462156317575,0.18848946021556678
T2_select_target,llama1b:mistral7b,pair_geometry_compatibility_score,6,0,0.07343516134760897,-0.02857142857142857,0.26192462156317575,0.18848946021556678
T2_select_target,llama1b:qwen1.5b,rel_direction_l1_to_target,6,0,0.04094059242470638,0.37142857142857144,0.7909334298534388,0.7499928374287325
T2_select_target,llama1b:qwen1.5b,rel_direction_rmse_to_target,6,0,0.1766887268541545,0.2571428571428571,0.7909334298534388,0.6142447029992844
T2_select_target,llama1b:qwen1.5b,rel_magnitude_l1_to_target,6,1,0.0,0.7714285714285715,0.7909334298534388,0.7909334298534388
T2_select_target,llama1b:qwen1.5b,rel_magnitude_rmse_to_target,6,1,0.0,0.4857142857142857,0.7909334298534388,0.7909334298534388
T2_select_target,llama1b:qwen1.5b,memory_target_norm_gap,6,0,0.1516758076486433,-0.6571428571428571,0.7909334298534388,0.6392576222047955
T2_select_target,llama1b:qwen1.5b,anchor_direction_js_to_target,6,0,0.1766887268541545,0.3142857142857143,0.7909334298534388,0.6142447029992844
T2_select_target,llama1b:qwen1.5b,target_direction_subspace_residual,6,0,0.1516758076486433,-0.2571428571428571,0.7909334298534388,0.6392576222047955
T2_select_target,llama1b:qwen1.5b,capacity_normalized_direction_rmse,6,0,0.04094059242470638,0.37142857142857144,0.7909334298534388,0.7499928374287325
T2_select_target,llama1b:qwen1.5b,diagnostic_rel_direction_z2_mean,6,0,0.04094059242470638,0.42857142857142855,0.7909334298534388,0.7499928374287325
T2_select_target,llama1b:qwen1.5b,diagnostic_rel_magnitude_z_abs_mean,6,0,0.1766887268541545,-0.14285714285714285,0.7909334298534388,0.6142447029992844
T2_select_target,llama1b:qwen1.5b,diagnostic_target_direction_std_mean,6,0,0.3066020096703058,-0.6571428571428571,0.7909334298534388,0.484331420183133
T2_select_target,llama1b:qwen1.5b,diagnostic_target_direction_std_min,6,0,0.635844831170272,-0.42857142857142855,0.7909334298534388,0.15508859868316677
T2_select_target,llama1b:qwen1.5b,diagnostic_target_magnitude_std_mean,6,0,0.1766887268541545,-0.14285714285714285,0.7909334298534388,0.6142447029992844
T2_select_target,llama1b:qwen1.5b,diagnostic_target_magnitude_std_min,6,0,0.1766887268541545,-0.14285714285714285,0.7909334298534388,0.6142447029992844
T2_select_target,llama1b:qwen1.5b,target_text_nll,6,1,0.0,0.37142857142857144,0.7909334298534388,0.7909334298534388
T2_select_target,llama1b:qwen1.5b,target_minus_source_nll,6,1,0.0,0.37142857142857144,0.7909334298534388,0.7909334298534388
T2_select_target,llama1b:qwen1.5b,target_hidden_size,6,0,0.04094059242470638,0.9121593238215745,0.7909334298534388,0.7499928374287325
T2_select_target,llama1b:qwen1.5b,abs_log_hidden_ratio,6,0,0.3066020096703058,-0.9121593238215745,0.7909334298534388,0.484331420183133
T2_select_target,llama1b:qwen1.5b,prior_same_model_family,6,0,0.635844831170272,-0.6210590034081188,0.7909334298534388,0.15508859868316677
T2_select_target,llama1b:qwen1.5b,prior_cross_model_family,6,0,0.3066020096703058,0.6210590034081188,0.7909334298534388,0.484331420183133
T2_select_target,llama1b:qwen1.5b,prior_target_param_b,6,0,0.04094059242470638,0.6767633692869746,0.7909334298534388,0.7499928374287325
T2_select_target,llama1b:qwen1.5b,prior_log_param_ratio_target_over_source,6,0,0.04094059242470638,0.6767633692869746,0.7909334298534388,0.7499928374287325
T2_select_target,llama1b:qwen1.5b,prior_param_tier_jump,6,0,0.04094059242470638,0.6831300510639732,0.7909334298534388,0.7499928374287325
T2_select_target,llama1b:qwen1.5b,pair_normalized_direction_rmse,6,0,0.1766887268541545,0.2571428571428571,0.7909334298534388,0.6142447029992844
T2_select_target,llama1b:qwen1.5b,target_readability_z2_mean,6,0,0.04094059242470638,0.42857142857142855,0.7909334298534388,0.7499928374287325
T2_select_target,llama1b:qwen1.5b,target_readability_tail_frac,6,0,0.04094059242470638,0.5428571428571428,0.7909334298534388,0.7499928374287325
T2_select_target,llama1b:qwen1.5b,target_magnitude_tail_frac,6,0,0.1766887268541545,-0.13093073414159545,0.7909334298534388,0.6142447029992844
T2_select_target,llama1b:qwen1.5b,target_readability_cross_entropy,6,1,0.0,0.4857142857142857,0.7909334298534388,0.7909334298534388
T2_select_target,llama1b:qwen1.5b,source_to_target_anchor_kl,6,0,0.1766887268541545,0.3142857142857143,0.7909334298534388,0.6142447029992844
T2_select_target,llama1b:qwen1.5b,target_readability_energy,6,0,0.635844831170272,-0.7142857142857143,0.7909334298534388,0.15508859868316677
T2_select_target,llama1b:qwen1.5b,source_target_top_anchor_overlap,6,0,0.635844831170272,-0.7142857142857143,0.7909334298534388,0.15508859868316677
T2_select_target,llama1b:qwen1.5b,source_target_direction_entropy_gap,6,0,0.1766887268541545,0.37142857142857144,0.7909334298534388,0.6142447029992844
T2_select_target,llama1b:qwen1.5b,source_target_direction_dispersion_gap,6,0,0.04094059242470638,0.6571428571428571,0.7909334298534388,0.7499928374287325
T2_select_target,llama1b:qwen1.5b,diagnostic_source_direction_entropy_mean,6,0,0.635844831170272,-0.33946736991660226,0.7909334298534388,0.15508859868316677
T2_select_target,llama1b:qwen1.5b,diagnostic_target_direction_entropy,6,1,0.0,0.6,0.7909334298534388,0.7909334298534388
T2_select_target,llama1b:qwen1.5b,diagnostic_source_direction_std_mean,6,0,0.635844831170272,-0.7715167498104596,0.7909334298534388,0.15508859868316677
T2_select_target,llama1b:qwen1.5b,_z_target_hidden_size,6,0,0.04094059242470638,0.9121593238215745,0.7909334298534388,0.7499928374287325
T2_select_target,llama1b:qwen1.5b,_z_prior_target_param_b,6,0,0.04094059242470638,0.6767633692869746,0.7909334298534388,0.7499928374287325
T2_select_target,llama1b:qwen1.5b,_z_log_param_ratio,6,0,0.04094059242470638,0.6767633692869746,0.7909334298534388,0.7499928374287325
T2_select_target,llama1b:qwen1.5b,_z_neg_direction_rmse,6,0,0.1766887268541545,0.2571428571428571,0.7909334298534388,0.6142447029992844
T2_select_target,llama1b:qwen1.5b,_z_neg_anchor_js,6,0,0.1766887268541545,0.3142857142857143,0.7909334298534388,0.6142447029992844
T2_select_target,llama1b:qwen1.5b,_z_neg_magnitude_rmse,6,1,0.0,0.4857142857142857,0.7909334298534388,0.7909334298534388
T2_select_target,llama1b:qwen1.5b,_z_neg_subspace_residual,6,0,0.1516758076486433,-0.2571428571428571,0.7909334298534388,0.6392576222047955
T2_select_target,llama1b:qwen1.5b,_z_neg_pair_norm_direction_rmse,6,0,0.1766887268541545,0.2571428571428571,0.7909334298534388,0.6142447029992844
T2_select_target,llama1b:qwen1.5b,_z_neg_target_readability_z2,6,0,0.04094059242470638,0.42857142857142855,0.7909334298534388,0.7499928374287325
T2_select_target,llama1b:qwen1.5b,_z_neg_target_readability_tail,6,0,0.04094059242470638,0.5428571428571428,0.7909334298534388,0.7499928374287325
T2_select_target,llama1b:qwen1.5b,_z_neg_target_magnitude_tail,6,0,0.1766887268541545,-0.13093073414159545,0.7909334298534388,0.6142447029992844
T2_select_target,llama1b:qwen1.5b,_z_neg_target_readability_ce,6,1,0.0,0.4857142857142857,0.7909334298534388,0.7909334298534388
T2_select_target,llama1b:qwen1.5b,_z_neg_source_to_target_kl,6,0,0.1766887268541545,0.3142857142857143,0.7909334298534388,0.6142447029992844
T2_select_target,llama1b:qwen1.5b,_z_target_readability_energy,6,0,0.635844831170272,-0.7142857142857143,0.7909334298534388,0.15508859868316677
T2_select_target,llama1b:qwen1.5b,_z_top_anchor_overlap,6,0,0.635844831170272,-0.7142857142857143,0.7909334298534388,0.15508859868316677
T2_select_target,llama1b:qwen1.5b,_z_neg_direction_entropy_gap,6,0,0.1766887268541545,0.37142857142857144,0.7909334298534388,0.6142447029992844
T2_select_target,llama1b:qwen1.5b,_z_neg_direction_dispersion_gap,6,0,0.04094059242470638,0.6571428571428571,0.7909334298534388,0.7499928374287325
T2_select_target,llama1b:qwen1.5b,combined_hidden_direction_score,6,0,0.04094059242470638,0.6571428571428571,0.7909334298534388,0.7499928374287325
T2_select_target,llama1b:qwen1.5b,combined_hidden_js_score,6,1,0.0,0.8857142857142857,0.7909334298534388,0.7909334298534388
T2_select_target,llama1b:qwen1.5b,combined_hidden_source_quality_score,6,0,0.04094059242470638,0.9121593238215745,0.7909334298534388,0.7499928374287325
T2_select_target,llama1b:qwen1.5b,combined_param_direction_score,6,0,0.04094059242470638,0.4857142857142857,0.7909334298534388,0.7499928374287325
T2_select_target,llama1b:qwen1.5b,combined_ratio_direction_score,6,0,0.04094059242470638,0.4857142857142857,0.7909334298534388,0.7499928374287325
T2_select_target,llama1b:qwen1.5b,pair_geometry_compatibility_score,6,0,0.635844831170272,-0.08571428571428572,0.7909334298534388,0.15508859868316677
T2_select_target,llama1b:qwen3b,rel_direction_l1_to_target,6,0,0.1373943131157762,0.6,0.8334511108429997,0.6960567977272235
T2_select_target,llama1b:qwen3b,rel_direction_rmse_to_target,6,0,0.1373943131157762,0.6,0.8334511108429997,0.6960567977272235
T2_select_target,llama1b:qwen3b,rel_magnitude_l1_to_target,6,1,0.0,0.4857142857142857,0.8334511108429997,0.8334511108429997
T2_select_target,llama1b:qwen3b,rel_magnitude_rmse_to_target,6,1,0.0,0.14285714285714285,0.8334511108429997,0.8334511108429997
T2_select_target,llama1b:qwen3b,memory_target_norm_gap,6,0,0.1807598725169144,-0.7714285714285715,0.8334511108429997,0.6526912383260853
T2_select_target,llama1b:qwen3b,anchor_direction_js_to_target,6,1,0.0,0.7714285714285715,0.8334511108429997,0.8334511108429997
T2_select_target,llama1b:qwen3b,target_direction_subspace_residual,6,0,0.1807598725169144,-0.5428571428571428,0.8334511108429997,0.6526912383260853
T2_select_target,llama1b:qwen3b,capacity_normalized_direction_rmse,6,0,0.1373943131157762,0.6,0.8334511108429997,0.6960567977272235
T2_select_target,llama1b:qwen3b,diagnostic_rel_direction_z2_mean,6,0,0.08994756298269846,0.42857142857142855,0.8334511108429997,0.7435035478603013
T2_select_target,llama1b:qwen3b,diagnostic_rel_magnitude_z_abs_mean,6,0,0.1373943131157762,0.3142857142857143,0.8334511108429997,0.6960567977272235
T2_select_target,llama1b:qwen3b,diagnostic_target_direction_std_mean,6,0,0.8296175910076028,-0.9428571428571428,0.8334511108429997,0.0038335198353968885
T2_select_target,llama1b:qwen3b,diagnostic_target_direction_std_min,6,0,0.7178659556889166,-0.42857142857142855,0.8334511108429997,0.11558515515408306
T2_select_target,llama1b:qwen3b,diagnostic_target_magnitude_std_mean,6,0,0.1373943131157762,0.3142857142857143,0.8334511108429997,0.6960567977272235
T2_select_target,llama1b:qwen3b,diagnostic_target_magnitude_std_min,6,0,0.1373943131157762,0.3142857142857143,0.8334511108429997,0.6960567977272235
T2_select_target,llama1b:qwen3b,target_text_nll,6,1,0.0,0.8857142857142857,0.8334511108429997,0.8334511108429997
T2_select_target,llama1b:qwen3b,target_minus_source_nll,6,1,0.0,0.8857142857142857,0.8334511108429997,0.8334511108429997
T2_select_target,llama1b:qwen3b,target_hidden_size,6,0,0.08994756298269846,0.9276336570439175,0.8334511108429997,0.7435035478603013
T2_select_target,llama1b:qwen3b,abs_log_hidden_ratio,6,0,0.8296175910076028,-0.9856107606091623,0.8334511108429997,0.0038335198353968885
T2_select_target,llama1b:qwen3b,prior_same_model_family,6,0,0.7178659556889166,-0.20701966780270628,0.8334511108429997,0.11558515515408306
T2_select_target,llama1b:qwen3b,prior_cross_model_family,6,0,0.8296175910076028,0.20701966780270628,0.8334511108429997,0.0038335198353968885
T2_select_target,llama1b:qwen3b,prior_target_param_b,6,0,0.08994756298269846,0.898645105261295,0.8334511108429997,0.7435035478603013
T2_select_target,llama1b:qwen3b,prior_log_param_ratio_target_over_source,6,0,0.08994756298269846,0.898645105261295,0.8334511108429997,0.7435035478603013
T2_select_target,llama1b:qwen3b,prior_param_tier_jump,6,0,0.08994756298269846,0.33806170189140666,0.8334511108429997,0.7435035478603013
T2_select_target,llama1b:qwen3b,pair_normalized_direction_rmse,6,0,0.1373943131157762,0.6,0.8334511108429997,0.6960567977272235
T2_select_target,llama1b:qwen3b,target_readability_z2_mean,6,0,0.08994756298269846,0.42857142857142855,0.8334511108429997,0.7435035478603013
T2_select_target,llama1b:qwen3b,target_readability_tail_frac,6,0,0.08994756298269846,0.7714285714285715,0.8334511108429997,0.7435035478603013
T2_select_target,llama1b:qwen3b,target_readability_cross_entropy,6,1,0.0,0.8285714285714286,0.8334511108429997,0.8334511108429997
T2_select_target,llama1b:qwen3b,source_to_target_anchor_kl,6,1,0.0,0.7714285714285715,0.8334511108429997,0.8334511108429997
T2_select_target,llama1b:qwen3b,target_readability_energy,6,0,0.7178659556889166,-0.7714285714285715,0.8334511108429997,0.11558515515408306
T2_select_target,llama1b:qwen3b,source_target_top_anchor_overlap,6,0,0.7178659556889166,-0.6571428571428571,0.8334511108429997,0.11558515515408306
T2_select_target,llama1b:qwen3b,source_target_direction_entropy_gap,6,0,0.1373943131157762,0.6571428571428571,0.8334511108429997,0.6960567977272235
T2_select_target,llama1b:qwen3b,source_target_direction_dispersion_gap,6,1,0.0,0.9428571428571428,0.8334511108429997,0.8334511108429997
T2_select_target,llama1b:qwen3b,diagnostic_source_direction_entropy_mean,6,0,0.7178659556889166,0.09258200997725516,0.8334511108429997,0.11558515515408306
T2_select_target,llama1b:qwen3b,diagnostic_target_direction_entropy,6,1,0.0,0.8285714285714286,0.8334511108429997,0.8334511108429997
T2_select_target,llama1b:qwen3b,diagnostic_source_direction_std_mean,6,1,0.0,0.46291004988627577,0.8334511108429997,0.8334511108429997
T2_select_target,llama1b:qwen3b,_z_target_hidden_size,6,0,0.08994756298269846,0.9276336570439175,0.8334511108429997,0.7435035478603013
T2_select_target,llama1b:qwen3b,_z_prior_target_param_b,6,0,0.08994756298269846,0.898645105261295,0.8334511108429997,0.7435035478603013
T2_select_target,llama1b:qwen3b,_z_log_param_ratio,6,0,0.08994756298269846,0.898645105261295,0.8334511108429997,0.7435035478603013
T2_select_target,llama1b:qwen3b,_z_neg_direction_rmse,6,0,0.1373943131157762,0.6,0.8334511108429997,0.6960567977272235
T2_select_target,llama1b:qwen3b,_z_neg_anchor_js,6,1,0.0,0.7714285714285715,0.8334511108429997,0.8334511108429997
T2_select_target,llama1b:qwen3b,_z_neg_magnitude_rmse,6,1,0.0,0.14285714285714285,0.8334511108429997,0.8334511108429997
T2_select_target,llama1b:qwen3b,_z_neg_subspace_residual,6,0,0.1807598725169144,-0.5428571428571428,0.8334511108429997,0.6526912383260853
T2_select_target,llama1b:qwen3b,_z_neg_pair_norm_direction_rmse,6,0,0.1373943131157762,0.6,0.8334511108429997,0.6960567977272235
T2_select_target,llama1b:qwen3b,_z_neg_target_readability_z2,6,0,0.08994756298269846,0.42857142857142855,0.8334511108429997,0.7435035478603013
T2_select_target,llama1b:qwen3b,_z_neg_target_readability_tail,6,0,0.08994756298269846,0.7714285714285715,0.8334511108429997,0.7435035478603013
T2_select_target,llama1b:qwen3b,_z_neg_target_readability_ce,6,1,0.0,0.8285714285714286,0.8334511108429997,0.8334511108429997
T2_select_target,llama1b:qwen3b,_z_neg_source_to_target_kl,6,1,0.0,0.7714285714285715,0.8334511108429997,0.8334511108429997
T2_select_target,llama1b:qwen3b,_z_target_readability_energy,6,0,0.7178659556889166,-0.7714285714285715,0.8334511108429997,0.11558515515408306
T2_select_target,llama1b:qwen3b,_z_top_anchor_overlap,6,0,0.7178659556889166,-0.6571428571428571,0.8334511108429997,0.11558515515408306
T2_select_target,llama1b:qwen3b,_z_neg_direction_entropy_gap,6,0,0.1373943131157762,0.6571428571428571,0.8334511108429997,0.6960567977272235
T2_select_target,llama1b:qwen3b,_z_neg_direction_dispersion_gap,6,1,0.0,0.9428571428571428,0.8334511108429997,0.8334511108429997
T2_select_target,llama1b:qwen3b,combined_hidden_direction_score,6,0,0.08994756298269846,0.8857142857142857,0.8334511108429997,0.7435035478603013
T2_select_target,llama1b:qwen3b,combined_hidden_js_score,6,1,0.0,0.9428571428571428,0.8334511108429997,0.8334511108429997
T2_select_target,llama1b:qwen3b,combined_hidden_source_quality_score,6,0,0.08994756298269846,0.9276336570439175,0.8334511108429997,0.7435035478603013
T2_select_target,llama1b:qwen3b,combined_param_direction_score,6,0,0.08994756298269846,0.7714285714285715,0.8334511108429997,0.7435035478603013
T2_select_target,llama1b:qwen3b,combined_ratio_direction_score,6,0,0.1373943131157762,0.7142857142857143,0.8334511108429997,0.6960567977272235
T2_select_target,llama1b:qwen3b,pair_geometry_compatibility_score,6,1,0.0,0.8285714285714286,0.8334511108429997,0.8334511108429997
T2_select_target,llama1b:qwen7b,rel_direction_l1_to_target,6,0,0.09120739984839532,0.37142857142857144,0.9850724188053339,0.8938650189569386
T2_select_target,llama1b:qwen7b,rel_direction_rmse_to_target,6,0,0.09120739984839532,0.37142857142857144,0.9850724188053339,0.8938650189569386
T2_select_target,llama1b:qwen7b,rel_magnitude_l1_to_target,6,1,0.0,0.8285714285714286,0.9850724188053339,0.9850724188053339
T2_select_target,llama1b:qwen7b,rel_magnitude_rmse_to_target,6,0,0.3981047017109157,0.37142857142857144,0.9850724188053339,0.5869677170944182
T2_select_target,llama1b:qwen7b,memory_target_norm_gap,6,0,0.18543837969029386,-0.6571428571428571,0.9850724188053339,0.79963403911504
T2_select_target,llama1b:qwen7b,anchor_direction_js_to_target,6,0,0.09120739984839532,0.5428571428571428,0.9850724188053339,0.8938650189569386
T2_select_target,llama1b:qwen7b,target_direction_subspace_residual,6,0,0.18543837969029386,-0.42857142857142855,0.9850724188053339,0.79963403911504
T2_select_target,llama1b:qwen7b,capacity_normalized_direction_rmse,6,0,0.09120739984839532,0.37142857142857144,0.9850724188053339,0.8938650189569386
T2_select_target,llama1b:qwen7b,diagnostic_rel_direction_z2_mean,6,0,0.09120739984839532,0.37142857142857144,0.9850724188053339,0.8938650189569386
T2_select_target,llama1b:qwen7b,diagnostic_rel_magnitude_z_abs_mean,6,0,0.9800834750483928,-0.4857142857142857,0.9850724188053339,0.004988943756941139
T2_select_target,llama1b:qwen7b,diagnostic_target_direction_std_mean,6,0,0.3981047017109157,-0.5428571428571428,0.9850724188053339,0.5869677170944182
T2_select_target,llama1b:qwen7b,diagnostic_target_direction_std_min,6,0,0.8991518779668567,-0.7142857142857143,0.9850724188053339,0.08592054083847726
T2_select_target,llama1b:qwen7b,diagnostic_target_magnitude_std_mean,6,0,0.9800834750483928,-0.4857142857142857,0.9850724188053339,0.004988943756941139
T2_select_target,llama1b:qwen7b,diagnostic_target_magnitude_std_min,6,0,0.9800834750483928,-0.4857142857142857,0.9850724188053339,0.004988943756941139
T2_select_target,llama1b:qwen7b,target_text_nll,6,1,0.0,0.2571428571428571,0.9850724188053339,0.9850724188053339
T2_select_target,llama1b:qwen7b,target_minus_source_nll,6,1,0.0,0.2571428571428571,0.9850724188053339,0.9850724188053339
T2_select_target,llama1b:qwen7b,target_hidden_size,6,0,0.09120739984839532,0.8827348295047495,0.9850724188053339,0.8938650189569386
T2_select_target,llama1b:qwen7b,abs_log_hidden_ratio,6,0,0.09120739984839532,0.8827348295047495,0.9850724188053339,0.8938650189569386
T2_select_target,llama1b:qwen7b,prior_same_model_family,6,0,0.8991518779668567,-0.8280786712108251,0.9850724188053339,0.08592054083847726
T2_select_target,llama1b:qwen7b,prior_cross_model_family,6,0,0.3981047017109157,0.8280786712108251,0.9850724188053339,0.5869677170944182
T2_select_target,llama1b:qwen7b,prior_target_param_b,6,0,0.09120739984839532,0.6377481392176932,0.9850724188053339,0.8938650189569386
T2_select_target,llama1b:qwen7b,prior_log_param_ratio_target_over_source,6,0,0.09120739984839532,0.6377481392176932,0.9850724188053339,0.8938650189569386
T2_select_target,llama1b:qwen7b,prior_param_tier_jump,6,0,0.3981047017109157,-0.8280786712108251,0.9850724188053339,0.5869677170944182
T2_select_target,llama1b:qwen7b,pair_normalized_direction_rmse,6,0,0.09120739984839532,0.37142857142857144,0.9850724188053339,0.8938650189569386
T2_select_target,llama1b:qwen7b,target_readability_z2_mean,6,0,0.09120739984839532,0.37142857142857144,0.9850724188053339,0.8938650189569386
T2_select_target,llama1b:qwen7b,target_readability_tail_frac,6,0,0.09120739984839532,0.37142857142857144,0.9850724188053339,0.8938650189569386
T2_select_target,llama1b:qwen7b,target_readability_cross_entropy,6,0,0.09120739984839532,0.5428571428571428,0.9850724188053339,0.8938650189569386
T2_select_target,llama1b:qwen7b,source_to_target_anchor_kl,6,0,0.09120739984839532,0.5428571428571428,0.9850724188053339,0.8938650189569386
T2_select_target,llama1b:qwen7b,target_readability_energy,6,0,0.09120739984839532,0.7714285714285715,0.9850724188053339,0.8938650189569386
T2_select_target,llama1b:qwen7b,source_target_top_anchor_overlap,6,1,0.0,1.0,0.9850724188053339,0.9850724188053339
T2_select_target,llama1b:qwen7b,source_target_direction_entropy_gap,6,1,0.0,0.6,0.9850724188053339,0.9850724188053339
T2_select_target,llama1b:qwen7b,source_target_direction_dispersion_gap,6,0,0.09120739984839532,0.5428571428571428,0.9850724188053339,0.8938650189569386
T2_select_target,llama1b:qwen7b,diagnostic_source_direction_entropy_mean,6,1,0.0,0.9258200997725515,0.9850724188053339,0.9850724188053339
T2_select_target,llama1b:qwen7b,diagnostic_target_direction_entropy,6,1,0.0,0.6,0.9850724188053339,0.9850724188053339
T2_select_target,llama1b:qwen7b,diagnostic_source_direction_std_mean,6,0,0.8991518779668567,-0.9258200997725515,0.9850724188053339,0.08592054083847726
T2_select_target,llama1b:qwen7b,_z_target_hidden_size,6,0,0.09120739984839532,0.8827348295047495,0.9850724188053339,0.8938650189569386
T2_select_target,llama1b:qwen7b,_z_prior_target_param_b,6,0,0.09120739984839532,0.6377481392176932,0.9850724188053339,0.8938650189569386
T2_select_target,llama1b:qwen7b,_z_log_param_ratio,6,0,0.09120739984839532,0.6377481392176932,0.9850724188053339,0.8938650189569386
T2_select_target,llama1b:qwen7b,_z_neg_direction_rmse,6,0,0.09120739984839532,0.37142857142857144,0.9850724188053339,0.8938650189569386
T2_select_target,llama1b:qwen7b,_z_neg_anchor_js,6,0,0.09120739984839532,0.5428571428571428,0.9850724188053339,0.8938650189569386
T2_select_target,llama1b:qwen7b,_z_neg_magnitude_rmse,6,0,0.3981047017109157,0.37142857142857144,0.9850724188053339,0.5869677170944182
T2_select_target,llama1b:qwen7b,_z_neg_subspace_residual,6,0,0.18543837969029386,-0.42857142857142855,0.9850724188053339,0.79963403911504
T2_select_target,llama1b:qwen7b,_z_neg_pair_norm_direction_rmse,6,0,0.09120739984839532,0.37142857142857144,0.9850724188053339,0.8938650189569386
T2_select_target,llama1b:qwen7b,_z_neg_target_readability_z2,6,0,0.09120739984839532,0.37142857142857144,0.9850724188053339,0.8938650189569386
T2_select_target,llama1b:qwen7b,_z_neg_target_readability_tail,6,0,0.09120739984839532,0.37142857142857144,0.9850724188053339,0.8938650189569386
T2_select_target,llama1b:qwen7b,_z_neg_target_readability_ce,6,0,0.09120739984839532,0.5428571428571428,0.9850724188053339,0.8938650189569386
T2_select_target,llama1b:qwen7b,_z_neg_source_to_target_kl,6,0,0.09120739984839532,0.5428571428571428,0.9850724188053339,0.8938650189569386
T2_select_target,llama1b:qwen7b,_z_target_readability_energy,6,0,0.09120739984839532,0.7714285714285715,0.9850724188053339,0.8938650189569386
T2_select_target,llama1b:qwen7b,_z_top_anchor_overlap,6,1,0.0,1.0,0.9850724188053339,0.9850724188053339
T2_select_target,llama1b:qwen7b,_z_neg_direction_entropy_gap,6,1,0.0,0.6,0.9850724188053339,0.9850724188053339
T2_select_target,llama1b:qwen7b,_z_neg_direction_dispersion_gap,6,0,0.09120739984839532,0.5428571428571428,0.9850724188053339,0.8938650189569386
T2_select_target,llama1b:qwen7b,combined_hidden_direction_score,6,0,0.09120739984839532,0.6,0.9850724188053339,0.8938650189569386
T2_select_target,llama1b:qwen7b,combined_hidden_js_score,6,0,0.09120739984839532,0.7714285714285715,0.9850724188053339,0.8938650189569386
T2_select_target,llama1b:qwen7b,combined_hidden_source_quality_score,6,0,0.09120739984839532,0.8827348295047495,0.9850724188053339,0.8938650189569386
T2_select_target,llama1b:qwen7b,combined_param_direction_score,6,0,0.09120739984839532,0.42857142857142855,0.9850724188053339,0.8938650189569386
T2_select_target,llama1b:qwen7b,combined_ratio_direction_score,6,0,0.09120739984839532,0.42857142857142855,0.9850724188053339,0.8938650189569386
T2_select_target,llama1b:qwen7b,pair_geometry_compatibility_score,6,0,0.09120739984839532,0.37142857142857144,0.9850724188053339,0.8938650189569386
