task,group,metric,n,top1_hit,regret_at_1,spearman,best_retention,prior_pick_retention
T1_select_source,llama1b,rel_direction_l1_to_target,12,0,0.37800278794979325,0.06993006993006994,0.6034360639008522,0.225433275951059
T1_select_source,llama1b,rel_direction_rmse_to_target,12,0,0.37800278794979325,0.11888111888111888,0.6034360639008522,0.225433275951059
T1_select_source,llama1b,rel_magnitude_l1_to_target,12,0,0.020986978808253842,0.17482517482517482,0.6034360639008522,0.5824490850925984
T1_select_source,llama1b,rel_magnitude_rmse_to_target,12,0,0.020986978808253842,0.17482517482517482,0.6034360639008522,0.5824490850925984
T1_select_source,llama1b,memory_target_norm_gap,12,0,0.14426701667343633,0.16783216783216784,0.6034360639008522,0.4591690472274159
T1_select_source,llama1b,anchor_direction_js_to_target,12,0,0.37800278794979325,0.06293706293706294,0.6034360639008522,0.225433275951059
T1_select_source,llama1b,target_direction_subspace_residual,12,0,0.09072202323606315,0.006993006993006993,0.6034360639008522,0.5127140406647891
T1_select_source,llama1b,capacity_normalized_direction_rmse,12,0,0.37800278794979325,0.11888111888111888,0.6034360639008522,0.225433275951059
T1_select_source,llama1b,diagnostic_rel_direction_z2_mean,12,0,0.37800278794979325,0.16783216783216784,0.6034360639008522,0.225433275951059
T1_select_source,llama1b,diagnostic_rel_magnitude_z_abs_mean,12,0,0.020986978808253842,0.22377622377622378,0.6034360639008522,0.5824490850925984
T1_select_source,llama1b,diagnostic_target_direction_std_mean,12,0,0.09072202323606315,0.07509674938740042,0.6034360639008522,0.5127140406647891
T1_select_source,llama1b,diagnostic_target_direction_std_min,12,0,0.020986978808253842,0.13517414889732077,0.6034360639008522,0.5824490850925984
T1_select_source,llama1b,diagnostic_target_magnitude_std_mean,12,0,0.14426701667343633,-0.015019349877480085,0.6034360639008522,0.4591690472274159
T1_select_source,llama1b,diagnostic_target_magnitude_std_min,12,0,0.14426701667343633,-0.015019349877480085,0.6034360639008522,0.4591690472274159
T1_select_source,llama1b,source_native_nll,12,0,0.37800278794979325,-0.48951048951048953,0.6034360639008522,0.225433275951059
T1_select_source,llama1b,target_minus_source_nll,12,0,0.0194059060285533,0.48951048951048953,0.6034360639008522,0.584030157872299
T1_select_source,llama1b,source_hidden_size,12,0,0.09072202323606315,-0.01434143215529438,0.6034360639008522,0.5127140406647891
T1_select_source,llama1b,abs_log_hidden_ratio,12,0,0.5800220880231218,-0.20078005017412132,0.6034360639008522,0.02341397587773037
T1_select_source,llama1b,prior_same_model_family,12,0,0.020986978808253842,0.10241831129983783,0.6034360639008522,0.5824490850925984
T1_select_source,llama1b,prior_cross_model_family,12,0,0.14426701667343633,-0.10241831129983783,0.6034360639008522,0.4591690472274159
T1_select_source,llama1b,prior_source_param_b,12,0,0.09072202323606315,-0.07278552445685778,0.6034360639008522,0.5127140406647891
T1_select_source,llama1b,prior_log_param_ratio_target_over_source,12,0,0.0194059060285533,0.07278552445685778,0.6034360639008522,0.584030157872299
T1_select_source,llama1b,pair_normalized_direction_rmse,12,0,0.37800278794979325,0.0979020979020979,0.6034360639008522,0.225433275951059
T1_select_source,llama1b,target_readability_z2_mean,12,0,0.37800278794979325,0.16783216783216784,0.6034360639008522,0.225433275951059
T1_select_source,llama1b,target_readability_tail_frac,12,0,0.37800278794979325,0.24475524475524477,0.6034360639008522,0.225433275951059
T1_select_source,llama1b,target_readability_cross_entropy,12,0,0.37800278794979325,-0.06993006993006994,0.6034360639008522,0.225433275951059
T1_select_source,llama1b,source_to_target_anchor_kl,12,0,0.37800278794979325,0.06293706293706294,0.6034360639008522,0.225433275951059
T1_select_source,llama1b,target_readability_energy,12,0,0.0194059060285533,0.14685314685314685,0.6034360639008522,0.584030157872299
T1_select_source,llama1b,source_target_top_anchor_overlap,12,0,0.3078477364698378,0.45454545454545453,0.6034360639008522,0.29558832743101443
T1_select_source,llama1b,source_target_direction_entropy_gap,12,0,0.37800278794979325,-0.06993006993006994,0.6034360639008522,0.225433275951059
T1_select_source,llama1b,source_target_direction_dispersion_gap,12,0,0.14426701667343633,0.03496503496503497,0.6034360639008522,0.4591690472274159
T1_select_source,llama1b,diagnostic_source_direction_entropy_mean,12,0,0.14426701667343633,0.0,0.6034360639008522,0.4591690472274159
T1_select_source,llama1b,diagnostic_target_direction_entropy,12,0,0.14426701667343633,-0.07509674938740042,0.6034360639008522,0.4591690472274159
T1_select_source,llama1b,diagnostic_source_direction_std_mean,12,0,0.3078477364698378,0.04895104895104895,0.6034360639008522,0.29558832743101443
T1_select_source,llama1b,_z_log_param_ratio,12,0,0.0194059060285533,0.07278552445685778,0.6034360639008522,0.584030157872299
T1_select_source,llama1b,_z_neg_direction_rmse,12,0,0.37800278794979325,0.11888111888111888,0.6034360639008522,0.225433275951059
T1_select_source,llama1b,_z_neg_anchor_js,12,0,0.37800278794979325,0.06293706293706294,0.6034360639008522,0.225433275951059
T1_select_source,llama1b,_z_neg_magnitude_rmse,12,0,0.020986978808253842,0.17482517482517482,0.6034360639008522,0.5824490850925984
T1_select_source,llama1b,_z_neg_subspace_residual,12,0,0.09072202323606315,0.006993006993006993,0.6034360639008522,0.5127140406647891
T1_select_source,llama1b,_z_neg_pair_norm_direction_rmse,12,0,0.37800278794979325,0.0979020979020979,0.6034360639008522,0.225433275951059
T1_select_source,llama1b,_z_neg_target_readability_z2,12,0,0.37800278794979325,0.16783216783216784,0.6034360639008522,0.225433275951059
T1_select_source,llama1b,_z_neg_target_readability_tail,12,0,0.37800278794979325,0.24475524475524477,0.6034360639008522,0.225433275951059
T1_select_source,llama1b,_z_neg_target_readability_ce,12,0,0.37800278794979325,-0.06993006993006994,0.6034360639008522,0.225433275951059
T1_select_source,llama1b,_z_neg_source_to_target_kl,12,0,0.37800278794979325,0.06293706293706294,0.6034360639008522,0.225433275951059
T1_select_source,llama1b,_z_target_readability_energy,12,0,0.0194059060285533,0.14685314685314685,0.6034360639008522,0.584030157872299
T1_select_source,llama1b,_z_top_anchor_overlap,12,0,0.3078477364698378,0.45454545454545453,0.6034360639008522,0.29558832743101443
T1_select_source,llama1b,_z_neg_direction_entropy_gap,12,0,0.37800278794979325,-0.06993006993006994,0.6034360639008522,0.225433275951059
T1_select_source,llama1b,_z_neg_direction_dispersion_gap,12,0,0.14426701667343633,0.03496503496503497,0.6034360639008522,0.4591690472274159
T1_select_source,llama1b,_z_neg_source_native_nll,12,0,0.37800278794979325,-0.48951048951048953,0.6034360639008522,0.225433275951059
T1_select_source,llama1b,combined_hidden_direction_score,12,0,0.37800278794979325,0.11888111888111888,0.6034360639008522,0.225433275951059
T1_select_source,llama1b,combined_hidden_js_score,12,0,0.37800278794979325,0.06293706293706294,0.6034360639008522,0.225433275951059
T1_select_source,llama1b,combined_hidden_source_quality_score,12,0,0.37800278794979325,-0.48951048951048953,0.6034360639008522,0.225433275951059
T1_select_source,llama1b,combined_param_direction_score,12,0,0.37800278794979325,0.11888111888111888,0.6034360639008522,0.225433275951059
T1_select_source,llama1b,combined_ratio_direction_score,12,0,0.0194059060285533,0.0,0.6034360639008522,0.584030157872299
T1_select_source,llama1b,pair_geometry_compatibility_score,12,0,0.0194059060285533,0.3986013986013986,0.6034360639008522,0.584030157872299
T1_select_source,llama3b,rel_direction_l1_to_target,12,0,0.25961787824720306,-0.2097902097902098,0.6898700217633312,0.43025214351612817
T1_select_source,llama3b,rel_direction_rmse_to_target,12,0,0.25961787824720306,-0.2097902097902098,0.6898700217633312,0.43025214351612817
T1_select_source,llama3b,rel_magnitude_l1_to_target,12,1,0.0,0.4125874125874126,0.6898700217633312,0.6898700217633312
T1_select_source,llama3b,rel_magnitude_rmse_to_target,12,1,0.0,0.4125874125874126,0.6898700217633312,0.6898700217633312
T1_select_source,llama3b,memory_target_norm_gap,12,0,0.09709253928933193,0.4195804195804196,0.6898700217633312,0.5927774824739993
T1_select_source,llama3b,anchor_direction_js_to_target,12,0,0.25961787824720306,-0.04195804195804196,0.6898700217633312,0.43025214351612817
T1_select_source,llama3b,target_direction_subspace_residual,12,0,0.06027038682566255,-0.006993006993006993,0.6898700217633312,0.6295996349376687
T1_select_source,llama3b,capacity_normalized_direction_rmse,12,0,0.25961787824720306,-0.2097902097902098,0.6898700217633312,0.43025214351612817
T1_select_source,llama3b,diagnostic_rel_direction_z2_mean,12,0,0.25961787824720306,-0.15384615384615385,0.6898700217633312,0.43025214351612817
T1_select_source,llama3b,diagnostic_rel_magnitude_z_abs_mean,12,1,0.0,0.4405594405594406,0.6898700217633312,0.6898700217633312
T1_select_source,llama3b,diagnostic_target_direction_std_mean,12,0,0.06027038682566255,0.16521284865228092,0.6898700217633312,0.6295996349376687
T1_select_source,llama3b,diagnostic_target_direction_std_min,12,0,0.06027038682566255,0.18023219852976102,0.6898700217633312,0.6295996349376687
T1_select_source,llama3b,diagnostic_target_magnitude_std_mean,12,0,0.09709253928933193,0.07509674938740042,0.6898700217633312,0.5927774824739993
T1_select_source,llama3b,diagnostic_target_magnitude_std_min,12,0,0.09709253928933193,0.07509674938740042,0.6898700217633312,0.5927774824739993
T1_select_source,llama3b,source_native_nll,12,0,0.25961787824720306,-0.6153846153846154,0.6898700217633312,0.43025214351612817
T1_select_source,llama3b,target_minus_source_nll,12,0,0.08729151831830628,0.6153846153846154,0.6898700217633312,0.602578503445025
T1_select_source,llama3b,source_hidden_size,12,0,0.06027038682566255,-0.08734262934822934,0.6898700217633312,0.6295996349376687
T1_select_source,llama3b,abs_log_hidden_ratio,12,0,0.06126076883731657,-0.08734262934822934,0.6898700217633312,0.6286092529260147
T1_select_source,llama3b,prior_same_model_family,12,1,0.0,0.25604577824959457,0.6898700217633312,0.6898700217633312
T1_select_source,llama3b,prior_cross_model_family,12,0,0.09709253928933193,-0.25604577824959457,0.6898700217633312,0.5927774824739993
T1_select_source,llama3b,prior_source_param_b,12,0,0.06027038682566255,-0.24380434664000444,0.6898700217633312,0.6295996349376687
T1_select_source,llama3b,prior_log_param_ratio_target_over_source,12,1,0.0,0.24380434664000444,0.6898700217633312,0.6898700217633312
T1_select_source,llama3b,prior_param_tier_jump,12,1,0.0,0.3344968040028363,0.6898700217633312,0.6898700217633312
T1_select_source,llama3b,pair_normalized_direction_rmse,12,0,0.25961787824720306,0.15384615384615385,0.6898700217633312,0.43025214351612817
T1_select_source,llama3b,target_readability_z2_mean,12,0,0.25961787824720306,-0.15384615384615385,0.6898700217633312,0.43025214351612817
T1_select_source,llama3b,target_readability_tail_frac,12,0,0.25961787824720306,-0.15384615384615385,0.6898700217633312,0.43025214351612817
T1_select_source,llama3b,target_readability_cross_entropy,12,0,0.25961787824720306,-0.13986013986013987,0.6898700217633312,0.43025214351612817
T1_select_source,llama3b,source_to_target_anchor_kl,12,0,0.25961787824720306,-0.04195804195804196,0.6898700217633312,0.43025214351612817
T1_select_source,llama3b,target_readability_energy,12,0,0.08729151831830628,0.1888111888111888,0.6898700217633312,0.602578503445025
T1_select_source,llama3b,source_target_top_anchor_overlap,12,0,0.27522837477553913,-0.006993006993006993,0.6898700217633312,0.4146416469877921
T1_select_source,llama3b,source_target_direction_entropy_gap,12,0,0.25961787824720306,-0.16783216783216784,0.6898700217633312,0.43025214351612817
T1_select_source,llama3b,source_target_direction_dispersion_gap,12,1,0.0,0.23076923076923078,0.6898700217633312,0.6898700217633312
T1_select_source,llama3b,diagnostic_source_direction_entropy_mean,12,0,0.09709253928933193,-0.013986013986013986,0.6898700217633312,0.5927774824739993
T1_select_source,llama3b,diagnostic_target_direction_entropy,12,0,0.09709253928933193,-0.16521284865228092,0.6898700217633312,0.5927774824739993
T1_select_source,llama3b,diagnostic_source_direction_std_mean,12,1,0.0,0.16083916083916083,0.6898700217633312,0.6898700217633312
T1_select_source,llama3b,_z_log_param_ratio,12,1,0.0,0.24380434664000444,0.6898700217633312,0.6898700217633312
T1_select_source,llama3b,_z_neg_direction_rmse,12,0,0.25961787824720306,-0.2097902097902098,0.6898700217633312,0.43025214351612817
T1_select_source,llama3b,_z_neg_anchor_js,12,0,0.25961787824720306,-0.04195804195804196,0.6898700217633312,0.43025214351612817
T1_select_source,llama3b,_z_neg_magnitude_rmse,12,1,0.0,0.4125874125874126,0.6898700217633312,0.6898700217633312
T1_select_source,llama3b,_z_neg_subspace_residual,12,0,0.06027038682566255,-0.006993006993006993,0.6898700217633312,0.6295996349376687
T1_select_source,llama3b,_z_neg_pair_norm_direction_rmse,12,0,0.25961787824720306,0.15384615384615385,0.6898700217633312,0.43025214351612817
T1_select_source,llama3b,_z_neg_target_readability_z2,12,0,0.25961787824720306,-0.15384615384615385,0.6898700217633312,0.43025214351612817
T1_select_source,llama3b,_z_neg_target_readability_tail,12,0,0.25961787824720306,-0.15384615384615385,0.6898700217633312,0.43025214351612817
T1_select_source,llama3b,_z_neg_target_readability_ce,12,0,0.25961787824720306,-0.13986013986013987,0.6898700217633312,0.43025214351612817
T1_select_source,llama3b,_z_neg_source_to_target_kl,12,0,0.25961787824720306,-0.04195804195804196,0.6898700217633312,0.43025214351612817
T1_select_source,llama3b,_z_target_readability_energy,12,0,0.08729151831830628,0.1888111888111888,0.6898700217633312,0.602578503445025
T1_select_source,llama3b,_z_top_anchor_overlap,12,0,0.27522837477553913,-0.006993006993006993,0.6898700217633312,0.4146416469877921
T1_select_source,llama3b,_z_neg_direction_entropy_gap,12,0,0.25961787824720306,-0.16783216783216784,0.6898700217633312,0.43025214351612817
T1_select_source,llama3b,_z_neg_direction_dispersion_gap,12,1,0.0,0.23076923076923078,0.6898700217633312,0.6898700217633312
T1_select_source,llama3b,_z_neg_source_native_nll,12,0,0.25961787824720306,-0.6153846153846154,0.6898700217633312,0.43025214351612817
T1_select_source,llama3b,combined_hidden_direction_score,12,0,0.25961787824720306,-0.2097902097902098,0.6898700217633312,0.43025214351612817
T1_select_source,llama3b,combined_hidden_js_score,12,0,0.25961787824720306,-0.04195804195804196,0.6898700217633312,0.43025214351612817
T1_select_source,llama3b,combined_hidden_source_quality_score,12,0,0.25961787824720306,-0.6153846153846154,0.6898700217633312,0.43025214351612817
T1_select_source,llama3b,combined_param_direction_score,12,0,0.25961787824720306,-0.2097902097902098,0.6898700217633312,0.43025214351612817
T1_select_source,llama3b,combined_ratio_direction_score,12,0,0.08729151831830628,0.24475524475524477,0.6898700217633312,0.602578503445025
T1_select_source,llama3b,pair_geometry_compatibility_score,12,0,0.09709253928933193,0.04195804195804196,0.6898700217633312,0.5927774824739993
T1_select_source,llama8b,rel_direction_l1_to_target,11,1,0.0,0.5636363636363636,1.0722146120820424,1.0722146120820424
T1_select_source,llama8b,rel_direction_rmse_to_target,11,1,0.0,0.509090909090909,1.0722146120820424,1.0722146120820424
T1_select_source,llama8b,rel_magnitude_l1_to_target,11,0,0.06663234442370825,0.34545454545454546,1.0722146120820424,1.0055822676583341
T1_select_source,llama8b,rel_magnitude_rmse_to_target,11,0,0.06663234442370825,0.34545454545454546,1.0722146120820424,1.0055822676583341
T1_select_source,llama8b,memory_target_norm_gap,11,0,0.6768419654541618,-0.2,1.0722146120820424,0.39537264662788063
T1_select_source,llama8b,anchor_direction_js_to_target,11,0,0.6768419654541618,-0.3181818181818182,1.0722146120820424,0.39537264662788063
T1_select_source,llama8b,target_direction_subspace_residual,11,0,0.5677971555441148,-0.5,1.0722146120820424,0.5044174565379276
T1_select_source,llama8b,capacity_normalized_direction_rmse,11,1,0.0,0.509090909090909,1.0722146120820424,1.0722146120820424
T1_select_source,llama8b,diagnostic_rel_direction_z2_mean,11,0,0.40339611574710077,0.08181818181818182,1.0722146120820424,0.6688184963349416
T1_select_source,llama8b,diagnostic_rel_magnitude_z_abs_mean,11,0,0.6768419654541618,-0.20909090909090908,1.0722146120820424,0.39537264662788063
T1_select_source,llama8b,diagnostic_target_direction_std_mean,11,0,0.6768419654541618,-0.7688539286732973,1.0722146120820424,0.39537264662788063
T1_select_source,llama8b,diagnostic_target_direction_std_min,11,0,0.40339611574710077,0.22613350843332272,1.0722146120820424,0.6688184963349416
T1_select_source,llama8b,diagnostic_target_magnitude_std_mean,11,0,0.6768419654541618,-0.22613350843332272,1.0722146120820424,0.39537264662788063
T1_select_source,llama8b,diagnostic_target_magnitude_std_min,11,0,0.6768419654541618,-0.22613350843332272,1.0722146120820424,0.39537264662788063
T1_select_source,llama8b,source_native_nll,11,0,0.5677971555441148,0.42727272727272725,1.0722146120820424,0.5044174565379276
T1_select_source,llama8b,target_minus_source_nll,11,0,0.40339611574710077,-0.42727272727272725,1.0722146120820424,0.6688184963349416
T1_select_source,llama8b,source_hidden_size,11,0,0.6768419654541618,-0.42599897728156577,1.0722146120820424,0.39537264662788063
T1_select_source,llama8b,abs_log_hidden_ratio,11,0,0.6768419654541618,-0.42599897728156577,1.0722146120820424,0.39537264662788063
T1_select_source,llama8b,prior_same_model_family,11,0,0.3062265993876778,0.5809475019311126,1.0722146120820424,0.7659880126943646
T1_select_source,llama8b,prior_cross_model_family,11,0,0.6768419654541618,-0.5809475019311126,1.0722146120820424,0.39537264662788063
T1_select_source,llama8b,prior_source_param_b,11,0,0.6768419654541618,-0.5161618197929492,1.0722146120820424,0.39537264662788063
T1_select_source,llama8b,prior_log_param_ratio_target_over_source,11,0,0.06663234442370825,0.5161618197929492,1.0722146120820424,1.0055822676583341
T1_select_source,llama8b,prior_param_tier_jump,11,0,0.3062265993876778,0.5378528742004771,1.0722146120820424,0.7659880126943646
T1_select_source,llama8b,pair_normalized_direction_rmse,11,1,0.0,0.5,1.0722146120820424,1.0722146120820424
T1_select_source,llama8b,target_readability_z2_mean,11,0,0.40339611574710077,0.08181818181818182,1.0722146120820424,0.6688184963349416
T1_select_source,llama8b,target_readability_tail_frac,11,0,0.35407364578177936,0.15489789617658978,1.0722146120820424,0.718140966300263
T1_select_source,llama8b,target_readability_cross_entropy,11,0,0.3062265993876778,0.6090909090909091,1.0722146120820424,0.7659880126943646
T1_select_source,llama8b,source_to_target_anchor_kl,11,0,0.6768419654541618,-0.3181818181818182,1.0722146120820424,0.39537264662788063
T1_select_source,llama8b,target_readability_energy,11,0,0.6768419654541618,-0.045454545454545456,1.0722146120820424,0.39537264662788063
T1_select_source,llama8b,source_target_top_anchor_overlap,11,0,0.06663234442370825,0.2,1.0722146120820424,1.0055822676583341
T1_select_source,llama8b,source_target_direction_entropy_gap,11,0,0.6768419654541618,-0.41818181818181815,1.0722146120820424,0.39537264662788063
T1_select_source,llama8b,source_target_direction_dispersion_gap,11,0,0.06663234442370825,0.18181818181818182,1.0722146120820424,1.0055822676583341
T1_select_source,llama8b,diagnostic_source_direction_entropy_mean,11,0,0.6768419654541618,-0.38181818181818183,1.0722146120820424,0.39537264662788063
T1_select_source,llama8b,diagnostic_target_direction_entropy,11,0,0.3062265993876778,0.7688539286732973,1.0722146120820424,0.7659880126943646
T1_select_source,llama8b,diagnostic_source_direction_std_mean,11,0,0.06663234442370825,0.13636363636363635,1.0722146120820424,1.0055822676583341
T1_select_source,llama8b,_z_log_param_ratio,11,0,0.06663234442370825,0.5161618197929492,1.0722146120820424,1.0055822676583341
T1_select_source,llama8b,_z_neg_direction_rmse,11,1,0.0,0.509090909090909,1.0722146120820424,1.0722146120820424
T1_select_source,llama8b,_z_neg_anchor_js,11,0,0.6768419654541618,-0.3181818181818182,1.0722146120820424,0.39537264662788063
T1_select_source,llama8b,_z_neg_magnitude_rmse,11,0,0.06663234442370825,0.34545454545454546,1.0722146120820424,1.0055822676583341
T1_select_source,llama8b,_z_neg_subspace_residual,11,0,0.5677971555441148,-0.5,1.0722146120820424,0.5044174565379276
T1_select_source,llama8b,_z_neg_pair_norm_direction_rmse,11,1,0.0,0.5,1.0722146120820424,1.0722146120820424
T1_select_source,llama8b,_z_neg_target_readability_z2,11,0,0.40339611574710077,0.08181818181818182,1.0722146120820424,0.6688184963349416
T1_select_source,llama8b,_z_neg_target_readability_tail,11,0,0.35407364578177936,0.15489789617658978,1.0722146120820424,0.718140966300263
T1_select_source,llama8b,_z_neg_target_readability_ce,11,0,0.3062265993876778,0.6090909090909091,1.0722146120820424,0.7659880126943646
T1_select_source,llama8b,_z_neg_source_to_target_kl,11,0,0.6768419654541618,-0.3181818181818182,1.0722146120820424,0.39537264662788063
T1_select_source,llama8b,_z_target_readability_energy,11,0,0.6768419654541618,-0.045454545454545456,1.0722146120820424,0.39537264662788063
T1_select_source,llama8b,_z_top_anchor_overlap,11,0,0.06663234442370825,0.2,1.0722146120820424,1.0055822676583341
T1_select_source,llama8b,_z_neg_direction_entropy_gap,11,0,0.6768419654541618,-0.41818181818181815,1.0722146120820424,0.39537264662788063
T1_select_source,llama8b,_z_neg_direction_dispersion_gap,11,0,0.06663234442370825,0.18181818181818182,1.0722146120820424,1.0055822676583341
T1_select_source,llama8b,_z_neg_source_native_nll,11,0,0.5677971555441148,0.42727272727272725,1.0722146120820424,0.5044174565379276
T1_select_source,llama8b,combined_hidden_direction_score,11,1,0.0,0.509090909090909,1.0722146120820424,1.0722146120820424
T1_select_source,llama8b,combined_hidden_js_score,11,0,0.6768419654541618,-0.3181818181818182,1.0722146120820424,0.39537264662788063
T1_select_source,llama8b,combined_hidden_source_quality_score,11,0,0.5677971555441148,0.42727272727272725,1.0722146120820424,0.5044174565379276
T1_select_source,llama8b,combined_param_direction_score,11,1,0.0,0.509090909090909,1.0722146120820424,1.0722146120820424
T1_select_source,llama8b,combined_ratio_direction_score,11,0,0.06663234442370825,0.6090909090909091,1.0722146120820424,1.0055822676583341
T1_select_source,llama8b,pair_geometry_compatibility_score,11,0,0.3062265993876778,0.12727272727272726,1.0722146120820424,0.7659880126943646
T1_select_source,mistral7b,rel_direction_l1_to_target,12,0,0.20444672530552288,-0.16083916083916083,0.7175237551864814,0.5130770298809585
T1_select_source,mistral7b,rel_direction_rmse_to_target,12,0,0.20444672530552288,-0.1888111888111888,0.7175237551864814,0.5130770298809585
T1_select_source,mistral7b,rel_magnitude_l1_to_target,12,0,0.019324209300761508,0.23776223776223776,0.7175237551864814,0.6981995458857199
T1_select_source,mistral7b,rel_magnitude_rmse_to_target,12,0,0.019324209300761508,0.2867132867132867,0.7175237551864814,0.6981995458857199
T1_select_source,mistral7b,memory_target_norm_gap,12,0,0.019324209300761508,0.17482517482517482,0.7175237551864814,0.6981995458857199
T1_select_source,mistral7b,anchor_direction_js_to_target,12,0,0.5109269008838621,-0.03496503496503497,0.7175237551864814,0.20659685430261931
T1_select_source,mistral7b,target_direction_subspace_residual,12,1,0.0,-0.11888111888111888,0.7175237551864814,0.7175237551864814
T1_select_source,mistral7b,capacity_normalized_direction_rmse,12,0,0.20444672530552288,-0.1888111888111888,0.7175237551864814,0.5130770298809585
T1_select_source,mistral7b,diagnostic_rel_direction_z2_mean,12,0,0.20444672530552288,-0.23076923076923078,0.7175237551864814,0.5130770298809585
T1_select_source,mistral7b,diagnostic_rel_magnitude_z_abs_mean,12,0,0.019324209300761508,0.23776223776223776,0.7175237551864814,0.6981995458857199
T1_select_source,mistral7b,diagnostic_target_direction_std_mean,12,0,0.019324209300761508,0.0,0.7175237551864814,0.6981995458857199
T1_select_source,mistral7b,diagnostic_target_direction_std_min,12,0,0.019324209300761508,0.0,0.7175237551864814,0.6981995458857199
T1_select_source,mistral7b,diagnostic_target_magnitude_std_mean,12,0,0.019324209300761508,0.0,0.7175237551864814,0.6981995458857199
T1_select_source,mistral7b,diagnostic_target_magnitude_std_min,12,0,0.019324209300761508,0.0,0.7175237551864814,0.6981995458857199
T1_select_source,mistral7b,source_native_nll,12,0,0.20444672530552288,-0.6853146853146853,0.7175237551864814,0.5130770298809585
T1_select_source,mistral7b,target_minus_source_nll,12,0,0.06627563669929892,0.6853146853146853,0.7175237551864814,0.6512481184871824
T1_select_source,mistral7b,source_hidden_size,12,0,0.12686904670790333,-0.1290728893976494,0.7175237551864814,0.590654708478578
T1_select_source,mistral7b,abs_log_hidden_ratio,12,0,0.12686904670790333,-0.1290728893976494,0.7175237551864814,0.590654708478578
T1_select_source,mistral7b,prior_source_param_b,12,0,0.12686904670790333,-0.22229219840706288,0.7175237551864814,0.590654708478578
T1_select_source,mistral7b,prior_log_param_ratio_target_over_source,12,0,0.019324209300761508,0.22229219840706288,0.7175237551864814,0.6981995458857199
T1_select_source,mistral7b,prior_param_tier_jump,12,0,0.019324209300761508,0.14782809899727065,0.7175237551864814,0.6981995458857199
T1_select_source,mistral7b,pair_normalized_direction_rmse,12,0,0.20444672530552288,-0.14685314685314685,0.7175237551864814,0.5130770298809585
T1_select_source,mistral7b,target_readability_z2_mean,12,0,0.20444672530552288,-0.23076923076923078,0.7175237551864814,0.5130770298809585
T1_select_source,mistral7b,target_readability_tail_frac,12,0,0.12686904670790333,0.10858160259244366,0.7175237551864814,0.590654708478578
T1_select_source,mistral7b,target_readability_cross_entropy,12,0,0.00532969670825123,-0.1258741258741259,0.7175237551864814,0.7121940584782301
T1_select_source,mistral7b,source_to_target_anchor_kl,12,0,0.5109269008838621,-0.03496503496503497,0.7175237551864814,0.20659685430261931
T1_select_source,mistral7b,target_readability_energy,12,0,0.00532969670825123,-0.1258741258741259,0.7175237551864814,0.7121940584782301
T1_select_source,mistral7b,source_target_top_anchor_overlap,12,0,0.30423382926163806,-0.08391608391608392,0.7175237551864814,0.4132899259248433
T1_select_source,mistral7b,source_target_direction_entropy_gap,12,0,0.5109269008838621,-0.04895104895104895,0.7175237551864814,0.20659685430261931
T1_select_source,mistral7b,source_target_direction_dispersion_gap,12,0,0.019324209300761508,-0.006993006993006993,0.7175237551864814,0.6981995458857199
T1_select_source,mistral7b,diagnostic_source_direction_entropy_mean,12,0,0.5109269008838621,-0.04895104895104895,0.7175237551864814,0.20659685430261931
T1_select_source,mistral7b,diagnostic_target_direction_entropy,12,0,0.019324209300761508,0.0,0.7175237551864814,0.6981995458857199
T1_select_source,mistral7b,diagnostic_source_direction_std_mean,12,0,0.019324209300761508,-0.006993006993006993,0.7175237551864814,0.6981995458857199
T1_select_source,mistral7b,_z_log_param_ratio,12,0,0.019324209300761508,0.22229219840706288,0.7175237551864814,0.6981995458857199
T1_select_source,mistral7b,_z_neg_direction_rmse,12,0,0.20444672530552288,-0.1888111888111888,0.7175237551864814,0.5130770298809585
T1_select_source,mistral7b,_z_neg_anchor_js,12,0,0.5109269008838621,-0.03496503496503497,0.7175237551864814,0.20659685430261931
T1_select_source,mistral7b,_z_neg_magnitude_rmse,12,0,0.019324209300761508,0.2867132867132867,0.7175237551864814,0.6981995458857199
T1_select_source,mistral7b,_z_neg_subspace_residual,12,1,0.0,-0.11888111888111888,0.7175237551864814,0.7175237551864814
T1_select_source,mistral7b,_z_neg_pair_norm_direction_rmse,12,0,0.20444672530552288,-0.14685314685314685,0.7175237551864814,0.5130770298809585
T1_select_source,mistral7b,_z_neg_target_readability_z2,12,0,0.20444672530552288,-0.23076923076923078,0.7175237551864814,0.5130770298809585
T1_select_source,mistral7b,_z_neg_target_readability_tail,12,0,0.12686904670790333,0.10858160259244366,0.7175237551864814,0.590654708478578
T1_select_source,mistral7b,_z_neg_target_readability_ce,12,0,0.00532969670825123,-0.1258741258741259,0.7175237551864814,0.7121940584782301
T1_select_source,mistral7b,_z_neg_source_to_target_kl,12,0,0.5109269008838621,-0.03496503496503497,0.7175237551864814,0.20659685430261931
T1_select_source,mistral7b,_z_target_readability_energy,12,0,0.00532969670825123,-0.1258741258741259,0.7175237551864814,0.7121940584782301
T1_select_source,mistral7b,_z_top_anchor_overlap,12,0,0.30423382926163806,-0.08391608391608392,0.7175237551864814,0.4132899259248433
T1_select_source,mistral7b,_z_neg_direction_entropy_gap,12,0,0.5109269008838621,-0.04895104895104895,0.7175237551864814,0.20659685430261931
T1_select_source,mistral7b,_z_neg_direction_dispersion_gap,12,0,0.019324209300761508,-0.006993006993006993,0.7175237551864814,0.6981995458857199
T1_select_source,mistral7b,_z_neg_source_native_nll,12,0,0.20444672530552288,-0.6853146853146853,0.7175237551864814,0.5130770298809585
T1_select_source,mistral7b,combined_hidden_direction_score,12,0,0.20444672530552288,-0.1888111888111888,0.7175237551864814,0.5130770298809585
T1_select_source,mistral7b,combined_hidden_js_score,12,0,0.5109269008838621,-0.03496503496503497,0.7175237551864814,0.20659685430261931
T1_select_source,mistral7b,combined_hidden_source_quality_score,12,0,0.20444672530552288,-0.6853146853146853,0.7175237551864814,0.5130770298809585
T1_select_source,mistral7b,combined_param_direction_score,12,0,0.20444672530552288,-0.1888111888111888,0.7175237551864814,0.5130770298809585
T1_select_source,mistral7b,combined_ratio_direction_score,12,0,0.019324209300761508,0.15384615384615385,0.7175237551864814,0.6981995458857199
T1_select_source,mistral7b,pair_geometry_compatibility_score,12,0,0.20444672530552288,0.055944055944055944,0.7175237551864814,0.5130770298809585
T1_select_source,qwen1.5b,rel_direction_l1_to_target,12,0,0.08879387234300097,-0.7132867132867133,0.10912421025968268,0.020330337916681703
T1_select_source,qwen1.5b,rel_direction_rmse_to_target,12,0,0.08879387234300097,-0.6293706293706294,0.10912421025968268,0.020330337916681703
T1_select_source,qwen1.5b,rel_magnitude_l1_to_target,12,0,0.051088952647243634,-0.06993006993006994,0.10912421025968268,0.058035257612439044
T1_select_source,qwen1.5b,rel_magnitude_rmse_to_target,12,0,0.051088952647243634,-0.06993006993006994,0.10912421025968268,0.058035257612439044
T1_select_source,qwen1.5b,memory_target_norm_gap,12,0,0.05381681434465557,-0.4125874125874126,0.10912421025968268,0.055307395915027105
T1_select_source,qwen1.5b,anchor_direction_js_to_target,12,0,0.05381681434465557,-0.5734265734265734,0.10912421025968268,0.055307395915027105
T1_select_source,qwen1.5b,target_direction_subspace_residual,12,0,0.047570202536560226,0.42657342657342656,0.10912421025968268,0.06155400772312245
T1_select_source,qwen1.5b,capacity_normalized_direction_rmse,12,0,0.08879387234300097,-0.6293706293706294,0.10912421025968268,0.020330337916681703
T1_select_source,qwen1.5b,diagnostic_rel_direction_z2_mean,12,0,0.08879387234300097,-0.6993006993006993,0.10912421025968268,0.020330337916681703
T1_select_source,qwen1.5b,diagnostic_rel_magnitude_z_abs_mean,12,0,0.013390878225331096,0.6923076923076923,0.10912421025968268,0.09573333203435158
T1_select_source,qwen1.5b,diagnostic_target_direction_std_mean,12,0,0.05381681434465557,0.03053524082762296,0.10912421025968268,0.055307395915027105
T1_select_source,qwen1.5b,diagnostic_target_direction_std_min,12,0,0.05381681434465557,0.03053524082762296,0.10912421025968268,0.055307395915027105
T1_select_source,qwen1.5b,diagnostic_target_magnitude_std_mean,12,0,0.013390878225331096,0.42749337158672146,0.10912421025968268,0.09573333203435158
T1_select_source,qwen1.5b,diagnostic_target_magnitude_std_min,12,0,0.013390878225331096,0.42749337158672146,0.10912421025968268,0.09573333203435158
T1_select_source,qwen1.5b,source_native_nll,12,0,0.08879387234300097,-0.6503496503496503,0.10912421025968268,0.020330337916681703
T1_select_source,qwen1.5b,target_minus_source_nll,12,0,0.013390878225331096,0.6503496503496503,0.10912421025968268,0.09573333203435158
T1_select_source,qwen1.5b,source_hidden_size,12,0,0.05077232584307974,-0.45127025163251827,0.10912421025968268,0.05835188441660294
T1_select_source,qwen1.5b,abs_log_hidden_ratio,12,0,0.051088952647243634,0.45127025163251827,0.10912421025968268,0.058035257612439044
T1_select_source,qwen1.5b,prior_same_model_family,12,0,0.013390878225331096,0.6145098677990269,0.10912421025968268,0.09573333203435158
T1_select_source,qwen1.5b,prior_cross_model_family,12,0,0.051088952647243634,-0.6145098677990269,0.10912421025968268,0.058035257612439044
T1_select_source,qwen1.5b,prior_source_param_b,12,0,0.05077232584307974,-0.22563512581625914,0.10912421025968268,0.05835188441660294
T1_select_source,qwen1.5b,prior_log_param_ratio_target_over_source,12,0,0.051088952647243634,0.22563512581625914,0.10912421025968268,0.058035257612439044
T1_select_source,qwen1.5b,pair_normalized_direction_rmse,12,0,0.08879387234300097,-0.7692307692307693,0.10912421025968268,0.020330337916681703
T1_select_source,qwen1.5b,target_readability_z2_mean,12,0,0.08879387234300097,-0.6993006993006993,0.10912421025968268,0.020330337916681703
T1_select_source,qwen1.5b,target_readability_tail_frac,12,0,0.05381681434465557,-0.6094580274543612,0.10912421025968268,0.055307395915027105
T1_select_source,qwen1.5b,target_readability_cross_entropy,12,0,0.05381681434465557,-0.5734265734265734,0.10912421025968268,0.055307395915027105
T1_select_source,qwen1.5b,source_to_target_anchor_kl,12,0,0.05381681434465557,-0.5734265734265734,0.10912421025968268,0.055307395915027105
T1_select_source,qwen1.5b,target_readability_energy,12,0,0.014803472112029079,0.40559440559440557,0.10912421025968268,0.0943207381476536
T1_select_source,qwen1.5b,source_target_top_anchor_overlap,12,0,0.08279100925399259,-0.6293706293706294,0.10912421025968268,0.02633320100569009
T1_select_source,qwen1.5b,source_target_direction_entropy_gap,12,0,0.07361228272711204,-0.5384615384615384,0.10912421025968268,0.035511927532570646
T1_select_source,qwen1.5b,source_target_direction_dispersion_gap,12,0,0.051088952647243634,-0.5594405594405595,0.10912421025968268,0.058035257612439044
T1_select_source,qwen1.5b,diagnostic_source_direction_entropy_mean,12,0,0.05381681434465557,-0.6293706293706294,0.10912421025968268,0.055307395915027105
T1_select_source,qwen1.5b,diagnostic_target_direction_entropy,12,0,0.05381681434465557,-0.6717752982077052,0.10912421025968268,0.055307395915027105
T1_select_source,qwen1.5b,diagnostic_source_direction_std_mean,12,0,0.051088952647243634,-0.5594405594405595,0.10912421025968268,0.058035257612439044
T1_select_source,qwen1.5b,_z_log_param_ratio,12,0,0.051088952647243634,0.22563512581625914,0.10912421025968268,0.058035257612439044
T1_select_source,qwen1.5b,_z_neg_direction_rmse,12,0,0.08879387234300097,-0.6293706293706294,0.10912421025968268,0.020330337916681703
T1_select_source,qwen1.5b,_z_neg_anchor_js,12,0,0.05381681434465557,-0.5734265734265734,0.10912421025968268,0.055307395915027105
T1_select_source,qwen1.5b,_z_neg_magnitude_rmse,12,0,0.051088952647243634,-0.06993006993006994,0.10912421025968268,0.058035257612439044
T1_select_source,qwen1.5b,_z_neg_subspace_residual,12,0,0.047570202536560226,0.42657342657342656,0.10912421025968268,0.06155400772312245
T1_select_source,qwen1.5b,_z_neg_pair_norm_direction_rmse,12,0,0.08879387234300097,-0.7692307692307693,0.10912421025968268,0.020330337916681703
T1_select_source,qwen1.5b,_z_neg_target_readability_z2,12,0,0.08879387234300097,-0.6993006993006993,0.10912421025968268,0.020330337916681703
T1_select_source,qwen1.5b,_z_neg_target_readability_tail,12,0,0.05381681434465557,-0.6094580274543612,0.10912421025968268,0.055307395915027105
T1_select_source,qwen1.5b,_z_neg_target_readability_ce,12,0,0.05381681434465557,-0.5734265734265734,0.10912421025968268,0.055307395915027105
T1_select_source,qwen1.5b,_z_neg_source_to_target_kl,12,0,0.05381681434465557,-0.5734265734265734,0.10912421025968268,0.055307395915027105
T1_select_source,qwen1.5b,_z_target_readability_energy,12,0,0.014803472112029079,0.40559440559440557,0.10912421025968268,0.0943207381476536
T1_select_source,qwen1.5b,_z_top_anchor_overlap,12,0,0.08279100925399259,-0.6293706293706294,0.10912421025968268,0.02633320100569009
T1_select_source,qwen1.5b,_z_neg_direction_entropy_gap,12,0,0.07361228272711204,-0.5384615384615384,0.10912421025968268,0.035511927532570646
T1_select_source,qwen1.5b,_z_neg_direction_dispersion_gap,12,0,0.051088952647243634,-0.5594405594405595,0.10912421025968268,0.058035257612439044
T1_select_source,qwen1.5b,_z_neg_source_native_nll,12,0,0.08879387234300097,-0.6503496503496503,0.10912421025968268,0.020330337916681703
T1_select_source,qwen1.5b,combined_hidden_direction_score,12,0,0.08879387234300097,-0.6293706293706294,0.10912421025968268,0.020330337916681703
T1_select_source,qwen1.5b,combined_hidden_js_score,12,0,0.05381681434465557,-0.5734265734265734,0.10912421025968268,0.055307395915027105
T1_select_source,qwen1.5b,combined_hidden_source_quality_score,12,0,0.08879387234300097,-0.6503496503496503,0.10912421025968268,0.020330337916681703
T1_select_source,qwen1.5b,combined_param_direction_score,12,0,0.08879387234300097,-0.6293706293706294,0.10912421025968268,0.020330337916681703
T1_select_source,qwen1.5b,combined_ratio_direction_score,12,0,0.051088952647243634,-0.3706293706293706,0.10912421025968268,0.058035257612439044
T1_select_source,qwen1.5b,pair_geometry_compatibility_score,12,0,0.08279100925399259,-0.5944055944055944,0.10912421025968268,0.02633320100569009
T1_select_source,qwen3b,rel_direction_l1_to_target,12,0,0.05597536866409823,-0.5104895104895105,0.07294584454615097,0.016970475882052735
T1_select_source,qwen3b,rel_direction_rmse_to_target,12,0,0.05597536866409823,-0.4755244755244755,0.07294584454615097,0.016970475882052735
T1_select_source,qwen3b,rel_magnitude_l1_to_target,12,0,0.026042546504547327,-0.17482517482517482,0.07294584454615097,0.04690329804160364
T1_select_source,qwen3b,rel_magnitude_rmse_to_target,12,0,0.026042546504547327,-0.17482517482517482,0.07294584454615097,0.04690329804160364
T1_select_source,qwen3b,memory_target_norm_gap,12,0,0.04034257204030721,-0.20279720279720279,0.07294584454615097,0.03260327250584376
T1_select_source,qwen3b,anchor_direction_js_to_target,12,0,0.04034257204030721,-0.43356643356643354,0.07294584454615097,0.03260327250584376
T1_select_source,qwen3b,target_direction_subspace_residual,12,0,0.008321038047555698,0.15384615384615385,0.07294584454615097,0.06462480649859527
T1_select_source,qwen3b,capacity_normalized_direction_rmse,12,0,0.05597536866409823,-0.4755244755244755,0.07294584454615097,0.016970475882052735
T1_select_source,qwen3b,diagnostic_rel_direction_z2_mean,12,0,0.05597536866409823,-0.34965034965034963,0.07294584454615097,0.016970475882052735
T1_select_source,qwen3b,diagnostic_rel_magnitude_z_abs_mean,12,1,0.0,0.6223776223776224,0.07294584454615097,0.07294584454615097
T1_select_source,qwen3b,diagnostic_target_direction_std_mean,12,1,0.0,0.4427609920005329,0.07294584454615097,0.07294584454615097
T1_select_source,qwen3b,diagnostic_target_direction_std_min,12,0,0.04034257204030721,0.19847906537954926,0.07294584454615097,0.03260327250584376
T1_select_source,qwen3b,diagnostic_target_magnitude_std_mean,12,1,0.0,0.4427609920005329,0.07294584454615097,0.07294584454615097
T1_select_source,qwen3b,diagnostic_target_magnitude_std_min,12,1,0.0,0.4427609920005329,0.07294584454615097,0.07294584454615097
T1_select_source,qwen3b,source_native_nll,12,0,0.05597536866409823,-0.6923076923076923,0.07294584454615097,0.016970475882052735
T1_select_source,qwen3b,target_minus_source_nll,12,1,0.0,0.6923076923076923,0.07294584454615097,0.07294584454615097
T1_select_source,qwen3b,source_hidden_size,12,0,0.03991828556836708,-0.2079507662517685,0.07294584454615097,0.03302755897778389
T1_select_source,qwen3b,abs_log_hidden_ratio,12,0,0.026042546504547327,0.19360933409647413,0.07294584454615097,0.04690329804160364
T1_select_source,qwen3b,prior_same_model_family,12,1,0.0,0.5120915564991891,0.07294584454615097,0.07294584454615097
T1_select_source,qwen3b,prior_cross_model_family,12,0,0.026042546504547327,-0.5120915564991891,0.07294584454615097,0.04690329804160364
T1_select_source,qwen3b,prior_source_param_b,12,0,0.03991828556836708,-0.12190217332000222,0.07294584454615097,0.03302755897778389
T1_select_source,qwen3b,prior_log_param_ratio_target_over_source,12,0,0.026042546504547327,0.12190217332000222,0.07294584454615097,0.04690329804160364
T1_select_source,qwen3b,prior_param_tier_jump,12,0,0.026042546504547327,0.2090605025017727,0.07294584454615097,0.04690329804160364
T1_select_source,qwen3b,pair_normalized_direction_rmse,12,0,0.05597536866409823,-0.5384615384615384,0.07294584454615097,0.016970475882052735
T1_select_source,qwen3b,target_readability_z2_mean,12,0,0.05597536866409823,-0.34965034965034963,0.07294584454615097,0.016970475882052735
T1_select_source,qwen3b,target_readability_tail_frac,12,0,0.04034257204030721,-0.3082316460688723,0.07294584454615097,0.03260327250584376
T1_select_source,qwen3b,target_readability_cross_entropy,12,0,0.04034257204030721,-0.46153846153846156,0.07294584454615097,0.03260327250584376
T1_select_source,qwen3b,source_to_target_anchor_kl,12,0,0.04034257204030721,-0.4195804195804196,0.07294584454615097,0.03260327250584376
T1_select_source,qwen3b,target_readability_energy,12,1,0.0,0.0,0.07294584454615097,0.07294584454615097
T1_select_source,qwen3b,source_target_top_anchor_overlap,12,0,0.026042546504547327,0.04195804195804196,0.07294584454615097,0.04690329804160364
T1_select_source,qwen3b,source_target_direction_entropy_gap,12,0,0.0508175918998656,-0.2937062937062937,0.07294584454615097,0.022128252646285367
T1_select_source,qwen3b,source_target_direction_dispersion_gap,12,0,0.026042546504547327,-0.5034965034965035,0.07294584454615097,0.04690329804160364
T1_select_source,qwen3b,diagnostic_source_direction_entropy_mean,12,0,0.04034257204030721,-0.38461538461538464,0.07294584454615097,0.03260327250584376
T1_select_source,qwen3b,diagnostic_target_direction_entropy,12,0,0.04034257204030721,-0.4732962328281559,0.07294584454615097,0.03260327250584376
T1_select_source,qwen3b,diagnostic_source_direction_std_mean,12,0,0.026042546504547327,-0.5034965034965035,0.07294584454615097,0.04690329804160364
T1_select_source,qwen3b,_z_log_param_ratio,12,0,0.026042546504547327,0.12190217332000222,0.07294584454615097,0.04690329804160364
T1_select_source,qwen3b,_z_neg_direction_rmse,12,0,0.05597536866409823,-0.4755244755244755,0.07294584454615097,0.016970475882052735
T1_select_source,qwen3b,_z_neg_anchor_js,12,0,0.04034257204030721,-0.43356643356643354,0.07294584454615097,0.03260327250584376
T1_select_source,qwen3b,_z_neg_magnitude_rmse,12,0,0.026042546504547327,-0.17482517482517482,0.07294584454615097,0.04690329804160364
T1_select_source,qwen3b,_z_neg_subspace_residual,12,0,0.008321038047555698,0.15384615384615385,0.07294584454615097,0.06462480649859527
T1_select_source,qwen3b,_z_neg_pair_norm_direction_rmse,12,0,0.05597536866409823,-0.5384615384615384,0.07294584454615097,0.016970475882052735
T1_select_source,qwen3b,_z_neg_target_readability_z2,12,0,0.05597536866409823,-0.34965034965034963,0.07294584454615097,0.016970475882052735
T1_select_source,qwen3b,_z_neg_target_readability_tail,12,0,0.04034257204030721,-0.3082316460688723,0.07294584454615097,0.03260327250584376
T1_select_source,qwen3b,_z_neg_target_readability_ce,12,0,0.04034257204030721,-0.46153846153846156,0.07294584454615097,0.03260327250584376
T1_select_source,qwen3b,_z_neg_source_to_target_kl,12,0,0.04034257204030721,-0.4195804195804196,0.07294584454615097,0.03260327250584376
T1_select_source,qwen3b,_z_target_readability_energy,12,1,0.0,0.0,0.07294584454615097,0.07294584454615097
T1_select_source,qwen3b,_z_top_anchor_overlap,12,0,0.026042546504547327,0.04195804195804196,0.07294584454615097,0.04690329804160364
T1_select_source,qwen3b,_z_neg_direction_entropy_gap,12,0,0.0508175918998656,-0.2937062937062937,0.07294584454615097,0.022128252646285367
T1_select_source,qwen3b,_z_neg_direction_dispersion_gap,12,0,0.026042546504547327,-0.5034965034965035,0.07294584454615097,0.04690329804160364
T1_select_source,qwen3b,_z_neg_source_native_nll,12,0,0.05597536866409823,-0.6923076923076923,0.07294584454615097,0.016970475882052735
T1_select_source,qwen3b,combined_hidden_direction_score,12,0,0.05597536866409823,-0.4755244755244755,0.07294584454615097,0.016970475882052735
T1_select_source,qwen3b,combined_hidden_js_score,12,0,0.04034257204030721,-0.43356643356643354,0.07294584454615097,0.03260327250584376
T1_select_source,qwen3b,combined_hidden_source_quality_score,12,0,0.05597536866409823,-0.6923076923076923,0.07294584454615097,0.016970475882052735
T1_select_source,qwen3b,combined_param_direction_score,12,0,0.05597536866409823,-0.4755244755244755,0.07294584454615097,0.016970475882052735
T1_select_source,qwen3b,combined_ratio_direction_score,12,0,0.026042546504547327,-0.0979020979020979,0.07294584454615097,0.04690329804160364
T1_select_source,qwen3b,pair_geometry_compatibility_score,12,0,0.026042546504547327,-0.04895104895104895,0.07294584454615097,0.04690329804160364
T1_select_source,qwen7b,rel_direction_l1_to_target,12,0,0.29892991444363126,0.08391608391608392,1.387924942583853,1.0889950281402216
T1_select_source,qwen7b,rel_direction_rmse_to_target,12,0,0.29892991444363126,0.11188811188811189,1.387924942583853,1.0889950281402216
T1_select_source,qwen7b,rel_magnitude_l1_to_target,12,0,0.1612005653282187,0.22377622377622378,1.387924942583853,1.2267243772556342
T1_select_source,qwen7b,rel_magnitude_rmse_to_target,12,0,0.1612005653282187,0.22377622377622378,1.387924942583853,1.2267243772556342
T1_select_source,qwen7b,memory_target_norm_gap,12,0,0.39663831612952083,-0.23076923076923078,1.387924942583853,0.9912866264543321
T1_select_source,qwen7b,anchor_direction_js_to_target,12,0,1.1115789675916032,-0.5594405594405595,1.387924942583853,0.27634597499224967
T1_select_source,qwen7b,target_direction_subspace_residual,12,0,1.3354775587527759,-0.14685314685314685,1.387924942583853,0.052447383831077124
T1_select_source,qwen7b,capacity_normalized_direction_rmse,12,0,0.29892991444363126,0.11188811188811189,1.387924942583853,1.0889950281402216
T1_select_source,qwen7b,diagnostic_rel_direction_z2_mean,12,0,0.29892991444363126,-0.2937062937062937,1.387924942583853,1.0889950281402216
T1_select_source,qwen7b,diagnostic_rel_magnitude_z_abs_mean,12,0,0.027395704515054575,0.45454545454545453,1.387924942583853,1.3605292380687983
T1_select_source,qwen7b,diagnostic_target_direction_std_mean,12,0,0.39663831612952083,-0.557268145104119,1.387924942583853,0.9912866264543321
T1_select_source,qwen7b,diagnostic_target_direction_std_min,12,0,0.1612005653282187,-0.09656090991705352,1.387924942583853,1.2267243772556342
T1_select_source,qwen7b,diagnostic_target_magnitude_std_mean,12,0,0.027395704515054575,0.2671833572417009,1.387924942583853,1.3605292380687983
T1_select_source,qwen7b,diagnostic_target_magnitude_std_min,12,0,0.027395704515054575,0.2671833572417009,1.387924942583853,1.3605292380687983
T1_select_source,qwen7b,source_native_nll,12,0,1.3354775587527759,-0.8461538461538461,1.387924942583853,0.052447383831077124
T1_select_source,qwen7b,target_minus_source_nll,12,0,0.027395704515054575,0.8461538461538461,1.387924942583853,1.3605292380687983
T1_select_source,qwen7b,source_hidden_size,12,0,0.29892991444363126,-0.524055776089376,1.387924942583853,1.0889950281402216
T1_select_source,qwen7b,abs_log_hidden_ratio,12,0,0.29892991444363126,-0.524055776089376,1.387924942583853,1.0889950281402216
T1_select_source,qwen7b,prior_same_model_family,12,0,0.027395704515054575,0.46088240084927024,1.387924942583853,1.3605292380687983
T1_select_source,qwen7b,prior_cross_model_family,12,0,0.1612005653282187,-0.46088240084927024,1.387924942583853,1.2267243772556342
T1_select_source,qwen7b,prior_source_param_b,12,0,0.29892991444363126,-0.38004795211530107,1.387924942583853,1.0889950281402216
T1_select_source,qwen7b,prior_log_param_ratio_target_over_source,12,0,0.1612005653282187,0.38004795211530107,1.387924942583853,1.2267243772556342
T1_select_source,qwen7b,prior_param_tier_jump,12,0,0.1612005653282187,0.44348429699181197,1.387924942583853,1.2267243772556342
T1_select_source,qwen7b,pair_normalized_direction_rmse,12,0,0.6884381870466686,-0.03496503496503497,1.387924942583853,0.6994867555371843
T1_select_source,qwen7b,target_readability_z2_mean,12,0,0.29892991444363126,-0.2937062937062937,1.387924942583853,1.0889950281402216
T1_select_source,qwen7b,target_readability_tail_frac,12,1,0.0,-0.27762402420220994,1.387924942583853,1.387924942583853
T1_select_source,qwen7b,target_magnitude_tail_frac,12,0,0.027395704515054575,0.5214300219176456,1.387924942583853,1.3605292380687983
T1_select_source,qwen7b,target_readability_cross_entropy,12,0,0.1612005653282187,0.3006993006993007,1.387924942583853,1.2267243772556342
T1_select_source,qwen7b,source_to_target_anchor_kl,12,0,1.1115789675916032,-0.5594405594405595,1.387924942583853,0.27634597499224967
T1_select_source,qwen7b,target_readability_energy,12,0,0.027395704515054575,0.04895104895104895,1.387924942583853,1.3605292380687983
T1_select_source,qwen7b,source_target_top_anchor_overlap,12,0,0.39663831612952083,-0.5174825174825175,1.387924942583853,0.9912866264543321
T1_select_source,qwen7b,source_target_direction_entropy_gap,12,0,0.39663831612952083,-0.5874125874125874,1.387924942583853,0.9912866264543321
T1_select_source,qwen7b,source_target_direction_dispersion_gap,12,0,0.1612005653282187,-0.36363636363636365,1.387924942583853,1.2267243772556342
T1_select_source,qwen7b,diagnostic_source_direction_entropy_mean,12,0,0.39663831612952083,-0.5874125874125874,1.387924942583853,0.9912866264543321
T1_select_source,qwen7b,diagnostic_target_direction_entropy,12,0,0.1612005653282187,0.08397191227596315,1.387924942583853,1.2267243772556342
T1_select_source,qwen7b,diagnostic_source_direction_std_mean,12,0,0.1612005653282187,-0.36363636363636365,1.387924942583853,1.2267243772556342
T1_select_source,qwen7b,_z_log_param_ratio,12,0,0.1612005653282187,0.38004795211530107,1.387924942583853,1.2267243772556342
T1_select_source,qwen7b,_z_neg_direction_rmse,12,0,0.29892991444363126,0.11188811188811189,1.387924942583853,1.0889950281402216
T1_select_source,qwen7b,_z_neg_anchor_js,12,0,1.1115789675916032,-0.5594405594405595,1.387924942583853,0.27634597499224967
T1_select_source,qwen7b,_z_neg_magnitude_rmse,12,0,0.1612005653282187,0.22377622377622378,1.387924942583853,1.2267243772556342
T1_select_source,qwen7b,_z_neg_subspace_residual,12,0,1.3354775587527759,-0.14685314685314685,1.387924942583853,0.052447383831077124
T1_select_source,qwen7b,_z_neg_pair_norm_direction_rmse,12,0,0.6884381870466686,-0.03496503496503497,1.387924942583853,0.6994867555371843
T1_select_source,qwen7b,_z_neg_target_readability_z2,12,0,0.29892991444363126,-0.2937062937062937,1.387924942583853,1.0889950281402216
T1_select_source,qwen7b,_z_neg_target_readability_tail,12,1,0.0,-0.27762402420220994,1.387924942583853,1.387924942583853
T1_select_source,qwen7b,_z_neg_target_magnitude_tail,12,0,0.027395704515054575,0.5214300219176456,1.387924942583853,1.3605292380687983
T1_select_source,qwen7b,_z_neg_target_readability_ce,12,0,0.1612005653282187,0.3006993006993007,1.387924942583853,1.2267243772556342
T1_select_source,qwen7b,_z_neg_source_to_target_kl,12,0,1.1115789675916032,-0.5594405594405595,1.387924942583853,0.27634597499224967
T1_select_source,qwen7b,_z_target_readability_energy,12,0,0.027395704515054575,0.04895104895104895,1.387924942583853,1.3605292380687983
T1_select_source,qwen7b,_z_top_anchor_overlap,12,0,0.39663831612952083,-0.5174825174825175,1.387924942583853,0.9912866264543321
T1_select_source,qwen7b,_z_neg_direction_entropy_gap,12,0,0.39663831612952083,-0.5874125874125874,1.387924942583853,0.9912866264543321
T1_select_source,qwen7b,_z_neg_direction_dispersion_gap,12,0,0.1612005653282187,-0.36363636363636365,1.387924942583853,1.2267243772556342
T1_select_source,qwen7b,_z_neg_source_native_nll,12,0,1.3354775587527759,-0.8461538461538461,1.387924942583853,0.052447383831077124
T1_select_source,qwen7b,combined_hidden_direction_score,12,0,0.29892991444363126,0.11188811188811189,1.387924942583853,1.0889950281402216
T1_select_source,qwen7b,combined_hidden_js_score,12,0,1.1115789675916032,-0.5594405594405595,1.387924942583853,0.27634597499224967
T1_select_source,qwen7b,combined_hidden_source_quality_score,12,0,1.3354775587527759,-0.8461538461538461,1.387924942583853,0.052447383831077124
T1_select_source,qwen7b,combined_param_direction_score,12,0,0.29892991444363126,0.11188811188811189,1.387924942583853,1.0889950281402216
T1_select_source,qwen7b,combined_ratio_direction_score,12,0,0.1612005653282187,0.3916083916083916,1.387924942583853,1.2267243772556342
T1_select_source,qwen7b,pair_geometry_compatibility_score,12,0,0.027395704515054575,0.15384615384615385,1.387924942583853,1.3605292380687983
T2_select_target,gpt2:llama1b,rel_direction_l1_to_target,5,1,0.0,0.6,1.2267243772556342,1.2267243772556342
T2_select_target,gpt2:llama1b,rel_direction_rmse_to_target,5,1,0.0,0.6,1.2267243772556342,1.2267243772556342
T2_select_target,gpt2:llama1b,rel_magnitude_l1_to_target,5,0,0.5285248313699143,0.3,1.2267243772556342,0.6981995458857199
T2_select_target,gpt2:llama1b,rel_magnitude_rmse_to_target,5,0,0.5285248313699143,-0.1,1.2267243772556342,0.6981995458857199
T2_select_target,gpt2:llama1b,memory_target_norm_gap,5,0,1.1798210792140307,-0.8,1.2267243772556342,0.04690329804160364
T2_select_target,gpt2:llama1b,anchor_direction_js_to_target,5,1,0.0,0.6,1.2267243772556342,1.2267243772556342
T2_select_target,gpt2:llama1b,target_direction_subspace_residual,5,0,0.536854355492303,-0.6,1.2267243772556342,0.6898700217633312
T2_select_target,gpt2:llama1b,capacity_normalized_direction_rmse,5,1,0.0,0.6,1.2267243772556342,1.2267243772556342
T2_select_target,gpt2:llama1b,diagnostic_rel_direction_z2_mean,5,1,0.0,0.6,1.2267243772556342,1.2267243772556342
T2_select_target,gpt2:llama1b,diagnostic_rel_magnitude_z_abs_mean,5,1,0.0,1.0,1.2267243772556342,1.2267243772556342
T2_select_target,gpt2:llama1b,diagnostic_target_direction_std_mean,5,0,0.536854355492303,-0.5,1.2267243772556342,0.6898700217633312
T2_select_target,gpt2:llama1b,diagnostic_target_direction_std_min,5,1,0.0,0.2,1.2267243772556342,1.2267243772556342
T2_select_target,gpt2:llama1b,diagnostic_target_magnitude_std_mean,5,1,0.0,1.0,1.2267243772556342,1.2267243772556342
T2_select_target,gpt2:llama1b,diagnostic_target_magnitude_std_min,5,1,0.0,1.0,1.2267243772556342,1.2267243772556342
T2_select_target,gpt2:llama1b,target_text_nll,5,0,0.5285248313699143,0.5,1.2267243772556342,0.6981995458857199
T2_select_target,gpt2:llama1b,source_native_nll,5,0,1.1798210792140307,-0.3,1.2267243772556342,0.04690329804160364
T2_select_target,gpt2:llama1b,target_minus_source_nll,5,0,0.5285248313699143,0.5,1.2267243772556342,0.6981995458857199
T2_select_target,gpt2:llama1b,target_hidden_size,5,0,0.5285248313699143,0.8,1.2267243772556342,0.6981995458857199
T2_select_target,gpt2:llama1b,abs_log_hidden_ratio,5,0,1.1798210792140307,-0.9,1.2267243772556342,0.04690329804160364
T2_select_target,gpt2:llama1b,prior_same_model_family,5,0,0.536854355492303,0.0,1.2267243772556342,0.6898700217633312
T2_select_target,gpt2:llama1b,prior_cross_model_family,5,0,0.5285248313699143,0.0,1.2267243772556342,0.6981995458857199
T2_select_target,gpt2:llama1b,prior_target_param_b,5,0,0.5285248313699143,0.7905694150420948,1.2267243772556342,0.6981995458857199
T2_select_target,gpt2:llama1b,prior_log_param_ratio_target_over_source,5,0,0.5285248313699143,0.7905694150420948,1.2267243772556342,0.6981995458857199
T2_select_target,gpt2:llama1b,prior_param_tier_jump,5,0,0.536854355492303,0.35355339059327373,1.2267243772556342,0.6898700217633312
T2_select_target,gpt2:llama1b,pair_normalized_direction_rmse,5,1,0.0,0.6,1.2267243772556342,1.2267243772556342
T2_select_target,gpt2:llama1b,target_readability_z2_mean,5,1,0.0,0.6,1.2267243772556342,1.2267243772556342
T2_select_target,gpt2:llama1b,target_readability_tail_frac,5,1,0.0,0.6,1.2267243772556342,1.2267243772556342
T2_select_target,gpt2:llama1b,target_readability_cross_entropy,5,0,0.5285248313699143,0.5,1.2267243772556342,0.6981995458857199
T2_select_target,gpt2:llama1b,source_to_target_anchor_kl,5,1,0.0,0.6,1.2267243772556342,1.2267243772556342
T2_select_target,gpt2:llama1b,target_readability_energy,5,0,0.536854355492303,-0.6,1.2267243772556342,0.6898700217633312
T2_select_target,gpt2:llama1b,source_target_top_anchor_overlap,5,0,1.1798210792140307,-0.6,1.2267243772556342,0.04690329804160364
T2_select_target,gpt2:llama1b,source_target_direction_entropy_gap,5,0,1.1798210792140307,-0.1,1.2267243772556342,0.04690329804160364
T2_select_target,gpt2:llama1b,source_target_direction_dispersion_gap,5,0,0.5285248313699143,0.5,1.2267243772556342,0.6981995458857199
T2_select_target,gpt2:llama1b,diagnostic_source_direction_entropy_mean,5,0,0.536854355492303,-0.22360679774997896,1.2267243772556342,0.6898700217633312
T2_select_target,gpt2:llama1b,diagnostic_target_direction_entropy,5,0,0.5285248313699143,0.5,1.2267243772556342,0.6981995458857199
T2_select_target,gpt2:llama1b,diagnostic_source_direction_std_mean,5,0,0.5285248313699143,0.22360679774997896,1.2267243772556342,0.6981995458857199
T2_select_target,gpt2:llama1b,_z_target_hidden_size,5,0,0.5285248313699143,0.8,1.2267243772556342,0.6981995458857199
T2_select_target,gpt2:llama1b,_z_prior_target_param_b,5,0,0.5285248313699143,0.7905694150420948,1.2267243772556342,0.6981995458857199
T2_select_target,gpt2:llama1b,_z_log_param_ratio,5,0,0.5285248313699143,0.7905694150420948,1.2267243772556342,0.6981995458857199
T2_select_target,gpt2:llama1b,_z_neg_direction_rmse,5,1,0.0,0.6,1.2267243772556342,1.2267243772556342
T2_select_target,gpt2:llama1b,_z_neg_anchor_js,5,1,0.0,0.6,1.2267243772556342,1.2267243772556342
T2_select_target,gpt2:llama1b,_z_neg_magnitude_rmse,5,0,0.5285248313699143,-0.1,1.2267243772556342,0.6981995458857199
T2_select_target,gpt2:llama1b,_z_neg_subspace_residual,5,0,0.536854355492303,-0.6,1.2267243772556342,0.6898700217633312
T2_select_target,gpt2:llama1b,_z_neg_pair_norm_direction_rmse,5,1,0.0,0.6,1.2267243772556342,1.2267243772556342
T2_select_target,gpt2:llama1b,_z_neg_target_readability_z2,5,1,0.0,0.6,1.2267243772556342,1.2267243772556342
T2_select_target,gpt2:llama1b,_z_neg_target_readability_tail,5,1,0.0,0.6,1.2267243772556342,1.2267243772556342
T2_select_target,gpt2:llama1b,_z_neg_target_readability_ce,5,0,0.5285248313699143,0.5,1.2267243772556342,0.6981995458857199
T2_select_target,gpt2:llama1b,_z_neg_source_to_target_kl,5,1,0.0,0.6,1.2267243772556342,1.2267243772556342
T2_select_target,gpt2:llama1b,_z_target_readability_energy,5,0,0.536854355492303,-0.6,1.2267243772556342,0.6898700217633312
T2_select_target,gpt2:llama1b,_z_top_anchor_overlap,5,0,1.1798210792140307,-0.6,1.2267243772556342,0.04690329804160364
T2_select_target,gpt2:llama1b,_z_neg_direction_entropy_gap,5,0,1.1798210792140307,-0.1,1.2267243772556342,0.04690329804160364
T2_select_target,gpt2:llama1b,_z_neg_direction_dispersion_gap,5,0,0.5285248313699143,0.5,1.2267243772556342,0.6981995458857199
T2_select_target,gpt2:llama1b,_z_neg_source_native_nll,5,0,1.1798210792140307,-0.3,1.2267243772556342,0.04690329804160364
T2_select_target,gpt2:llama1b,combined_hidden_direction_score,5,0,0.5285248313699143,0.6,1.2267243772556342,0.6981995458857199
T2_select_target,gpt2:llama1b,combined_hidden_js_score,5,0,0.5285248313699143,0.6,1.2267243772556342,0.6981995458857199
T2_select_target,gpt2:llama1b,combined_hidden_source_quality_score,5,0,0.5285248313699143,0.8,1.2267243772556342,0.6981995458857199
T2_select_target,gpt2:llama1b,combined_param_direction_score,5,1,0.0,0.6,1.2267243772556342,1.2267243772556342
T2_select_target,gpt2:llama1b,combined_ratio_direction_score,5,1,0.0,0.6,1.2267243772556342,1.2267243772556342
T2_select_target,gpt2:llama1b,pair_geometry_compatibility_score,5,1,0.0,0.6,1.2267243772556342,1.2267243772556342
T2_select_target,gpt2:llama3b,rel_direction_l1_to_target,6,1,0.0,0.7714285714285715,1.387924942583853,1.387924942583853
T2_select_target,gpt2:llama3b,rel_direction_rmse_to_target,6,1,0.0,0.7714285714285715,1.387924942583853,1.387924942583853
T2_select_target,gpt2:llama3b,rel_magnitude_l1_to_target,6,0,0.6757308841056228,-0.42857142857142855,1.387924942583853,0.7121940584782301
T2_select_target,gpt2:llama3b,rel_magnitude_rmse_to_target,6,0,0.6757308841056228,-0.42857142857142855,1.387924942583853,0.7121940584782301
T2_select_target,gpt2:llama3b,memory_target_norm_gap,6,0,1.3461287965193063,-0.7714285714285715,1.387924942583853,0.041796146064546534
T2_select_target,gpt2:llama3b,anchor_direction_js_to_target,6,0,0.6757308841056228,0.5428571428571428,1.387924942583853,0.7121940584782301
T2_select_target,gpt2:llama3b,target_direction_subspace_residual,6,0,0.8054758574912545,-0.7142857142857143,1.387924942583853,0.5824490850925984
T2_select_target,gpt2:llama3b,capacity_normalized_direction_rmse,6,1,0.0,0.7714285714285715,1.387924942583853,1.387924942583853
T2_select_target,gpt2:llama3b,diagnostic_rel_direction_z2_mean,6,1,0.0,0.7142857142857143,1.387924942583853,1.387924942583853
T2_select_target,gpt2:llama3b,diagnostic_rel_magnitude_z_abs_mean,6,0,0.6219369298894883,0.9428571428571428,1.387924942583853,0.7659880126943646
T2_select_target,gpt2:llama3b,diagnostic_target_direction_std_mean,6,0,0.8054758574912545,-0.6,1.387924942583853,0.5824490850925984
T2_select_target,gpt2:llama3b,diagnostic_target_direction_std_min,6,1,0.0,-0.08571428571428572,1.387924942583853,1.387924942583853
T2_select_target,gpt2:llama3b,diagnostic_target_magnitude_std_mean,6,0,0.6219369298894883,0.9428571428571428,1.387924942583853,0.7659880126943646
T2_select_target,gpt2:llama3b,diagnostic_target_magnitude_std_min,6,0,0.6219369298894883,0.9428571428571428,1.387924942583853,0.7659880126943646
T2_select_target,gpt2:llama3b,target_text_nll,6,0,0.6757308841056228,0.37142857142857144,1.387924942583853,0.7121940584782301
T2_select_target,gpt2:llama3b,source_native_nll,6,0,1.3461287965193063,-0.8857142857142857,1.387924942583853,0.041796146064546534
T2_select_target,gpt2:llama3b,target_minus_source_nll,6,0,0.6757308841056228,0.37142857142857144,1.387924942583853,0.7121940584782301
T2_select_target,gpt2:llama3b,target_hidden_size,6,0,0.6219369298894883,0.7061878636037996,1.387924942583853,0.7659880126943646
T2_select_target,gpt2:llama3b,abs_log_hidden_ratio,6,1,0.0,0.8827348295047495,1.387924942583853,1.387924942583853
T2_select_target,gpt2:llama3b,prior_same_model_family,6,0,0.8054758574912545,0.20701966780270628,1.387924942583853,0.5824490850925984
T2_select_target,gpt2:llama3b,prior_cross_model_family,6,0,0.6757308841056228,-0.20701966780270628,1.387924942583853,0.7121940584782301
T2_select_target,gpt2:llama3b,prior_target_param_b,6,0,0.6219369298894883,0.6667366910003157,1.387924942583853,0.7659880126943646
T2_select_target,gpt2:llama3b,prior_log_param_ratio_target_over_source,6,0,0.6219369298894883,0.6667366910003157,1.387924942583853,0.7659880126943646
T2_select_target,gpt2:llama3b,prior_param_tier_jump,6,0,0.6219369298894883,0.6761234037828133,1.387924942583853,0.7659880126943646
T2_select_target,gpt2:llama3b,pair_normalized_direction_rmse,6,1,0.0,0.7714285714285715,1.387924942583853,1.387924942583853
T2_select_target,gpt2:llama3b,target_readability_z2_mean,6,1,0.0,0.7142857142857143,1.387924942583853,1.387924942583853
T2_select_target,gpt2:llama3b,target_readability_tail_frac,6,1,0.0,0.7142857142857143,1.387924942583853,1.387924942583853
T2_select_target,gpt2:llama3b,target_readability_cross_entropy,6,0,0.6757308841056228,0.5428571428571428,1.387924942583853,0.7121940584782301
T2_select_target,gpt2:llama3b,source_to_target_anchor_kl,6,0,0.6757308841056228,0.5428571428571428,1.387924942583853,0.7121940584782301
T2_select_target,gpt2:llama3b,target_readability_energy,6,0,0.8054758574912545,-0.08571428571428572,1.387924942583853,0.5824490850925984
T2_select_target,gpt2:llama3b,source_target_top_anchor_overlap,6,0,0.6219369298894883,0.14285714285714285,1.387924942583853,0.7659880126943646
T2_select_target,gpt2:llama3b,source_target_direction_entropy_gap,6,1,0.0,0.7142857142857143,1.387924942583853,1.387924942583853
T2_select_target,gpt2:llama3b,source_target_direction_dispersion_gap,6,0,0.6219369298894883,0.6,1.387924942583853,0.7659880126943646
T2_select_target,gpt2:llama3b,diagnostic_source_direction_entropy_mean,6,0,0.8054758574912545,0.2125118592516207,1.387924942583853,0.5824490850925984
T2_select_target,gpt2:llama3b,diagnostic_target_direction_entropy,6,0,0.6219369298894883,0.6,1.387924942583853,0.7659880126943646
T2_select_target,gpt2:llama3b,diagnostic_source_direction_std_mean,6,0,1.2788007323241701,-0.39466488146729556,1.387924942583853,0.10912421025968268
T2_select_target,gpt2:llama3b,_z_target_hidden_size,6,0,0.6219369298894883,0.7061878636037996,1.387924942583853,0.7659880126943646
T2_select_target,gpt2:llama3b,_z_prior_target_param_b,6,0,0.6219369298894883,0.6667366910003157,1.387924942583853,0.7659880126943646
T2_select_target,gpt2:llama3b,_z_log_param_ratio,6,0,0.6219369298894883,0.6667366910003157,1.387924942583853,0.7659880126943646
T2_select_target,gpt2:llama3b,_z_neg_direction_rmse,6,1,0.0,0.7714285714285715,1.387924942583853,1.387924942583853
T2_select_target,gpt2:llama3b,_z_neg_anchor_js,6,0,0.6757308841056228,0.5428571428571428,1.387924942583853,0.7121940584782301
T2_select_target,gpt2:llama3b,_z_neg_magnitude_rmse,6,0,0.6757308841056228,-0.42857142857142855,1.387924942583853,0.7121940584782301
T2_select_target,gpt2:llama3b,_z_neg_subspace_residual,6,0,0.8054758574912545,-0.7142857142857143,1.387924942583853,0.5824490850925984
T2_select_target,gpt2:llama3b,_z_neg_pair_norm_direction_rmse,6,1,0.0,0.7714285714285715,1.387924942583853,1.387924942583853
T2_select_target,gpt2:llama3b,_z_neg_target_readability_z2,6,1,0.0,0.7142857142857143,1.387924942583853,1.387924942583853
T2_select_target,gpt2:llama3b,_z_neg_target_readability_tail,6,1,0.0,0.7142857142857143,1.387924942583853,1.387924942583853
T2_select_target,gpt2:llama3b,_z_neg_target_readability_ce,6,0,0.6757308841056228,0.5428571428571428,1.387924942583853,0.7121940584782301
T2_select_target,gpt2:llama3b,_z_neg_source_to_target_kl,6,0,0.6757308841056228,0.5428571428571428,1.387924942583853,0.7121940584782301
T2_select_target,gpt2:llama3b,_z_target_readability_energy,6,0,0.8054758574912545,-0.08571428571428572,1.387924942583853,0.5824490850925984
T2_select_target,gpt2:llama3b,_z_top_anchor_overlap,6,0,0.6219369298894883,0.14285714285714285,1.387924942583853,0.7659880126943646
T2_select_target,gpt2:llama3b,_z_neg_direction_entropy_gap,6,1,0.0,0.7142857142857143,1.387924942583853,1.387924942583853
T2_select_target,gpt2:llama3b,_z_neg_direction_dispersion_gap,6,0,0.6219369298894883,0.6,1.387924942583853,0.7659880126943646
T2_select_target,gpt2:llama3b,_z_neg_source_native_nll,6,0,1.3461287965193063,-0.8857142857142857,1.387924942583853,0.041796146064546534
T2_select_target,gpt2:llama3b,combined_hidden_direction_score,6,0,0.6219369298894883,0.6,1.387924942583853,0.7659880126943646
T2_select_target,gpt2:llama3b,combined_hidden_js_score,6,0,0.6757308841056228,0.5428571428571428,1.387924942583853,0.7121940584782301
T2_select_target,gpt2:llama3b,combined_hidden_source_quality_score,6,0,0.6219369298894883,0.6571428571428571,1.387924942583853,0.7659880126943646
T2_select_target,gpt2:llama3b,combined_param_direction_score,6,0,0.6219369298894883,0.7142857142857143,1.387924942583853,0.7659880126943646
T2_select_target,gpt2:llama3b,combined_ratio_direction_score,6,0,0.6219369298894883,0.7142857142857143,1.387924942583853,0.7659880126943646
T2_select_target,gpt2:llama3b,pair_geometry_compatibility_score,6,0,0.6219369298894883,0.6,1.387924942583853,0.7659880126943646
T2_select_target,gpt2:llama8b,rel_direction_l1_to_target,6,1,0.0,0.2,1.0889950281402216,1.0889950281402216
T2_select_target,gpt2:llama8b,rel_direction_rmse_to_target,6,1,0.0,0.2,1.0889950281402216,1.0889950281402216
T2_select_target,gpt2:llama8b,rel_magnitude_l1_to_target,6,0,1.0559674691624377,-0.2571428571428571,1.0889950281402216,0.03302755897778389
T2_select_target,gpt2:llama8b,rel_magnitude_rmse_to_target,6,0,1.0559674691624377,-0.2571428571428571,1.0889950281402216,0.03302755897778389
T2_select_target,gpt2:llama8b,memory_target_norm_gap,6,0,1.0559674691624377,-0.5428571428571428,1.0889950281402216,0.03302755897778389
T2_select_target,gpt2:llama8b,anchor_direction_js_to_target,6,0,0.4983403196616436,0.08571428571428572,1.0889950281402216,0.590654708478578
T2_select_target,gpt2:llama8b,target_direction_subspace_residual,6,0,0.45939539320255296,-0.2,1.0889950281402216,0.6295996349376687
T2_select_target,gpt2:llama8b,capacity_normalized_direction_rmse,6,1,0.0,0.2,1.0889950281402216,1.0889950281402216
T2_select_target,gpt2:llama8b,diagnostic_rel_direction_z2_mean,6,1,0.0,0.2,1.0889950281402216,1.0889950281402216
T2_select_target,gpt2:llama8b,diagnostic_rel_magnitude_z_abs_mean,6,1,0.0,0.9428571428571428,1.0889950281402216,1.0889950281402216
T2_select_target,gpt2:llama8b,diagnostic_target_direction_std_mean,6,0,0.5762809874754325,-0.2,1.0889950281402216,0.5127140406647891
T2_select_target,gpt2:llama8b,diagnostic_target_direction_std_min,6,1,0.0,-0.08571428571428572,1.0889950281402216,1.0889950281402216
T2_select_target,gpt2:llama8b,diagnostic_target_magnitude_std_mean,6,1,0.0,0.9428571428571428,1.0889950281402216,1.0889950281402216
T2_select_target,gpt2:llama8b,diagnostic_target_magnitude_std_min,6,1,0.0,0.9428571428571428,1.0889950281402216,1.0889950281402216
T2_select_target,gpt2:llama8b,target_text_nll,6,0,0.4983403196616436,0.2,1.0889950281402216,0.590654708478578
T2_select_target,gpt2:llama8b,source_native_nll,6,1,0.0,0.3142857142857143,1.0889950281402216,1.0889950281402216
T2_select_target,gpt2:llama8b,target_minus_source_nll,6,0,0.4983403196616436,0.2,1.0889950281402216,0.590654708478578
T2_select_target,gpt2:llama8b,target_hidden_size,6,0,0.4983403196616436,0.7247137945655605,1.0889950281402216,0.590654708478578
T2_select_target,gpt2:llama8b,abs_log_hidden_ratio,6,0,0.4983403196616436,0.7247137945655605,1.0889950281402216,0.590654708478578
T2_select_target,gpt2:llama8b,prior_same_model_family,6,0,0.5762809874754325,0.20701966780270628,1.0889950281402216,0.5127140406647891
T2_select_target,gpt2:llama8b,prior_cross_model_family,6,0,0.4983403196616436,-0.20701966780270628,1.0889950281402216,0.590654708478578
T2_select_target,gpt2:llama8b,prior_target_param_b,6,0,0.4983403196616436,0.5590653920196746,1.0889950281402216,0.590654708478578
T2_select_target,gpt2:llama8b,prior_log_param_ratio_target_over_source,6,0,0.4983403196616436,0.5590653920196746,1.0889950281402216,0.590654708478578
T2_select_target,gpt2:llama8b,prior_param_tier_jump,6,0,0.5762809874754325,-0.6210590034081188,1.0889950281402216,0.5127140406647891
T2_select_target,gpt2:llama8b,pair_normalized_direction_rmse,6,1,0.0,0.2,1.0889950281402216,1.0889950281402216
T2_select_target,gpt2:llama8b,target_readability_z2_mean,6,1,0.0,0.2,1.0889950281402216,1.0889950281402216
T2_select_target,gpt2:llama8b,target_readability_tail_frac,6,0,0.4983403196616436,0.14494275891311212,1.0889950281402216,0.590654708478578
T2_select_target,gpt2:llama8b,target_readability_cross_entropy,6,0,0.4983403196616436,0.08571428571428572,1.0889950281402216,0.590654708478578
T2_select_target,gpt2:llama8b,source_to_target_anchor_kl,6,0,0.4983403196616436,0.08571428571428572,1.0889950281402216,0.590654708478578
T2_select_target,gpt2:llama8b,target_readability_energy,6,0,0.4983403196616436,0.08571428571428572,1.0889950281402216,0.590654708478578
T2_select_target,gpt2:llama8b,source_target_top_anchor_overlap,6,1,0.0,0.8285714285714286,1.0889950281402216,1.0889950281402216
T2_select_target,gpt2:llama8b,source_target_direction_entropy_gap,6,0,0.4983403196616436,0.08571428571428572,1.0889950281402216,0.590654708478578
T2_select_target,gpt2:llama8b,source_target_direction_dispersion_gap,6,0,0.4983403196616436,0.2,1.0889950281402216,0.590654708478578
T2_select_target,gpt2:llama8b,diagnostic_source_direction_entropy_mean,6,0,0.4983403196616436,0.27774602993176545,1.0889950281402216,0.590654708478578
T2_select_target,gpt2:llama8b,diagnostic_target_direction_entropy,6,0,0.4983403196616436,0.08571428571428572,1.0889950281402216,0.590654708478578
T2_select_target,gpt2:llama8b,diagnostic_source_direction_std_mean,6,0,0.4983403196616436,-0.09258200997725516,1.0889950281402216,0.590654708478578
T2_select_target,gpt2:llama8b,_z_target_hidden_size,6,0,0.4983403196616436,0.7247137945655605,1.0889950281402216,0.590654708478578
T2_select_target,gpt2:llama8b,_z_prior_target_param_b,6,0,0.4983403196616436,0.5590653920196746,1.0889950281402216,0.590654708478578
T2_select_target,gpt2:llama8b,_z_log_param_ratio,6,0,0.4983403196616436,0.5590653920196746,1.0889950281402216,0.590654708478578
T2_select_target,gpt2:llama8b,_z_neg_direction_rmse,6,1,0.0,0.2,1.0889950281402216,1.0889950281402216
T2_select_target,gpt2:llama8b,_z_neg_anchor_js,6,0,0.4983403196616436,0.08571428571428572,1.0889950281402216,0.590654708478578
T2_select_target,gpt2:llama8b,_z_neg_magnitude_rmse,6,0,1.0559674691624377,-0.2571428571428571,1.0889950281402216,0.03302755897778389
T2_select_target,gpt2:llama8b,_z_neg_subspace_residual,6,0,0.45939539320255296,-0.2,1.0889950281402216,0.6295996349376687
T2_select_target,gpt2:llama8b,_z_neg_pair_norm_direction_rmse,6,1,0.0,0.2,1.0889950281402216,1.0889950281402216
T2_select_target,gpt2:llama8b,_z_neg_target_readability_z2,6,1,0.0,0.2,1.0889950281402216,1.0889950281402216
T2_select_target,gpt2:llama8b,_z_neg_target_readability_tail,6,0,0.4983403196616436,0.14494275891311212,1.0889950281402216,0.590654708478578
T2_select_target,gpt2:llama8b,_z_neg_target_readability_ce,6,0,0.4983403196616436,0.08571428571428572,1.0889950281402216,0.590654708478578
T2_select_target,gpt2:llama8b,_z_neg_source_to_target_kl,6,0,0.4983403196616436,0.08571428571428572,1.0889950281402216,0.590654708478578
T2_select_target,gpt2:llama8b,_z_target_readability_energy,6,0,0.4983403196616436,0.08571428571428572,1.0889950281402216,0.590654708478578
T2_select_target,gpt2:llama8b,_z_top_anchor_overlap,6,1,0.0,0.8285714285714286,1.0889950281402216,1.0889950281402216
T2_select_target,gpt2:llama8b,_z_neg_direction_entropy_gap,6,0,0.4983403196616436,0.08571428571428572,1.0889950281402216,0.590654708478578
T2_select_target,gpt2:llama8b,_z_neg_direction_dispersion_gap,6,0,0.4983403196616436,0.2,1.0889950281402216,0.590654708478578
T2_select_target,gpt2:llama8b,_z_neg_source_native_nll,6,1,0.0,0.3142857142857143,1.0889950281402216,1.0889950281402216
T2_select_target,gpt2:llama8b,combined_hidden_direction_score,6,0,0.4983403196616436,0.37142857142857144,1.0889950281402216,0.590654708478578
T2_select_target,gpt2:llama8b,combined_hidden_js_score,6,0,0.4983403196616436,0.2,1.0889950281402216,0.590654708478578
T2_select_target,gpt2:llama8b,combined_hidden_source_quality_score,6,0,0.4983403196616436,0.6571428571428571,1.0889950281402216,0.590654708478578
T2_select_target,gpt2:llama8b,combined_param_direction_score,6,1,0.0,0.3142857142857143,1.0889950281402216,1.0889950281402216
T2_select_target,gpt2:llama8b,combined_ratio_direction_score,6,1,0.0,0.3142857142857143,1.0889950281402216,1.0889950281402216
T2_select_target,gpt2:llama8b,pair_geometry_compatibility_score,6,1,0.0,0.2,1.0889950281402216,1.0889950281402216
T2_select_target,gpt2:mistral7b,rel_direction_l1_to_target,6,1,0.0,0.02857142857142857,0.9912866264543321,0.9912866264543321
T2_select_target,gpt2:mistral7b,rel_direction_rmse_to_target,6,1,0.0,0.02857142857142857,0.9912866264543321,0.9912866264543321
T2_select_target,gpt2:mistral7b,rel_magnitude_l1_to_target,6,0,0.935979230539305,-0.6,0.9912866264543321,0.055307395915027105
T2_select_target,gpt2:mistral7b,rel_magnitude_rmse_to_target,6,0,0.935979230539305,-0.7714285714285715,0.9912866264543321,0.055307395915027105
T2_select_target,gpt2:mistral7b,memory_target_norm_gap,6,0,0.9586833539484884,-0.42857142857142855,0.9912866264543321,0.03260327250584376
T2_select_target,gpt2:mistral7b,anchor_direction_js_to_target,6,0,0.5959139798264514,-0.14285714285714285,0.9912866264543321,0.39537264662788063
T2_select_target,gpt2:mistral7b,target_direction_subspace_residual,6,0,0.39850914398033277,-0.02857142857142857,0.9912866264543321,0.5927774824739993
T2_select_target,gpt2:mistral7b,capacity_normalized_direction_rmse,6,1,0.0,0.02857142857142857,0.9912866264543321,0.9912866264543321
T2_select_target,gpt2:mistral7b,diagnostic_rel_direction_z2_mean,6,0,0.9586833539484884,-0.6571428571428571,0.9912866264543321,0.03260327250584376
T2_select_target,gpt2:mistral7b,diagnostic_rel_magnitude_z_abs_mean,6,1,0.0,0.4857142857142857,0.9912866264543321,0.9912866264543321
T2_select_target,gpt2:mistral7b,diagnostic_target_direction_std_mean,6,0,0.935979230539305,-0.42857142857142855,0.9912866264543321,0.055307395915027105
T2_select_target,gpt2:mistral7b,diagnostic_target_direction_std_min,6,0,0.935979230539305,-0.7714285714285715,0.9912866264543321,0.055307395915027105
T2_select_target,gpt2:mistral7b,diagnostic_target_magnitude_std_mean,6,1,0.0,0.4857142857142857,0.9912866264543321,0.9912866264543321
T2_select_target,gpt2:mistral7b,diagnostic_target_magnitude_std_min,6,1,0.0,0.4857142857142857,0.9912866264543321,0.9912866264543321
T2_select_target,gpt2:mistral7b,target_text_nll,6,1,0.0,-0.02857142857142857,0.9912866264543321,0.9912866264543321
T2_select_target,gpt2:mistral7b,source_native_nll,6,0,0.5321175792269162,0.7714285714285715,0.9912866264543321,0.4591690472274159
T2_select_target,gpt2:mistral7b,target_minus_source_nll,6,1,0.0,-0.02857142857142857,0.9912866264543321,0.9912866264543321
T2_select_target,gpt2:mistral7b,target_hidden_size,6,0,0.5959139798264514,0.5217939320872036,0.9912866264543321,0.39537264662788063
T2_select_target,gpt2:mistral7b,abs_log_hidden_ratio,6,0,0.5959139798264514,0.5217939320872036,0.9912866264543321,0.39537264662788063
T2_select_target,gpt2:mistral7b,prior_target_param_b,6,0,0.5959139798264514,0.20291986247835694,0.9912866264543321,0.39537264662788063
T2_select_target,gpt2:mistral7b,prior_log_param_ratio_target_over_source,6,0,0.5959139798264514,0.20291986247835694,0.9912866264543321,0.39537264662788063
T2_select_target,gpt2:mistral7b,prior_param_tier_jump,6,0,0.5321175792269162,-0.41403933560541256,0.9912866264543321,0.4591690472274159
T2_select_target,gpt2:mistral7b,pair_normalized_direction_rmse,6,1,0.0,0.02857142857142857,0.9912866264543321,0.9912866264543321
T2_select_target,gpt2:mistral7b,target_readability_z2_mean,6,0,0.9586833539484884,-0.6571428571428571,0.9912866264543321,0.03260327250584376
T2_select_target,gpt2:mistral7b,target_readability_tail_frac,6,0,0.935979230539305,-0.6377481392176932,0.9912866264543321,0.055307395915027105
T2_select_target,gpt2:mistral7b,target_readability_cross_entropy,6,0,0.5959139798264514,-0.14285714285714285,0.9912866264543321,0.39537264662788063
T2_select_target,gpt2:mistral7b,source_to_target_anchor_kl,6,0,0.5959139798264514,-0.14285714285714285,0.9912866264543321,0.39537264662788063
T2_select_target,gpt2:mistral7b,target_readability_energy,6,0,0.5959139798264514,0.6,0.9912866264543321,0.39537264662788063
T2_select_target,gpt2:mistral7b,source_target_top_anchor_overlap,6,1,0.0,0.6,0.9912866264543321,0.9912866264543321
T2_select_target,gpt2:mistral7b,source_target_direction_entropy_gap,6,1,0.0,0.02857142857142857,0.9912866264543321,0.9912866264543321
T2_select_target,gpt2:mistral7b,source_target_direction_dispersion_gap,6,0,0.5959139798264514,0.6,0.9912866264543321,0.39537264662788063
T2_select_target,gpt2:mistral7b,diagnostic_source_direction_entropy_mean,6,0,0.935979230539305,-0.29277002188455997,0.9912866264543321,0.055307395915027105
T2_select_target,gpt2:mistral7b,diagnostic_target_direction_entropy,6,0,0.5959139798264514,-0.14285714285714285,0.9912866264543321,0.39537264662788063
T2_select_target,gpt2:mistral7b,diagnostic_source_direction_std_mean,6,0,0.5321175792269162,0.29277002188455997,0.9912866264543321,0.4591690472274159
T2_select_target,gpt2:mistral7b,_z_target_hidden_size,6,0,0.5959139798264514,0.5217939320872036,0.9912866264543321,0.39537264662788063
T2_select_target,gpt2:mistral7b,_z_prior_target_param_b,6,0,0.5959139798264514,0.20291986247835694,0.9912866264543321,0.39537264662788063
T2_select_target,gpt2:mistral7b,_z_log_param_ratio,6,0,0.5959139798264514,0.20291986247835694,0.9912866264543321,0.39537264662788063
T2_select_target,gpt2:mistral7b,_z_neg_direction_rmse,6,1,0.0,0.02857142857142857,0.9912866264543321,0.9912866264543321
T2_select_target,gpt2:mistral7b,_z_neg_anchor_js,6,0,0.5959139798264514,-0.14285714285714285,0.9912866264543321,0.39537264662788063
T2_select_target,gpt2:mistral7b,_z_neg_magnitude_rmse,6,0,0.935979230539305,-0.7714285714285715,0.9912866264543321,0.055307395915027105
T2_select_target,gpt2:mistral7b,_z_neg_subspace_residual,6,0,0.39850914398033277,-0.02857142857142857,0.9912866264543321,0.5927774824739993
T2_select_target,gpt2:mistral7b,_z_neg_pair_norm_direction_rmse,6,1,0.0,0.02857142857142857,0.9912866264543321,0.9912866264543321
T2_select_target,gpt2:mistral7b,_z_neg_target_readability_z2,6,0,0.9586833539484884,-0.6571428571428571,0.9912866264543321,0.03260327250584376
T2_select_target,gpt2:mistral7b,_z_neg_target_readability_tail,6,0,0.935979230539305,-0.6377481392176932,0.9912866264543321,0.055307395915027105
T2_select_target,gpt2:mistral7b,_z_neg_target_readability_ce,6,0,0.5959139798264514,-0.14285714285714285,0.9912866264543321,0.39537264662788063
T2_select_target,gpt2:mistral7b,_z_neg_source_to_target_kl,6,0,0.5959139798264514,-0.14285714285714285,0.9912866264543321,0.39537264662788063
T2_select_target,gpt2:mistral7b,_z_target_readability_energy,6,0,0.5959139798264514,0.6,0.9912866264543321,0.39537264662788063
T2_select_target,gpt2:mistral7b,_z_top_anchor_overlap,6,1,0.0,0.6,0.9912866264543321,0.9912866264543321
T2_select_target,gpt2:mistral7b,_z_neg_direction_entropy_gap,6,1,0.0,0.02857142857142857,0.9912866264543321,0.9912866264543321
T2_select_target,gpt2:mistral7b,_z_neg_direction_dispersion_gap,6,0,0.5959139798264514,0.6,0.9912866264543321,0.39537264662788063
T2_select_target,gpt2:mistral7b,_z_neg_source_native_nll,6,0,0.5321175792269162,0.7714285714285715,0.9912866264543321,0.4591690472274159
T2_select_target,gpt2:mistral7b,combined_hidden_direction_score,6,0,0.5959139798264514,0.08571428571428572,0.9912866264543321,0.39537264662788063
T2_select_target,gpt2:mistral7b,combined_hidden_js_score,6,0,0.5959139798264514,0.42857142857142855,0.9912866264543321,0.39537264662788063
T2_select_target,gpt2:mistral7b,combined_hidden_source_quality_score,6,0,0.5959139798264514,0.6,0.9912866264543321,0.39537264662788063
T2_select_target,gpt2:mistral7b,combined_param_direction_score,6,0,0.5959139798264514,-0.08571428571428572,0.9912866264543321,0.39537264662788063
T2_select_target,gpt2:mistral7b,combined_ratio_direction_score,6,1,0.0,0.08571428571428572,0.9912866264543321,0.9912866264543321
T2_select_target,gpt2:mistral7b,pair_geometry_compatibility_score,6,1,0.0,0.02857142857142857,0.9912866264543321,0.9912866264543321
T2_select_target,gpt2:qwen1.5b,rel_direction_l1_to_target,6,1,0.0,0.7714285714285715,1.3605292380687983,1.3605292380687983
T2_select_target,gpt2:qwen1.5b,rel_direction_rmse_to_target,6,1,0.0,0.7714285714285715,1.3605292380687983,1.3605292380687983
T2_select_target,gpt2:qwen1.5b,rel_magnitude_l1_to_target,6,0,0.7092811195816159,-0.2571428571428571,1.3605292380687983,0.6512481184871824
T2_select_target,gpt2:qwen1.5b,rel_magnitude_rmse_to_target,6,0,0.7092811195816159,-0.2571428571428571,1.3605292380687983,0.6512481184871824
T2_select_target,gpt2:qwen1.5b,memory_target_norm_gap,6,0,0.7579507346237734,-0.6,1.3605292380687983,0.602578503445025
T2_select_target,gpt2:qwen1.5b,anchor_direction_js_to_target,6,1,0.0,0.7714285714285715,1.3605292380687983,1.3605292380687983
T2_select_target,gpt2:qwen1.5b,target_direction_subspace_residual,6,0,0.7579507346237734,-0.7714285714285715,1.3605292380687983,0.602578503445025
T2_select_target,gpt2:qwen1.5b,capacity_normalized_direction_rmse,6,1,0.0,0.7714285714285715,1.3605292380687983,1.3605292380687983
T2_select_target,gpt2:qwen1.5b,diagnostic_rel_direction_z2_mean,6,0,0.6917107417338567,-0.08571428571428572,1.3605292380687983,0.6688184963349416
T2_select_target,gpt2:qwen1.5b,diagnostic_rel_magnitude_z_abs_mean,6,1,0.0,0.42857142857142855,1.3605292380687983,1.3605292380687983
T2_select_target,gpt2:qwen1.5b,diagnostic_target_direction_std_mean,6,0,0.7764990801964994,-0.6571428571428571,1.3605292380687983,0.584030157872299
T2_select_target,gpt2:qwen1.5b,diagnostic_target_direction_std_min,6,0,1.2875833935226473,-0.8285714285714286,1.3605292380687983,0.07294584454615097
T2_select_target,gpt2:qwen1.5b,diagnostic_target_magnitude_std_mean,6,1,0.0,0.42857142857142855,1.3605292380687983,1.3605292380687983
T2_select_target,gpt2:qwen1.5b,diagnostic_target_magnitude_std_min,6,1,0.0,0.42857142857142855,1.3605292380687983,1.3605292380687983
T2_select_target,gpt2:qwen1.5b,target_text_nll,6,0,0.7092811195816159,0.42857142857142855,1.3605292380687983,0.6512481184871824
T2_select_target,gpt2:qwen1.5b,source_native_nll,6,0,0.7579507346237734,-0.3142857142857143,1.3605292380687983,0.602578503445025
T2_select_target,gpt2:qwen1.5b,target_minus_source_nll,6,0,0.7092811195816159,0.42857142857142855,1.3605292380687983,0.6512481184871824
T2_select_target,gpt2:qwen1.5b,target_hidden_size,6,0,0.6917107417338567,0.7944613465542745,1.3605292380687983,0.6688184963349416
T2_select_target,gpt2:qwen1.5b,abs_log_hidden_ratio,6,0,0.7764990801964994,-0.7944613465542745,1.3605292380687983,0.584030157872299
T2_select_target,gpt2:qwen1.5b,prior_same_model_family,6,0,1.2875833935226473,0.0,1.3605292380687983,0.07294584454615097
T2_select_target,gpt2:qwen1.5b,prior_cross_model_family,6,0,0.7764990801964994,0.0,1.3605292380687983,0.584030157872299
T2_select_target,gpt2:qwen1.5b,prior_target_param_b,6,0,0.6917107417338567,0.7944613465542745,1.3605292380687983,0.6688184963349416
T2_select_target,gpt2:qwen1.5b,prior_log_param_ratio_target_over_source,6,0,0.6917107417338567,0.7944613465542745,1.3605292380687983,0.6688184963349416
T2_select_target,gpt2:qwen1.5b,prior_param_tier_jump,6,0,0.6917107417338567,0.8783100656536799,1.3605292380687983,0.6688184963349416
T2_select_target,gpt2:qwen1.5b,pair_normalized_direction_rmse,6,1,0.0,0.7714285714285715,1.3605292380687983,1.3605292380687983
T2_select_target,gpt2:qwen1.5b,target_readability_z2_mean,6,0,0.6917107417338567,-0.08571428571428572,1.3605292380687983,0.6688184963349416
T2_select_target,gpt2:qwen1.5b,target_readability_tail_frac,6,0,0.6917107417338567,0.6,1.3605292380687983,0.6688184963349416
T2_select_target,gpt2:qwen1.5b,target_magnitude_tail_frac,6,1,0.0,0.6546536707079772,1.3605292380687983,1.3605292380687983
T2_select_target,gpt2:qwen1.5b,target_readability_cross_entropy,6,0,0.7092811195816159,0.6,1.3605292380687983,0.6512481184871824
T2_select_target,gpt2:qwen1.5b,source_to_target_anchor_kl,6,1,0.0,0.7714285714285715,1.3605292380687983,1.3605292380687983
T2_select_target,gpt2:qwen1.5b,target_readability_energy,6,0,0.7579507346237734,-0.7714285714285715,1.3605292380687983,0.602578503445025
T2_select_target,gpt2:qwen1.5b,source_target_top_anchor_overlap,6,0,0.7764990801964994,-0.6571428571428571,1.3605292380687983,0.584030157872299
T2_select_target,gpt2:qwen1.5b,source_target_direction_entropy_gap,6,0,0.6917107417338567,0.7142857142857143,1.3605292380687983,0.6688184963349416
T2_select_target,gpt2:qwen1.5b,source_target_direction_dispersion_gap,6,0,0.6917107417338567,0.6571428571428571,1.3605292380687983,0.6688184963349416
T2_select_target,gpt2:qwen1.5b,diagnostic_source_direction_entropy_mean,6,0,0.7764990801964994,-0.12344267996967354,1.3605292380687983,0.584030157872299
T2_select_target,gpt2:qwen1.5b,diagnostic_target_direction_entropy,6,0,0.7092811195816159,0.5428571428571428,1.3605292380687983,0.6512481184871824
T2_select_target,gpt2:qwen1.5b,diagnostic_source_direction_std_mean,6,0,1.2875833935226473,-0.06172133998483677,1.3605292380687983,0.07294584454615097
T2_select_target,gpt2:qwen1.5b,_z_target_hidden_size,6,0,0.6917107417338567,0.7944613465542745,1.3605292380687983,0.6688184963349416
T2_select_target,gpt2:qwen1.5b,_z_prior_target_param_b,6,0,0.6917107417338567,0.7944613465542745,1.3605292380687983,0.6688184963349416
T2_select_target,gpt2:qwen1.5b,_z_log_param_ratio,6,0,0.6917107417338567,0.7944613465542745,1.3605292380687983,0.6688184963349416
T2_select_target,gpt2:qwen1.5b,_z_neg_direction_rmse,6,1,0.0,0.7714285714285715,1.3605292380687983,1.3605292380687983
T2_select_target,gpt2:qwen1.5b,_z_neg_anchor_js,6,1,0.0,0.7714285714285715,1.3605292380687983,1.3605292380687983
T2_select_target,gpt2:qwen1.5b,_z_neg_magnitude_rmse,6,0,0.7092811195816159,-0.2571428571428571,1.3605292380687983,0.6512481184871824
T2_select_target,gpt2:qwen1.5b,_z_neg_subspace_residual,6,0,0.7579507346237734,-0.7714285714285715,1.3605292380687983,0.602578503445025
T2_select_target,gpt2:qwen1.5b,_z_neg_pair_norm_direction_rmse,6,1,0.0,0.7714285714285715,1.3605292380687983,1.3605292380687983
T2_select_target,gpt2:qwen1.5b,_z_neg_target_readability_z2,6,0,0.6917107417338567,-0.08571428571428572,1.3605292380687983,0.6688184963349416
T2_select_target,gpt2:qwen1.5b,_z_neg_target_readability_tail,6,0,0.6917107417338567,0.6,1.3605292380687983,0.6688184963349416
T2_select_target,gpt2:qwen1.5b,_z_neg_target_magnitude_tail,6,1,0.0,0.6546536707079772,1.3605292380687983,1.3605292380687983
T2_select_target,gpt2:qwen1.5b,_z_neg_target_readability_ce,6,0,0.7092811195816159,0.6,1.3605292380687983,0.6512481184871824
T2_select_target,gpt2:qwen1.5b,_z_neg_source_to_target_kl,6,1,0.0,0.7714285714285715,1.3605292380687983,1.3605292380687983
T2_select_target,gpt2:qwen1.5b,_z_target_readability_energy,6,0,0.7579507346237734,-0.7714285714285715,1.3605292380687983,0.602578503445025
T2_select_target,gpt2:qwen1.5b,_z_top_anchor_overlap,6,0,0.7764990801964994,-0.6571428571428571,1.3605292380687983,0.584030157872299
T2_select_target,gpt2:qwen1.5b,_z_neg_direction_entropy_gap,6,0,0.6917107417338567,0.7142857142857143,1.3605292380687983,0.6688184963349416
T2_select_target,gpt2:qwen1.5b,_z_neg_direction_dispersion_gap,6,0,0.6917107417338567,0.6571428571428571,1.3605292380687983,0.6688184963349416
T2_select_target,gpt2:qwen1.5b,_z_neg_source_native_nll,6,0,0.7579507346237734,-0.3142857142857143,1.3605292380687983,0.602578503445025
T2_select_target,gpt2:qwen1.5b,combined_hidden_direction_score,6,0,0.6917107417338567,0.6571428571428571,1.3605292380687983,0.6688184963349416
T2_select_target,gpt2:qwen1.5b,combined_hidden_js_score,6,0,0.6917107417338567,0.7714285714285715,1.3605292380687983,0.6688184963349416
T2_select_target,gpt2:qwen1.5b,combined_hidden_source_quality_score,6,0,0.7092811195816159,0.7142857142857143,1.3605292380687983,0.6512481184871824
T2_select_target,gpt2:qwen1.5b,combined_param_direction_score,6,0,0.6917107417338567,0.7714285714285715,1.3605292380687983,0.6688184963349416
T2_select_target,gpt2:qwen1.5b,combined_ratio_direction_score,6,0,0.6917107417338567,0.7714285714285715,1.3605292380687983,0.6688184963349416
T2_select_target,gpt2:qwen1.5b,pair_geometry_compatibility_score,6,1,0.0,0.37142857142857144,1.3605292380687983,1.3605292380687983
T2_select_target,gpt2:qwen3b,rel_direction_l1_to_target,6,1,0.0,0.7714285714285715,1.312350150165308,1.312350150165308
T2_select_target,gpt2:qwen3b,rel_direction_rmse_to_target,6,1,0.0,0.7714285714285715,1.312350150165308,1.312350150165308
T2_select_target,gpt2:qwen3b,rel_magnitude_l1_to_target,6,0,0.6339270724394048,-0.02857142857142857,1.312350150165308,0.6784230777259033
T2_select_target,gpt2:qwen3b,rel_magnitude_rmse_to_target,6,0,0.6339270724394048,-0.2571428571428571,1.312350150165308,0.6784230777259033
T2_select_target,gpt2:qwen3b,memory_target_norm_gap,6,0,0.7637336762261452,-0.6,1.312350150165308,0.5486164739391629
T2_select_target,gpt2:qwen3b,anchor_direction_js_to_target,6,0,0.6339270724394048,0.6571428571428571,1.312350150165308,0.6784230777259033
T2_select_target,gpt2:qwen3b,target_direction_subspace_residual,6,0,0.7637336762261452,-0.6,1.312350150165308,0.5486164739391629
T2_select_target,gpt2:qwen3b,capacity_normalized_direction_rmse,6,1,0.0,0.7714285714285715,1.312350150165308,1.312350150165308
T2_select_target,gpt2:qwen3b,diagnostic_rel_direction_z2_mean,6,0,0.7197305376581302,0.6,1.312350150165308,0.5926196125071779
T2_select_target,gpt2:qwen3b,diagnostic_rel_magnitude_z_abs_mean,6,1,0.0,0.6,1.312350150165308,1.312350150165308
T2_select_target,gpt2:qwen3b,diagnostic_target_direction_std_mean,6,0,1.2889361742875778,-0.7714285714285715,1.312350150165308,0.02341397587773037
T2_select_target,gpt2:qwen3b,diagnostic_target_direction_std_min,6,0,1.2166168181309565,-0.7142857142857143,1.312350150165308,0.09573333203435158
T2_select_target,gpt2:qwen3b,diagnostic_target_magnitude_std_mean,6,1,0.0,0.6,1.312350150165308,1.312350150165308
T2_select_target,gpt2:qwen3b,diagnostic_target_magnitude_std_min,6,1,0.0,0.6,1.312350150165308,1.312350150165308
T2_select_target,gpt2:qwen3b,target_text_nll,6,0,0.6339270724394048,0.8857142857142857,1.312350150165308,0.6784230777259033
T2_select_target,gpt2:qwen3b,source_native_nll,6,0,1.2889361742875778,-0.5428571428571428,1.312350150165308,0.02341397587773037
T2_select_target,gpt2:qwen3b,target_minus_source_nll,6,0,0.6339270724394048,0.8857142857142857,1.312350150165308,0.6784230777259033
T2_select_target,gpt2:qwen3b,target_hidden_size,6,0,0.7197305376581302,0.753702346348183,1.312350150165308,0.5926196125071779
T2_select_target,gpt2:qwen3b,abs_log_hidden_ratio,6,0,1.2889361742875778,-0.8116794499134278,1.312350150165308,0.02341397587773037
T2_select_target,gpt2:qwen3b,prior_same_model_family,6,0,1.2166168181309565,0.20701966780270628,1.312350150165308,0.09573333203435158
T2_select_target,gpt2:qwen3b,prior_cross_model_family,6,0,1.2889361742875778,-0.20701966780270628,1.312350150165308,0.02341397587773037
T2_select_target,gpt2:qwen3b,prior_target_param_b,6,0,0.7197305376581302,0.8116794499134278,1.312350150165308,0.5926196125071779
T2_select_target,gpt2:qwen3b,prior_log_param_ratio_target_over_source,6,0,0.7197305376581302,0.8116794499134278,1.312350150165308,0.5926196125071779
T2_select_target,gpt2:qwen3b,prior_param_tier_jump,6,0,0.7197305376581302,0.16903085094570333,1.312350150165308,0.5926196125071779
T2_select_target,gpt2:qwen3b,pair_normalized_direction_rmse,6,1,0.0,0.7714285714285715,1.312350150165308,1.312350150165308
T2_select_target,gpt2:qwen3b,target_readability_z2_mean,6,0,0.7197305376581302,0.6,1.312350150165308,0.5926196125071779
T2_select_target,gpt2:qwen3b,target_readability_tail_frac,6,0,0.7197305376581302,0.6,1.312350150165308,0.5926196125071779
T2_select_target,gpt2:qwen3b,target_magnitude_tail_frac,6,1,0.0,0.6546536707079772,1.312350150165308,1.312350150165308
T2_select_target,gpt2:qwen3b,target_readability_cross_entropy,6,0,0.6339270724394048,0.6571428571428571,1.312350150165308,0.6784230777259033
T2_select_target,gpt2:qwen3b,source_to_target_anchor_kl,6,0,0.6339270724394048,0.6571428571428571,1.312350150165308,0.6784230777259033
T2_select_target,gpt2:qwen3b,target_readability_energy,6,0,1.2166168181309565,-0.8857142857142857,1.312350150165308,0.09573333203435158
T2_select_target,gpt2:qwen3b,source_target_top_anchor_overlap,6,0,0.6339270724394048,0.08571428571428572,1.312350150165308,0.6784230777259033
T2_select_target,gpt2:qwen3b,source_target_direction_entropy_gap,6,0,0.6339270724394048,0.7714285714285715,1.312350150165308,0.6784230777259033
T2_select_target,gpt2:qwen3b,source_target_direction_dispersion_gap,6,0,0.6339270724394048,0.7714285714285715,1.312350150165308,0.6784230777259033
T2_select_target,gpt2:qwen3b,diagnostic_source_direction_entropy_mean,6,0,0.6339270724394048,0.5246313898711126,1.312350150165308,0.6784230777259033
T2_select_target,gpt2:qwen3b,diagnostic_target_direction_entropy,6,0,0.6339270724394048,0.6571428571428571,1.312350150165308,0.6784230777259033
T2_select_target,gpt2:qwen3b,diagnostic_source_direction_std_mean,6,0,1.2166168181309565,0.401188709901439,1.312350150165308,0.09573333203435158
T2_select_target,gpt2:qwen3b,_z_target_hidden_size,6,0,0.7197305376581302,0.753702346348183,1.312350150165308,0.5926196125071779
T2_select_target,gpt2:qwen3b,_z_prior_target_param_b,6,0,0.7197305376581302,0.8116794499134278,1.312350150165308,0.5926196125071779
T2_select_target,gpt2:qwen3b,_z_log_param_ratio,6,0,0.7197305376581302,0.8116794499134278,1.312350150165308,0.5926196125071779
T2_select_target,gpt2:qwen3b,_z_neg_direction_rmse,6,1,0.0,0.7714285714285715,1.312350150165308,1.312350150165308
T2_select_target,gpt2:qwen3b,_z_neg_anchor_js,6,0,0.6339270724394048,0.6571428571428571,1.312350150165308,0.6784230777259033
T2_select_target,gpt2:qwen3b,_z_neg_magnitude_rmse,6,0,0.6339270724394048,-0.2571428571428571,1.312350150165308,0.6784230777259033
T2_select_target,gpt2:qwen3b,_z_neg_subspace_residual,6,0,0.7637336762261452,-0.6,1.312350150165308,0.5486164739391629
T2_select_target,gpt2:qwen3b,_z_neg_pair_norm_direction_rmse,6,1,0.0,0.7714285714285715,1.312350150165308,1.312350150165308
T2_select_target,gpt2:qwen3b,_z_neg_target_readability_z2,6,0,0.7197305376581302,0.6,1.312350150165308,0.5926196125071779
T2_select_target,gpt2:qwen3b,_z_neg_target_readability_tail,6,0,0.7197305376581302,0.6,1.312350150165308,0.5926196125071779
T2_select_target,gpt2:qwen3b,_z_neg_target_magnitude_tail,6,1,0.0,0.6546536707079772,1.312350150165308,1.312350150165308
T2_select_target,gpt2:qwen3b,_z_neg_target_readability_ce,6,0,0.6339270724394048,0.6571428571428571,1.312350150165308,0.6784230777259033
T2_select_target,gpt2:qwen3b,_z_neg_source_to_target_kl,6,0,0.6339270724394048,0.6571428571428571,1.312350150165308,0.6784230777259033
T2_select_target,gpt2:qwen3b,_z_target_readability_energy,6,0,1.2166168181309565,-0.8857142857142857,1.312350150165308,0.09573333203435158
T2_select_target,gpt2:qwen3b,_z_top_anchor_overlap,6,0,0.6339270724394048,0.08571428571428572,1.312350150165308,0.6784230777259033
T2_select_target,gpt2:qwen3b,_z_neg_direction_entropy_gap,6,0,0.6339270724394048,0.7714285714285715,1.312350150165308,0.6784230777259033
T2_select_target,gpt2:qwen3b,_z_neg_direction_dispersion_gap,6,0,0.6339270724394048,0.7714285714285715,1.312350150165308,0.6784230777259033
T2_select_target,gpt2:qwen3b,_z_neg_source_native_nll,6,0,1.2889361742875778,-0.5428571428571428,1.312350150165308,0.02341397587773037
T2_select_target,gpt2:qwen3b,combined_hidden_direction_score,6,0,0.7197305376581302,0.7142857142857143,1.312350150165308,0.5926196125071779
T2_select_target,gpt2:qwen3b,combined_hidden_js_score,6,0,0.6339270724394048,0.7714285714285715,1.312350150165308,0.6784230777259033
T2_select_target,gpt2:qwen3b,combined_hidden_source_quality_score,6,0,0.7197305376581302,0.7142857142857143,1.312350150165308,0.5926196125071779
T2_select_target,gpt2:qwen3b,combined_param_direction_score,6,0,0.7197305376581302,0.7714285714285715,1.312350150165308,0.5926196125071779
T2_select_target,gpt2:qwen3b,combined_ratio_direction_score,6,1,0.0,0.8857142857142857,1.312350150165308,1.312350150165308
T2_select_target,gpt2:qwen3b,pair_geometry_compatibility_score,6,0,0.7197305376581302,0.6,1.312350150165308,0.5926196125071779
T2_select_target,gpt2:qwen7b,rel_direction_l1_to_target,6,1,0.0,0.42857142857142855,0.718140966300263,0.718140966300263
T2_select_target,gpt2:qwen7b,rel_direction_rmse_to_target,6,1,0.0,0.42857142857142855,0.718140966300263,0.718140966300263
T2_select_target,gpt2:qwen7b,rel_magnitude_l1_to_target,6,0,0.0006172111137816572,0.7142857142857143,0.718140966300263,0.7175237551864814
T2_select_target,gpt2:qwen7b,rel_magnitude_rmse_to_target,6,0,0.11470490239941078,0.5428571428571428,0.718140966300263,0.6034360639008522
T2_select_target,gpt2:qwen7b,memory_target_norm_gap,6,0,0.08953171337424837,-0.6,0.718140966300263,0.6286092529260147
T2_select_target,gpt2:qwen7b,anchor_direction_js_to_target,6,0,0.0006172111137816572,0.5428571428571428,0.718140966300263,0.7175237551864814
T2_select_target,gpt2:qwen7b,target_direction_subspace_residual,6,0,0.08953171337424837,-0.4857142857142857,0.718140966300263,0.6286092529260147
T2_select_target,gpt2:qwen7b,capacity_normalized_direction_rmse,6,1,0.0,0.42857142857142855,0.718140966300263,0.718140966300263
T2_select_target,gpt2:qwen7b,diagnostic_rel_direction_z2_mean,6,1,0.0,0.42857142857142855,0.718140966300263,0.718140966300263
T2_select_target,gpt2:qwen7b,diagnostic_rel_magnitude_z_abs_mean,6,0,0.657098714439099,-0.42857142857142855,0.718140966300263,0.061042251861164035
T2_select_target,gpt2:qwen7b,diagnostic_target_direction_std_mean,6,0,0.11470490239941078,-0.6,0.718140966300263,0.6034360639008522
T2_select_target,gpt2:qwen7b,diagnostic_target_direction_std_min,6,0,0.6399925998510134,-0.7714285714285715,0.718140966300263,0.0781483664492496
T2_select_target,gpt2:qwen7b,diagnostic_target_magnitude_std_mean,6,0,0.657098714439099,-0.42857142857142855,0.718140966300263,0.061042251861164035
T2_select_target,gpt2:qwen7b,diagnostic_target_magnitude_std_min,6,0,0.657098714439099,-0.42857142857142855,0.718140966300263,0.061042251861164035
T2_select_target,gpt2:qwen7b,target_text_nll,6,0,0.0006172111137816572,0.14285714285714285,0.718140966300263,0.7175237551864814
T2_select_target,gpt2:qwen7b,source_native_nll,6,0,0.657098714439099,-0.4857142857142857,0.718140966300263,0.061042251861164035
T2_select_target,gpt2:qwen7b,target_minus_source_nll,6,0,0.0006172111137816572,0.14285714285714285,0.718140966300263,0.7175237551864814
T2_select_target,gpt2:qwen7b,target_hidden_size,6,1,0.0,0.8827348295047495,0.718140966300263,0.718140966300263
T2_select_target,gpt2:qwen7b,abs_log_hidden_ratio,6,1,0.0,0.8827348295047495,0.718140966300263,0.718140966300263
T2_select_target,gpt2:qwen7b,prior_same_model_family,6,0,0.6399925998510134,-0.8280786712108251,0.718140966300263,0.0781483664492496
T2_select_target,gpt2:qwen7b,prior_cross_model_family,6,0,0.11470490239941078,0.8280786712108251,0.718140966300263,0.6034360639008522
T2_select_target,gpt2:qwen7b,prior_target_param_b,6,1,0.0,0.6957252427829381,0.718140966300263,0.718140966300263
T2_select_target,gpt2:qwen7b,prior_log_param_ratio_target_over_source,6,1,0.0,0.6957252427829381,0.718140966300263,0.718140966300263
T2_select_target,gpt2:qwen7b,prior_param_tier_jump,6,0,0.11470490239941078,-0.8280786712108251,0.718140966300263,0.6034360639008522
T2_select_target,gpt2:qwen7b,pair_normalized_direction_rmse,6,1,0.0,0.42857142857142855,0.718140966300263,0.718140966300263
T2_select_target,gpt2:qwen7b,target_readability_z2_mean,6,1,0.0,0.42857142857142855,0.718140966300263,0.718140966300263
T2_select_target,gpt2:qwen7b,target_readability_tail_frac,6,1,0.0,0.42857142857142855,0.718140966300263,0.718140966300263
T2_select_target,gpt2:qwen7b,target_readability_cross_entropy,6,1,0.0,0.6,0.718140966300263,0.718140966300263
T2_select_target,gpt2:qwen7b,source_to_target_anchor_kl,6,0,0.0006172111137816572,0.5428571428571428,0.718140966300263,0.7175237551864814
T2_select_target,gpt2:qwen7b,target_readability_energy,6,0,0.11470490239941078,0.42857142857142855,0.718140966300263,0.6034360639008522
T2_select_target,gpt2:qwen7b,source_target_top_anchor_overlap,6,0,0.08953171337424837,0.057977103565244846,0.718140966300263,0.6286092529260147
T2_select_target,gpt2:qwen7b,source_target_direction_entropy_gap,6,0,0.0006172111137816572,0.5428571428571428,0.718140966300263,0.7175237551864814
T2_select_target,gpt2:qwen7b,source_target_direction_dispersion_gap,6,1,0.0,0.6571428571428571,0.718140966300263,0.718140966300263
T2_select_target,gpt2:qwen7b,diagnostic_source_direction_entropy_mean,6,0,0.0006172111137816572,0.802377419802878,0.718140966300263,0.7175237551864814
T2_select_target,gpt2:qwen7b,diagnostic_target_direction_entropy,6,0,0.0006172111137816572,0.5428571428571428,0.718140966300263,0.7175237551864814
T2_select_target,gpt2:qwen7b,diagnostic_source_direction_std_mean,6,0,0.11470490239941078,0.6789347398332045,0.718140966300263,0.6034360639008522
T2_select_target,gpt2:qwen7b,_z_target_hidden_size,6,1,0.0,0.8827348295047495,0.718140966300263,0.718140966300263
T2_select_target,gpt2:qwen7b,_z_prior_target_param_b,6,1,0.0,0.6957252427829381,0.718140966300263,0.718140966300263
T2_select_target,gpt2:qwen7b,_z_log_param_ratio,6,1,0.0,0.6957252427829381,0.718140966300263,0.718140966300263
T2_select_target,gpt2:qwen7b,_z_neg_direction_rmse,6,1,0.0,0.42857142857142855,0.718140966300263,0.718140966300263
T2_select_target,gpt2:qwen7b,_z_neg_anchor_js,6,0,0.0006172111137816572,0.5428571428571428,0.718140966300263,0.7175237551864814
T2_select_target,gpt2:qwen7b,_z_neg_magnitude_rmse,6,0,0.11470490239941078,0.5428571428571428,0.718140966300263,0.6034360639008522
T2_select_target,gpt2:qwen7b,_z_neg_subspace_residual,6,0,0.08953171337424837,-0.4857142857142857,0.718140966300263,0.6286092529260147
T2_select_target,gpt2:qwen7b,_z_neg_pair_norm_direction_rmse,6,1,0.0,0.42857142857142855,0.718140966300263,0.718140966300263
T2_select_target,gpt2:qwen7b,_z_neg_target_readability_z2,6,1,0.0,0.42857142857142855,0.718140966300263,0.718140966300263
T2_select_target,gpt2:qwen7b,_z_neg_target_readability_tail,6,1,0.0,0.42857142857142855,0.718140966300263,0.718140966300263
T2_select_target,gpt2:qwen7b,_z_neg_target_readability_ce,6,1,0.0,0.6,0.718140966300263,0.718140966300263
T2_select_target,gpt2:qwen7b,_z_neg_source_to_target_kl,6,0,0.0006172111137816572,0.5428571428571428,0.718140966300263,0.7175237551864814
T2_select_target,gpt2:qwen7b,_z_target_readability_energy,6,0,0.11470490239941078,0.42857142857142855,0.718140966300263,0.6034360639008522
T2_select_target,gpt2:qwen7b,_z_top_anchor_overlap,6,0,0.08953171337424837,0.057977103565244846,0.718140966300263,0.6286092529260147
T2_select_target,gpt2:qwen7b,_z_neg_direction_entropy_gap,6,0,0.0006172111137816572,0.5428571428571428,0.718140966300263,0.7175237551864814
T2_select_target,gpt2:qwen7b,_z_neg_direction_dispersion_gap,6,1,0.0,0.6571428571428571,0.718140966300263,0.718140966300263
T2_select_target,gpt2:qwen7b,_z_neg_source_native_nll,6,0,0.657098714439099,-0.4857142857142857,0.718140966300263,0.061042251861164035
T2_select_target,gpt2:qwen7b,combined_hidden_direction_score,6,1,0.0,0.6571428571428571,0.718140966300263,0.718140966300263
T2_select_target,gpt2:qwen7b,combined_hidden_js_score,6,0,0.0006172111137816572,0.7714285714285715,0.718140966300263,0.7175237551864814
T2_select_target,gpt2:qwen7b,combined_hidden_source_quality_score,6,1,0.0,0.8285714285714286,0.718140966300263,0.718140966300263
T2_select_target,gpt2:qwen7b,combined_param_direction_score,6,1,0.0,0.4857142857142857,0.718140966300263,0.718140966300263
T2_select_target,gpt2:qwen7b,combined_ratio_direction_score,6,1,0.0,0.4857142857142857,0.718140966300263,0.718140966300263
T2_select_target,gpt2:qwen7b,pair_geometry_compatibility_score,6,0,0.0006172111137816572,0.42857142857142855,0.718140966300263,0.7175237551864814
T2_select_target,llama1b:llama1b,rel_direction_l1_to_target,6,0,0.17421235273979885,0.5428571428571428,1.0055822676583341,0.8313699149185353
T2_select_target,llama1b:llama1b,rel_direction_rmse_to_target,6,0,0.17421235273979885,0.5428571428571428,1.0055822676583341,0.8313699149185353
T2_select_target,llama1b:llama1b,rel_magnitude_l1_to_target,6,0,0.4527687027213869,-0.6,1.0055822676583341,0.5528135649369472
T2_select_target,llama1b:llama1b,rel_magnitude_rmse_to_target,6,0,0.4527687027213869,-0.7714285714285715,1.0055822676583341,0.5528135649369472
T2_select_target,llama1b:llama1b,memory_target_norm_gap,6,0,0.9834540150120488,-0.5428571428571428,1.0055822676583341,0.022128252646285367
T2_select_target,llama1b:llama1b,anchor_direction_js_to_target,6,0,0.4527687027213869,0.3142857142857143,1.0055822676583341,0.5528135649369472
T2_select_target,llama1b:llama1b,target_direction_subspace_residual,6,0,0.42778934866758533,-0.6,1.0055822676583341,0.5777929189907488
T2_select_target,llama1b:llama1b,capacity_normalized_direction_rmse,6,0,0.17421235273979885,0.5428571428571428,1.0055822676583341,0.8313699149185353
T2_select_target,llama1b:llama1b,diagnostic_rel_direction_z2_mean,6,0,0.17421235273979885,0.37142857142857144,1.0055822676583341,0.8313699149185353
T2_select_target,llama1b:llama1b,diagnostic_rel_magnitude_z_abs_mean,6,1,0.0,0.9428571428571428,1.0055822676583341,1.0055822676583341
T2_select_target,llama1b:llama1b,diagnostic_target_direction_std_mean,6,0,0.42778934866758533,-0.4857142857142857,1.0055822676583341,0.5777929189907488
T2_select_target,llama1b:llama1b,diagnostic_target_direction_std_min,6,0,0.17421235273979885,-0.37142857142857144,1.0055822676583341,0.8313699149185353
T2_select_target,llama1b:llama1b,diagnostic_target_magnitude_std_mean,6,1,0.0,0.9428571428571428,1.0055822676583341,1.0055822676583341
T2_select_target,llama1b:llama1b,diagnostic_target_magnitude_std_min,6,1,0.0,0.9428571428571428,1.0055822676583341,1.0055822676583341
T2_select_target,llama1b:llama1b,target_text_nll,6,0,0.4527687027213869,-0.02857142857142857,1.0055822676583341,0.5528135649369472
T2_select_target,llama1b:llama1b,target_minus_source_nll,6,0,0.4527687027213869,-0.02857142857142857,1.0055822676583341,0.5528135649369472
T2_select_target,llama1b:llama1b,target_hidden_size,6,1,0.0,0.6957252427829381,1.0055822676583341,1.0055822676583341
T2_select_target,llama1b:llama1b,abs_log_hidden_ratio,6,0,0.9834540150120488,-0.753702346348183,1.0055822676583341,0.022128252646285367
T2_select_target,llama1b:llama1b,prior_same_model_family,6,0,0.42778934866758533,0.6210590034081188,1.0055822676583341,0.5777929189907488
T2_select_target,llama1b:llama1b,prior_cross_model_family,6,0,0.4527687027213869,-0.6210590034081188,1.0055822676583341,0.5528135649369472
T2_select_target,llama1b:llama1b,prior_target_param_b,6,1,0.0,0.7650368522374495,1.0055822676583341,1.0055822676583341
T2_select_target,llama1b:llama1b,prior_log_param_ratio_target_over_source,6,1,0.0,0.7650368522374495,1.0055822676583341,1.0055822676583341
T2_select_target,llama1b:llama1b,prior_param_tier_jump,6,0,0.42778934866758533,0.3927922024247863,1.0055822676583341,0.5777929189907488
T2_select_target,llama1b:llama1b,pair_normalized_direction_rmse,6,0,0.17421235273979885,0.5428571428571428,1.0055822676583341,0.8313699149185353
T2_select_target,llama1b:llama1b,target_readability_z2_mean,6,0,0.17421235273979885,0.37142857142857144,1.0055822676583341,0.8313699149185353
T2_select_target,llama1b:llama1b,target_readability_tail_frac,6,0,0.17421235273979885,0.5428571428571428,1.0055822676583341,0.8313699149185353
T2_select_target,llama1b:llama1b,target_readability_cross_entropy,6,0,0.4527687027213869,0.3142857142857143,1.0055822676583341,0.5528135649369472
T2_select_target,llama1b:llama1b,source_to_target_anchor_kl,6,0,0.4527687027213869,0.3142857142857143,1.0055822676583341,0.5528135649369472
T2_select_target,llama1b:llama1b,target_readability_energy,6,0,0.4527687027213869,0.6,1.0055822676583341,0.5528135649369472
T2_select_target,llama1b:llama1b,source_target_top_anchor_overlap,6,1,0.0,-0.02857142857142857,1.0055822676583341,1.0055822676583341
T2_select_target,llama1b:llama1b,source_target_direction_entropy_gap,6,0,0.9834540150120488,-0.2571428571428571,1.0055822676583341,0.022128252646285367
T2_select_target,llama1b:llama1b,source_target_direction_dispersion_gap,6,1,0.0,0.4857142857142857,1.0055822676583341,1.0055822676583341
T2_select_target,llama1b:llama1b,diagnostic_source_direction_entropy_mean,6,0,0.42778934866758533,0.5161002296110788,1.0055822676583341,0.5777929189907488
T2_select_target,llama1b:llama1b,diagnostic_target_direction_entropy,6,1,0.0,0.4857142857142857,1.0055822676583341,1.0055822676583341
T2_select_target,llama1b:llama1b,diagnostic_source_direction_std_mean,6,0,0.9700703401257635,-0.5161002296110788,1.0055822676583341,0.035511927532570646
T2_select_target,llama1b:llama1b,_z_target_hidden_size,6,1,0.0,0.6957252427829381,1.0055822676583341,1.0055822676583341
T2_select_target,llama1b:llama1b,_z_prior_target_param_b,6,1,0.0,0.7650368522374495,1.0055822676583341,1.0055822676583341
T2_select_target,llama1b:llama1b,_z_log_param_ratio,6,1,0.0,0.7650368522374495,1.0055822676583341,1.0055822676583341
T2_select_target,llama1b:llama1b,_z_neg_direction_rmse,6,0,0.17421235273979885,0.5428571428571428,1.0055822676583341,0.8313699149185353
T2_select_target,llama1b:llama1b,_z_neg_anchor_js,6,0,0.4527687027213869,0.3142857142857143,1.0055822676583341,0.5528135649369472
T2_select_target,llama1b:llama1b,_z_neg_magnitude_rmse,6,0,0.4527687027213869,-0.7714285714285715,1.0055822676583341,0.5528135649369472
T2_select_target,llama1b:llama1b,_z_neg_subspace_residual,6,0,0.42778934866758533,-0.6,1.0055822676583341,0.5777929189907488
T2_select_target,llama1b:llama1b,_z_neg_pair_norm_direction_rmse,6,0,0.17421235273979885,0.5428571428571428,1.0055822676583341,0.8313699149185353
T2_select_target,llama1b:llama1b,_z_neg_target_readability_z2,6,0,0.17421235273979885,0.37142857142857144,1.0055822676583341,0.8313699149185353
T2_select_target,llama1b:llama1b,_z_neg_target_readability_tail,6,0,0.17421235273979885,0.5428571428571428,1.0055822676583341,0.8313699149185353
T2_select_target,llama1b:llama1b,_z_neg_target_readability_ce,6,0,0.4527687027213869,0.3142857142857143,1.0055822676583341,0.5528135649369472
T2_select_target,llama1b:llama1b,_z_neg_source_to_target_kl,6,0,0.4527687027213869,0.3142857142857143,1.0055822676583341,0.5528135649369472
T2_select_target,llama1b:llama1b,_z_target_readability_energy,6,0,0.4527687027213869,0.6,1.0055822676583341,0.5528135649369472
T2_select_target,llama1b:llama1b,_z_top_anchor_overlap,6,1,0.0,-0.02857142857142857,1.0055822676583341,1.0055822676583341
T2_select_target,llama1b:llama1b,_z_neg_direction_entropy_gap,6,0,0.9834540150120488,-0.2571428571428571,1.0055822676583341,0.022128252646285367
T2_select_target,llama1b:llama1b,_z_neg_direction_dispersion_gap,6,1,0.0,0.4857142857142857,1.0055822676583341,1.0055822676583341
T2_select_target,llama1b:llama1b,combined_hidden_direction_score,6,1,0.0,0.6,1.0055822676583341,1.0055822676583341
T2_select_target,llama1b:llama1b,combined_hidden_js_score,6,0,0.4527687027213869,0.42857142857142855,1.0055822676583341,0.5528135649369472
T2_select_target,llama1b:llama1b,combined_hidden_source_quality_score,6,1,0.0,0.6957252427829381,1.0055822676583341,1.0055822676583341
T2_select_target,llama1b:llama1b,combined_param_direction_score,6,1,0.0,0.6,1.0055822676583341,1.0055822676583341
T2_select_target,llama1b:llama1b,combined_ratio_direction_score,6,1,0.0,0.6,1.0055822676583341,1.0055822676583341
T2_select_target,llama1b:llama1b,pair_geometry_compatibility_score,6,1,0.0,0.4857142857142857,1.0055822676583341,1.0055822676583341
T2_select_target,llama1b:llama3b,rel_direction_l1_to_target,6,0,0.37272785654485807,0.7142857142857143,1.0722146120820424,0.6994867555371843
T2_select_target,llama1b:llama3b,rel_direction_rmse_to_target,6,0,0.37272785654485807,0.7142857142857143,1.0722146120820424,0.6994867555371843
T2_select_target,llama1b:llama3b,rel_magnitude_l1_to_target,6,0,0.5591375822010839,-0.37142857142857144,1.0722146120820424,0.5130770298809585
T2_select_target,llama1b:llama3b,rel_magnitude_rmse_to_target,6,0,0.5591375822010839,-0.5428571428571428,1.0722146120820424,0.5130770298809585
T2_select_target,llama1b:llama3b,memory_target_norm_gap,6,0,1.0646186752300495,-0.8285714285714286,1.0722146120820424,0.007595936851992831
T2_select_target,llama1b:llama3b,anchor_direction_js_to_target,6,0,0.5591375822010839,0.6,1.0722146120820424,0.5130770298809585
T2_select_target,llama1b:llama3b,target_direction_subspace_residual,6,0,0.7766262846510279,-0.7142857142857143,1.0722146120820424,0.29558832743101443
T2_select_target,llama1b:llama3b,capacity_normalized_direction_rmse,6,0,0.37272785654485807,0.7142857142857143,1.0722146120820424,0.6994867555371843
T2_select_target,llama1b:llama3b,diagnostic_rel_direction_z2_mean,6,0,0.37272785654485807,0.3142857142857143,1.0722146120820424,0.6994867555371843
T2_select_target,llama1b:llama3b,diagnostic_rel_magnitude_z_abs_mean,6,1,0.0,1.0,1.0722146120820424,1.0722146120820424
T2_select_target,llama1b:llama3b,diagnostic_target_direction_std_mean,6,0,0.7766262846510279,-0.7142857142857143,1.0722146120820424,0.29558832743101443
T2_select_target,llama1b:llama3b,diagnostic_target_direction_std_min,6,0,0.37272785654485807,-0.37142857142857144,1.0722146120820424,0.6994867555371843
T2_select_target,llama1b:llama3b,diagnostic_target_magnitude_std_mean,6,1,0.0,1.0,1.0722146120820424,1.0722146120820424
T2_select_target,llama1b:llama3b,diagnostic_target_magnitude_std_min,6,1,0.0,1.0,1.0722146120820424,1.0722146120820424
T2_select_target,llama1b:llama3b,target_text_nll,6,0,0.5591375822010839,0.2571428571428571,1.0722146120820424,0.5130770298809585
T2_select_target,llama1b:llama3b,target_minus_source_nll,6,0,0.5591375822010839,0.2571428571428571,1.0722146120820424,0.5130770298809585
T2_select_target,llama1b:llama3b,target_hidden_size,6,1,0.0,0.7944613465542745,1.0722146120820424,1.0722146120820424
T2_select_target,llama1b:llama3b,abs_log_hidden_ratio,6,0,0.37272785654485807,0.7944613465542745,1.0722146120820424,0.6994867555371843
T2_select_target,llama1b:llama3b,prior_same_model_family,6,0,0.7766262846510279,0.41403933560541256,1.0722146120820424,0.29558832743101443
T2_select_target,llama1b:llama3b,prior_cross_model_family,6,0,0.5591375822010839,-0.41403933560541256,1.0722146120820424,0.5130770298809585
T2_select_target,llama1b:llama3b,prior_target_param_b,6,1,0.0,0.753702346348183,1.0722146120820424,1.0722146120820424
T2_select_target,llama1b:llama3b,prior_log_param_ratio_target_over_source,6,1,0.0,0.753702346348183,1.0722146120820424,1.0722146120820424
T2_select_target,llama1b:llama3b,prior_param_tier_jump,6,1,0.0,0.8451542547285166,1.0722146120820424,1.0722146120820424
T2_select_target,llama1b:llama3b,pair_normalized_direction_rmse,6,0,0.37272785654485807,0.7142857142857143,1.0722146120820424,0.6994867555371843
T2_select_target,llama1b:llama3b,target_readability_z2_mean,6,0,0.37272785654485807,0.3142857142857143,1.0722146120820424,0.6994867555371843
T2_select_target,llama1b:llama3b,target_readability_tail_frac,6,0,0.37272785654485807,0.6,1.0722146120820424,0.6994867555371843
T2_select_target,llama1b:llama3b,target_readability_cross_entropy,6,0,0.5591375822010839,0.6,1.0722146120820424,0.5130770298809585
T2_select_target,llama1b:llama3b,source_to_target_anchor_kl,6,0,0.5591375822010839,0.6,1.0722146120820424,0.5130770298809585
T2_select_target,llama1b:llama3b,target_readability_energy,6,0,0.7766262846510279,-0.7714285714285715,1.0722146120820424,0.29558832743101443
T2_select_target,llama1b:llama3b,source_target_top_anchor_overlap,6,0,0.7766262846510279,-0.42857142857142855,1.0722146120820424,0.29558832743101443
T2_select_target,llama1b:llama3b,source_target_direction_entropy_gap,6,0,0.37272785654485807,0.7142857142857143,1.0722146120820424,0.6994867555371843
T2_select_target,llama1b:llama3b,source_target_direction_dispersion_gap,6,1,0.0,0.7142857142857143,1.0722146120820424,1.0722146120820424
T2_select_target,llama1b:llama3b,diagnostic_source_direction_entropy_mean,6,0,0.7766262846510279,0.15179418517972906,1.0722146120820424,0.29558832743101443
T2_select_target,llama1b:llama3b,diagnostic_target_direction_entropy,6,1,0.0,0.7142857142857143,1.0722146120820424,1.0722146120820424
T2_select_target,llama1b:llama3b,diagnostic_source_direction_std_mean,6,0,0.5591375822010839,-0.2732295333235123,1.0722146120820424,0.5130770298809585
T2_select_target,llama1b:llama3b,_z_target_hidden_size,6,1,0.0,0.7944613465542745,1.0722146120820424,1.0722146120820424
T2_select_target,llama1b:llama3b,_z_prior_target_param_b,6,1,0.0,0.753702346348183,1.0722146120820424,1.0722146120820424
T2_select_target,llama1b:llama3b,_z_log_param_ratio,6,1,0.0,0.753702346348183,1.0722146120820424,1.0722146120820424
T2_select_target,llama1b:llama3b,_z_neg_direction_rmse,6,0,0.37272785654485807,0.7142857142857143,1.0722146120820424,0.6994867555371843
T2_select_target,llama1b:llama3b,_z_neg_anchor_js,6,0,0.5591375822010839,0.6,1.0722146120820424,0.5130770298809585
T2_select_target,llama1b:llama3b,_z_neg_magnitude_rmse,6,0,0.5591375822010839,-0.5428571428571428,1.0722146120820424,0.5130770298809585
T2_select_target,llama1b:llama3b,_z_neg_subspace_residual,6,0,0.7766262846510279,-0.7142857142857143,1.0722146120820424,0.29558832743101443
T2_select_target,llama1b:llama3b,_z_neg_pair_norm_direction_rmse,6,0,0.37272785654485807,0.7142857142857143,1.0722146120820424,0.6994867555371843
T2_select_target,llama1b:llama3b,_z_neg_target_readability_z2,6,0,0.37272785654485807,0.3142857142857143,1.0722146120820424,0.6994867555371843
T2_select_target,llama1b:llama3b,_z_neg_target_readability_tail,6,0,0.37272785654485807,0.6,1.0722146120820424,0.6994867555371843
T2_select_target,llama1b:llama3b,_z_neg_target_readability_ce,6,0,0.5591375822010839,0.6,1.0722146120820424,0.5130770298809585
T2_select_target,llama1b:llama3b,_z_neg_source_to_target_kl,6,0,0.5591375822010839,0.6,1.0722146120820424,0.5130770298809585
T2_select_target,llama1b:llama3b,_z_target_readability_energy,6,0,0.7766262846510279,-0.7714285714285715,1.0722146120820424,0.29558832743101443
T2_select_target,llama1b:llama3b,_z_top_anchor_overlap,6,0,0.7766262846510279,-0.42857142857142855,1.0722146120820424,0.29558832743101443
T2_select_target,llama1b:llama3b,_z_neg_direction_entropy_gap,6,0,0.37272785654485807,0.7142857142857143,1.0722146120820424,0.6994867555371843
T2_select_target,llama1b:llama3b,_z_neg_direction_dispersion_gap,6,1,0.0,0.7142857142857143,1.0722146120820424,1.0722146120820424
T2_select_target,llama1b:llama3b,combined_hidden_direction_score,6,1,0.0,0.7142857142857143,1.0722146120820424,1.0722146120820424
T2_select_target,llama1b:llama3b,combined_hidden_js_score,6,0,0.5591375822010839,0.6,1.0722146120820424,0.5130770298809585
T2_select_target,llama1b:llama3b,combined_hidden_source_quality_score,6,1,0.0,0.7944613465542745,1.0722146120820424,1.0722146120820424
T2_select_target,llama1b:llama3b,combined_param_direction_score,6,1,0.0,0.7714285714285715,1.0722146120820424,1.0722146120820424
T2_select_target,llama1b:llama3b,combined_ratio_direction_score,6,1,0.0,0.7714285714285715,1.0722146120820424,1.0722146120820424
T2_select_target,llama1b:llama3b,pair_geometry_compatibility_score,6,0,0.5591375822010839,0.6,1.0722146120820424,0.5130770298809585
T2_select_target,llama1b:llama8b,rel_direction_l1_to_target,6,1,0.0,0.2,0.27634597499224967,0.27634597499224967
T2_select_target,llama1b:llama8b,rel_direction_rmse_to_target,6,1,0.0,0.2,0.27634597499224967,0.27634597499224967
T2_select_target,llama1b:llama8b,rel_magnitude_l1_to_target,6,0,0.2528542093805952,-0.2571428571428571,0.27634597499224967,0.023491765611654458
T2_select_target,llama1b:llama8b,rel_magnitude_rmse_to_target,6,0,0.2650809293572853,-0.4857142857142857,0.27634597499224967,0.011265045634964369
T2_select_target,llama1b:llama8b,memory_target_norm_gap,6,0,0.2650809293572853,-0.5428571428571428,0.27634597499224967,0.011265045634964369
T2_select_target,llama1b:llama8b,anchor_direction_js_to_target,6,0,0.06974912068963035,0.08571428571428572,0.27634597499224967,0.20659685430261931
T2_select_target,llama1b:llama8b,target_direction_subspace_residual,6,0,0.0019533398287104875,-0.2,0.27634597499224967,0.2743926351635392
T2_select_target,llama1b:llama8b,capacity_normalized_direction_rmse,6,1,0.0,0.2,0.27634597499224967,0.27634597499224967
T2_select_target,llama1b:llama8b,diagnostic_rel_direction_z2_mean,6,1,0.0,0.2,0.27634597499224967,0.27634597499224967
T2_select_target,llama1b:llama8b,diagnostic_rel_magnitude_z_abs_mean,6,1,0.0,0.9428571428571428,0.27634597499224967,0.27634597499224967
T2_select_target,llama1b:llama8b,diagnostic_target_direction_std_mean,6,0,0.09903922248090496,-0.2,0.27634597499224967,0.1773067525113447
T2_select_target,llama1b:llama8b,diagnostic_target_direction_std_min,6,1,0.0,-0.08571428571428572,0.27634597499224967,0.27634597499224967
T2_select_target,llama1b:llama8b,diagnostic_target_magnitude_std_mean,6,1,0.0,0.9428571428571428,0.27634597499224967,0.27634597499224967
T2_select_target,llama1b:llama8b,diagnostic_target_magnitude_std_min,6,1,0.0,0.9428571428571428,0.27634597499224967,0.27634597499224967
T2_select_target,llama1b:llama8b,target_text_nll,6,0,0.06974912068963035,0.2,0.27634597499224967,0.20659685430261931
T2_select_target,llama1b:llama8b,target_minus_source_nll,6,0,0.06974912068963035,0.2,0.27634597499224967,0.20659685430261931
T2_select_target,llama1b:llama8b,target_hidden_size,6,0,0.06974912068963035,0.7247137945655605,0.27634597499224967,0.20659685430261931
T2_select_target,llama1b:llama8b,abs_log_hidden_ratio,6,0,0.06974912068963035,0.7247137945655605,0.27634597499224967,0.20659685430261931
T2_select_target,llama1b:llama8b,prior_same_model_family,6,0,0.09903922248090496,0.20701966780270628,0.27634597499224967,0.1773067525113447
T2_select_target,llama1b:llama8b,prior_cross_model_family,6,0,0.06974912068963035,-0.20701966780270628,0.27634597499224967,0.20659685430261931
T2_select_target,llama1b:llama8b,prior_target_param_b,6,0,0.06974912068963035,0.5590653920196746,0.27634597499224967,0.20659685430261931
T2_select_target,llama1b:llama8b,prior_log_param_ratio_target_over_source,6,0,0.06974912068963035,0.5590653920196746,0.27634597499224967,0.20659685430261931
T2_select_target,llama1b:llama8b,prior_param_tier_jump,6,0,0.09903922248090496,-0.6210590034081188,0.27634597499224967,0.1773067525113447
T2_select_target,llama1b:llama8b,pair_normalized_direction_rmse,6,1,0.0,0.2,0.27634597499224967,0.27634597499224967
T2_select_target,llama1b:llama8b,target_readability_z2_mean,6,1,0.0,0.2,0.27634597499224967,0.27634597499224967
T2_select_target,llama1b:llama8b,target_readability_tail_frac,6,1,0.0,0.2,0.27634597499224967,0.27634597499224967
T2_select_target,llama1b:llama8b,target_readability_cross_entropy,6,0,0.06974912068963035,0.08571428571428572,0.27634597499224967,0.20659685430261931
T2_select_target,llama1b:llama8b,source_to_target_anchor_kl,6,0,0.06974912068963035,0.08571428571428572,0.27634597499224967,0.20659685430261931
T2_select_target,llama1b:llama8b,target_readability_energy,6,0,0.06974912068963035,0.08571428571428572,0.27634597499224967,0.20659685430261931
T2_select_target,llama1b:llama8b,source_target_top_anchor_overlap,6,1,0.0,0.42857142857142855,0.27634597499224967,0.27634597499224967
T2_select_target,llama1b:llama8b,source_target_direction_entropy_gap,6,0,0.06974912068963035,0.08571428571428572,0.27634597499224967,0.20659685430261931
T2_select_target,llama1b:llama8b,source_target_direction_dispersion_gap,6,0,0.06974912068963035,0.2,0.27634597499224967,0.20659685430261931
T2_select_target,llama1b:llama8b,diagnostic_source_direction_entropy_mean,6,0,0.06974912068963035,-0.09258200997725516,0.27634597499224967,0.20659685430261931
T2_select_target,llama1b:llama8b,diagnostic_target_direction_entropy,6,0,0.06974912068963035,0.08571428571428572,0.27634597499224967,0.20659685430261931
T2_select_target,llama1b:llama8b,diagnostic_source_direction_std_mean,6,0,0.2528542093805952,-0.27774602993176545,0.27634597499224967,0.023491765611654458
T2_select_target,llama1b:llama8b,_z_target_hidden_size,6,0,0.06974912068963035,0.7247137945655605,0.27634597499224967,0.20659685430261931
T2_select_target,llama1b:llama8b,_z_prior_target_param_b,6,0,0.06974912068963035,0.5590653920196746,0.27634597499224967,0.20659685430261931
T2_select_target,llama1b:llama8b,_z_log_param_ratio,6,0,0.06974912068963035,0.5590653920196746,0.27634597499224967,0.20659685430261931
T2_select_target,llama1b:llama8b,_z_neg_direction_rmse,6,1,0.0,0.2,0.27634597499224967,0.27634597499224967
T2_select_target,llama1b:llama8b,_z_neg_anchor_js,6,0,0.06974912068963035,0.08571428571428572,0.27634597499224967,0.20659685430261931
T2_select_target,llama1b:llama8b,_z_neg_magnitude_rmse,6,0,0.2650809293572853,-0.4857142857142857,0.27634597499224967,0.011265045634964369
T2_select_target,llama1b:llama8b,_z_neg_subspace_residual,6,0,0.0019533398287104875,-0.2,0.27634597499224967,0.2743926351635392
T2_select_target,llama1b:llama8b,_z_neg_pair_norm_direction_rmse,6,1,0.0,0.2,0.27634597499224967,0.27634597499224967
T2_select_target,llama1b:llama8b,_z_neg_target_readability_z2,6,1,0.0,0.2,0.27634597499224967,0.27634597499224967
T2_select_target,llama1b:llama8b,_z_neg_target_readability_tail,6,1,0.0,0.2,0.27634597499224967,0.27634597499224967
T2_select_target,llama1b:llama8b,_z_neg_target_readability_ce,6,0,0.06974912068963035,0.08571428571428572,0.27634597499224967,0.20659685430261931
T2_select_target,llama1b:llama8b,_z_neg_source_to_target_kl,6,0,0.06974912068963035,0.08571428571428572,0.27634597499224967,0.20659685430261931
T2_select_target,llama1b:llama8b,_z_target_readability_energy,6,0,0.06974912068963035,0.08571428571428572,0.27634597499224967,0.20659685430261931
T2_select_target,llama1b:llama8b,_z_top_anchor_overlap,6,1,0.0,0.42857142857142855,0.27634597499224967,0.27634597499224967
T2_select_target,llama1b:llama8b,_z_neg_direction_entropy_gap,6,0,0.06974912068963035,0.08571428571428572,0.27634597499224967,0.20659685430261931
T2_select_target,llama1b:llama8b,_z_neg_direction_dispersion_gap,6,0,0.06974912068963035,0.2,0.27634597499224967,0.20659685430261931
T2_select_target,llama1b:llama8b,combined_hidden_direction_score,6,0,0.06974912068963035,0.37142857142857144,0.27634597499224967,0.20659685430261931
T2_select_target,llama1b:llama8b,combined_hidden_js_score,6,0,0.06974912068963035,0.2,0.27634597499224967,0.20659685430261931
T2_select_target,llama1b:llama8b,combined_hidden_source_quality_score,6,0,0.06974912068963035,0.7247137945655605,0.27634597499224967,0.20659685430261931
T2_select_target,llama1b:llama8b,combined_param_direction_score,6,1,0.0,0.3142857142857143,0.27634597499224967,0.27634597499224967
T2_select_target,llama1b:llama8b,combined_ratio_direction_score,6,1,0.0,0.3142857142857143,0.27634597499224967,0.27634597499224967
T2_select_target,llama1b:llama8b,pair_geometry_compatibility_score,6,1,0.0,0.2,0.27634597499224967,0.27634597499224967
T2_select_target,llama1b:mistral7b,rel_direction_l1_to_target,6,0,0.45197007270685047,-0.14285714285714285,0.5044174565379276,0.052447383831077124
T2_select_target,llama1b:mistral7b,rel_direction_rmse_to_target,6,0,0.45197007270685047,-0.14285714285714285,0.5044174565379276,0.052447383831077124
T2_select_target,llama1b:mistral7b,rel_magnitude_l1_to_target,6,0,0.48408711862124587,-0.7714285714285715,0.5044174565379276,0.020330337916681703
T2_select_target,llama1b:mistral7b,rel_magnitude_rmse_to_target,6,0,0.48408711862124587,-0.5428571428571428,0.5044174565379276,0.020330337916681703
T2_select_target,llama1b:mistral7b,memory_target_norm_gap,6,0,0.48744698065587483,-0.6,0.5044174565379276,0.016970475882052735
T2_select_target,llama1b:mistral7b,anchor_direction_js_to_target,6,1,0.0,0.02857142857142857,0.5044174565379276,0.5044174565379276
T2_select_target,llama1b:mistral7b,target_direction_subspace_residual,6,0,0.0741653130217994,0.14285714285714285,0.5044174565379276,0.43025214351612817
T2_select_target,llama1b:mistral7b,capacity_normalized_direction_rmse,6,0,0.45197007270685047,-0.14285714285714285,0.5044174565379276,0.052447383831077124
T2_select_target,llama1b:mistral7b,diagnostic_rel_direction_z2_mean,6,0,0.48744698065587483,-0.8285714285714286,0.5044174565379276,0.016970475882052735
T2_select_target,llama1b:mistral7b,diagnostic_rel_magnitude_z_abs_mean,6,0,0.45197007270685047,0.3142857142857143,0.5044174565379276,0.052447383831077124
T2_select_target,llama1b:mistral7b,diagnostic_target_direction_std_mean,6,0,0.48408711862124587,-0.6,0.5044174565379276,0.020330337916681703
T2_select_target,llama1b:mistral7b,diagnostic_target_direction_std_min,6,0,0.48408711862124587,-0.6,0.5044174565379276,0.020330337916681703
T2_select_target,llama1b:mistral7b,diagnostic_target_magnitude_std_mean,6,0,0.45197007270685047,0.3142857142857143,0.5044174565379276,0.052447383831077124
T2_select_target,llama1b:mistral7b,diagnostic_target_magnitude_std_min,6,0,0.45197007270685047,0.3142857142857143,0.5044174565379276,0.052447383831077124
T2_select_target,llama1b:mistral7b,target_text_nll,6,0,0.45197007270685047,-0.37142857142857144,0.5044174565379276,0.052447383831077124
T2_select_target,llama1b:mistral7b,target_minus_source_nll,6,0,0.45197007270685047,-0.37142857142857144,0.5044174565379276,0.052447383831077124
T2_select_target,llama1b:mistral7b,target_hidden_size,6,1,0.0,0.6957252427829381,0.5044174565379276,0.5044174565379276
T2_select_target,llama1b:mistral7b,abs_log_hidden_ratio,6,1,0.0,0.6957252427829381,0.5044174565379276,0.5044174565379276
T2_select_target,llama1b:mistral7b,prior_target_param_b,6,1,0.0,0.3768511731740915,0.5044174565379276,0.5044174565379276
T2_select_target,llama1b:mistral7b,prior_log_param_ratio_target_over_source,6,1,0.0,0.3768511731740915,0.5044174565379276,0.5044174565379276
T2_select_target,llama1b:mistral7b,prior_param_tier_jump,6,0,0.2789841805868686,-0.41403933560541256,0.5044174565379276,0.225433275951059
T2_select_target,llama1b:mistral7b,pair_normalized_direction_rmse,6,0,0.45197007270685047,-0.14285714285714285,0.5044174565379276,0.052447383831077124
T2_select_target,llama1b:mistral7b,target_readability_z2_mean,6,0,0.48744698065587483,-0.8285714285714286,0.5044174565379276,0.016970475882052735
T2_select_target,llama1b:mistral7b,target_readability_tail_frac,6,0,0.48408711862124587,-0.8116794499134278,0.5044174565379276,0.020330337916681703
T2_select_target,llama1b:mistral7b,target_readability_cross_entropy,6,1,0.0,0.14285714285714285,0.5044174565379276,0.5044174565379276
T2_select_target,llama1b:mistral7b,source_to_target_anchor_kl,6,1,0.0,0.14285714285714285,0.5044174565379276,0.5044174565379276
T2_select_target,llama1b:mistral7b,target_readability_energy,6,0,0.0741653130217994,0.6,0.5044174565379276,0.43025214351612817
T2_select_target,llama1b:mistral7b,source_target_top_anchor_overlap,6,0,0.48408711862124587,-0.9428571428571428,0.5044174565379276,0.020330337916681703
T2_select_target,llama1b:mistral7b,source_target_direction_entropy_gap,6,0,0.45197007270685047,-0.14285714285714285,0.5044174565379276,0.052447383831077124
T2_select_target,llama1b:mistral7b,source_target_direction_dispersion_gap,6,1,0.0,0.6,0.5044174565379276,0.5044174565379276
T2_select_target,llama1b:mistral7b,diagnostic_source_direction_entropy_mean,6,0,0.48408711862124587,-0.8783100656536799,0.5044174565379276,0.020330337916681703
T2_select_target,llama1b:mistral7b,diagnostic_target_direction_entropy,6,1,0.0,0.02857142857142857,0.5044174565379276,0.5044174565379276
T2_select_target,llama1b:mistral7b,diagnostic_source_direction_std_mean,6,0,0.48408711862124587,-0.8783100656536799,0.5044174565379276,0.020330337916681703
T2_select_target,llama1b:mistral7b,_z_target_hidden_size,6,1,0.0,0.6957252427829381,0.5044174565379276,0.5044174565379276
T2_select_target,llama1b:mistral7b,_z_prior_target_param_b,6,1,0.0,0.3768511731740915,0.5044174565379276,0.5044174565379276
T2_select_target,llama1b:mistral7b,_z_log_param_ratio,6,1,0.0,0.3768511731740915,0.5044174565379276,0.5044174565379276
T2_select_target,llama1b:mistral7b,_z_neg_direction_rmse,6,0,0.45197007270685047,-0.14285714285714285,0.5044174565379276,0.052447383831077124
T2_select_target,llama1b:mistral7b,_z_neg_anchor_js,6,1,0.0,0.02857142857142857,0.5044174565379276,0.5044174565379276
T2_select_target,llama1b:mistral7b,_z_neg_magnitude_rmse,6,0,0.48408711862124587,-0.5428571428571428,0.5044174565379276,0.020330337916681703
T2_select_target,llama1b:mistral7b,_z_neg_subspace_residual,6,0,0.0741653130217994,0.14285714285714285,0.5044174565379276,0.43025214351612817
T2_select_target,llama1b:mistral7b,_z_neg_pair_norm_direction_rmse,6,0,0.45197007270685047,-0.14285714285714285,0.5044174565379276,0.052447383831077124
T2_select_target,llama1b:mistral7b,_z_neg_target_readability_z2,6,0,0.48744698065587483,-0.8285714285714286,0.5044174565379276,0.016970475882052735
T2_select_target,llama1b:mistral7b,_z_neg_target_readability_tail,6,0,0.48408711862124587,-0.8116794499134278,0.5044174565379276,0.020330337916681703
T2_select_target,llama1b:mistral7b,_z_neg_target_readability_ce,6,1,0.0,0.14285714285714285,0.5044174565379276,0.5044174565379276
T2_select_target,llama1b:mistral7b,_z_neg_source_to_target_kl,6,1,0.0,0.14285714285714285,0.5044174565379276,0.5044174565379276
T2_select_target,llama1b:mistral7b,_z_target_readability_energy,6,0,0.0741653130217994,0.6,0.5044174565379276,0.43025214351612817
T2_select_target,llama1b:mistral7b,_z_top_anchor_overlap,6,0,0.48408711862124587,-0.9428571428571428,0.5044174565379276,0.020330337916681703
T2_select_target,llama1b:mistral7b,_z_neg_direction_entropy_gap,6,0,0.45197007270685047,-0.14285714285714285,0.5044174565379276,0.052447383831077124
T2_select_target,llama1b:mistral7b,_z_neg_direction_dispersion_gap,6,1,0.0,0.6,0.5044174565379276,0.5044174565379276
T2_select_target,llama1b:mistral7b,combined_hidden_direction_score,6,1,0.0,0.2571428571428571,0.5044174565379276,0.5044174565379276
T2_select_target,llama1b:mistral7b,combined_hidden_js_score,6,1,0.0,0.6,0.5044174565379276,0.5044174565379276
T2_select_target,llama1b:mistral7b,combined_hidden_source_quality_score,6,1,0.0,0.6957252427829381,0.5044174565379276,0.5044174565379276
T2_select_target,llama1b:mistral7b,combined_param_direction_score,6,1,0.0,0.08571428571428572,0.5044174565379276,0.5044174565379276
T2_select_target,llama1b:mistral7b,combined_ratio_direction_score,6,0,0.45197007270685047,-0.08571428571428572,0.5044174565379276,0.052447383831077124
T2_select_target,llama1b:mistral7b,pair_geometry_compatibility_score,6,0,0.45197007270685047,-0.14285714285714285,0.5044174565379276,0.052447383831077124
T2_select_target,llama1b:qwen1.5b,rel_direction_l1_to_target,6,1,0.0,0.7714285714285715,1.059360683407392,1.059360683407392
T2_select_target,llama1b:qwen1.5b,rel_direction_rmse_to_target,6,1,0.0,0.7714285714285715,1.059360683407392,1.059360683407392
T2_select_target,llama1b:qwen1.5b,rel_magnitude_l1_to_target,6,0,0.5962923009057906,-0.02857142857142857,1.059360683407392,0.4630683825016016
T2_select_target,llama1b:qwen1.5b,rel_magnitude_rmse_to_target,6,0,0.5962923009057906,-0.2571428571428571,1.059360683407392,0.4630683825016016
T2_select_target,llama1b:qwen1.5b,memory_target_norm_gap,6,0,0.6327099855479458,-0.6,1.059360683407392,0.4266506978594463
T2_select_target,llama1b:qwen1.5b,anchor_direction_js_to_target,6,1,0.0,0.7142857142857143,1.059360683407392,1.059360683407392
T2_select_target,llama1b:qwen1.5b,target_direction_subspace_residual,6,0,0.6327099855479458,-0.7714285714285715,1.059360683407392,0.4266506978594463
T2_select_target,llama1b:qwen1.5b,capacity_normalized_direction_rmse,6,1,0.0,0.7714285714285715,1.059360683407392,1.059360683407392
T2_select_target,llama1b:qwen1.5b,diagnostic_rel_direction_z2_mean,6,0,0.2207683856864503,0.3142857142857143,1.059360683407392,0.8385922977209418
T2_select_target,llama1b:qwen1.5b,diagnostic_rel_magnitude_z_abs_mean,6,1,0.0,0.42857142857142855,1.059360683407392,1.059360683407392
T2_select_target,llama1b:qwen1.5b,diagnostic_target_direction_std_mean,6,0,0.7037327950253633,-0.6571428571428571,1.059360683407392,0.3556278883820287
T2_select_target,llama1b:qwen1.5b,diagnostic_target_direction_std_min,6,0,1.045796510457405,-0.8285714285714286,1.059360683407392,0.0135641729499872
T2_select_target,llama1b:qwen1.5b,diagnostic_target_magnitude_std_mean,6,1,0.0,0.42857142857142855,1.059360683407392,1.059360683407392
T2_select_target,llama1b:qwen1.5b,diagnostic_target_magnitude_std_min,6,1,0.0,0.42857142857142855,1.059360683407392,1.059360683407392
T2_select_target,llama1b:qwen1.5b,target_text_nll,6,0,0.5962923009057906,0.42857142857142855,1.059360683407392,0.4630683825016016
T2_select_target,llama1b:qwen1.5b,target_minus_source_nll,6,0,0.5962923009057906,0.42857142857142855,1.059360683407392,0.4630683825016016
T2_select_target,llama1b:qwen1.5b,target_hidden_size,6,0,0.2207683856864503,0.7944613465542745,1.059360683407392,0.8385922977209418
T2_select_target,llama1b:qwen1.5b,abs_log_hidden_ratio,6,0,0.7037327950253633,-0.7944613465542745,1.059360683407392,0.3556278883820287
T2_select_target,llama1b:qwen1.5b,prior_same_model_family,6,0,1.045796510457405,0.0,1.059360683407392,0.0135641729499872
T2_select_target,llama1b:qwen1.5b,prior_cross_model_family,6,0,0.7037327950253633,0.0,1.059360683407392,0.3556278883820287
T2_select_target,llama1b:qwen1.5b,prior_target_param_b,6,0,0.2207683856864503,0.7944613465542745,1.059360683407392,0.8385922977209418
T2_select_target,llama1b:qwen1.5b,prior_log_param_ratio_target_over_source,6,0,0.2207683856864503,0.7944613465542745,1.059360683407392,0.8385922977209418
T2_select_target,llama1b:qwen1.5b,prior_param_tier_jump,6,0,0.2207683856864503,0.8783100656536799,1.059360683407392,0.8385922977209418
T2_select_target,llama1b:qwen1.5b,pair_normalized_direction_rmse,6,1,0.0,0.7714285714285715,1.059360683407392,1.059360683407392
T2_select_target,llama1b:qwen1.5b,target_readability_z2_mean,6,0,0.2207683856864503,0.3142857142857143,1.059360683407392,0.8385922977209418
T2_select_target,llama1b:qwen1.5b,target_readability_tail_frac,6,0,0.2207683856864503,0.7142857142857143,1.059360683407392,0.8385922977209418
T2_select_target,llama1b:qwen1.5b,target_readability_cross_entropy,6,0,0.5962923009057906,0.5428571428571428,1.059360683407392,0.4630683825016016
T2_select_target,llama1b:qwen1.5b,source_to_target_anchor_kl,6,0,0.5962923009057906,0.6,1.059360683407392,0.4630683825016016
T2_select_target,llama1b:qwen1.5b,target_readability_energy,6,0,0.7037327950253633,-0.8285714285714286,1.059360683407392,0.3556278883820287
T2_select_target,llama1b:qwen1.5b,source_target_top_anchor_overlap,6,0,0.2207683856864503,-0.42857142857142855,1.059360683407392,0.8385922977209418
T2_select_target,llama1b:qwen1.5b,source_target_direction_entropy_gap,6,1,0.0,0.7714285714285715,1.059360683407392,1.059360683407392
T2_select_target,llama1b:qwen1.5b,source_target_direction_dispersion_gap,6,0,0.2207683856864503,0.6571428571428571,1.059360683407392,0.8385922977209418
T2_select_target,llama1b:qwen1.5b,diagnostic_source_direction_entropy_mean,6,0,1.045796510457405,-0.06172133998483677,1.059360683407392,0.0135641729499872
T2_select_target,llama1b:qwen1.5b,diagnostic_target_direction_entropy,6,0,0.5962923009057906,0.5428571428571428,1.059360683407392,0.4630683825016016
T2_select_target,llama1b:qwen1.5b,diagnostic_source_direction_std_mean,6,0,1.045796510457405,-0.06172133998483677,1.059360683407392,0.0135641729499872
T2_select_target,llama1b:qwen1.5b,_z_target_hidden_size,6,0,0.2207683856864503,0.7944613465542745,1.059360683407392,0.8385922977209418
T2_select_target,llama1b:qwen1.5b,_z_prior_target_param_b,6,0,0.2207683856864503,0.7944613465542745,1.059360683407392,0.8385922977209418
T2_select_target,llama1b:qwen1.5b,_z_log_param_ratio,6,0,0.2207683856864503,0.7944613465542745,1.059360683407392,0.8385922977209418
T2_select_target,llama1b:qwen1.5b,_z_neg_direction_rmse,6,1,0.0,0.7714285714285715,1.059360683407392,1.059360683407392
T2_select_target,llama1b:qwen1.5b,_z_neg_anchor_js,6,1,0.0,0.7142857142857143,1.059360683407392,1.059360683407392
T2_select_target,llama1b:qwen1.5b,_z_neg_magnitude_rmse,6,0,0.5962923009057906,-0.2571428571428571,1.059360683407392,0.4630683825016016
T2_select_target,llama1b:qwen1.5b,_z_neg_subspace_residual,6,0,0.6327099855479458,-0.7714285714285715,1.059360683407392,0.4266506978594463
T2_select_target,llama1b:qwen1.5b,_z_neg_pair_norm_direction_rmse,6,1,0.0,0.7714285714285715,1.059360683407392,1.059360683407392
T2_select_target,llama1b:qwen1.5b,_z_neg_target_readability_z2,6,0,0.2207683856864503,0.3142857142857143,1.059360683407392,0.8385922977209418
T2_select_target,llama1b:qwen1.5b,_z_neg_target_readability_tail,6,0,0.2207683856864503,0.7142857142857143,1.059360683407392,0.8385922977209418
T2_select_target,llama1b:qwen1.5b,_z_neg_target_readability_ce,6,0,0.5962923009057906,0.5428571428571428,1.059360683407392,0.4630683825016016
T2_select_target,llama1b:qwen1.5b,_z_neg_source_to_target_kl,6,0,0.5962923009057906,0.6,1.059360683407392,0.4630683825016016
T2_select_target,llama1b:qwen1.5b,_z_target_readability_energy,6,0,0.7037327950253633,-0.8285714285714286,1.059360683407392,0.3556278883820287
T2_select_target,llama1b:qwen1.5b,_z_top_anchor_overlap,6,0,0.2207683856864503,-0.42857142857142855,1.059360683407392,0.8385922977209418
T2_select_target,llama1b:qwen1.5b,_z_neg_direction_entropy_gap,6,1,0.0,0.7714285714285715,1.059360683407392,1.059360683407392
T2_select_target,llama1b:qwen1.5b,_z_neg_direction_dispersion_gap,6,0,0.2207683856864503,0.6571428571428571,1.059360683407392,0.8385922977209418
T2_select_target,llama1b:qwen1.5b,combined_hidden_direction_score,6,0,0.2207683856864503,0.6571428571428571,1.059360683407392,0.8385922977209418
T2_select_target,llama1b:qwen1.5b,combined_hidden_js_score,6,0,0.5962923009057906,0.7142857142857143,1.059360683407392,0.4630683825016016
T2_select_target,llama1b:qwen1.5b,combined_hidden_source_quality_score,6,0,0.2207683856864503,0.7944613465542745,1.059360683407392,0.8385922977209418
T2_select_target,llama1b:qwen1.5b,combined_param_direction_score,6,0,0.2207683856864503,0.7714285714285715,1.059360683407392,0.8385922977209418
T2_select_target,llama1b:qwen1.5b,combined_ratio_direction_score,6,0,0.2207683856864503,0.7714285714285715,1.059360683407392,0.8385922977209418
T2_select_target,llama1b:qwen1.5b,pair_geometry_compatibility_score,6,0,0.2207683856864503,0.6,1.059360683407392,0.8385922977209418
T2_select_target,llama1b:qwen3b,rel_direction_l1_to_target,6,1,0.0,0.6,1.1987599462643381,1.1987599462643381
T2_select_target,llama1b:qwen3b,rel_direction_rmse_to_target,6,1,0.0,0.6,1.1987599462643381,1.1987599462643381
T2_select_target,llama1b:qwen3b,rel_magnitude_l1_to_target,6,0,0.6763425287371962,-0.14285714285714285,1.1987599462643381,0.5224174175271419
T2_select_target,llama1b:qwen3b,rel_magnitude_rmse_to_target,6,0,0.6763425287371962,-0.37142857142857144,1.1987599462643381,0.5224174175271419
T2_select_target,llama1b:qwen3b,memory_target_norm_gap,6,0,0.6661169958156034,-0.3142857142857143,1.1987599462643381,0.5326429504487348
T2_select_target,llama1b:qwen3b,anchor_direction_js_to_target,6,0,0.6763425287371962,0.5428571428571428,1.1987599462643381,0.5224174175271419
T2_select_target,llama1b:qwen3b,target_direction_subspace_residual,6,0,0.6661169958156034,-0.6,1.1987599462643381,0.5326429504487348
T2_select_target,llama1b:qwen3b,capacity_normalized_direction_rmse,6,1,0.0,0.6,1.1987599462643381,1.1987599462643381
T2_select_target,llama1b:qwen3b,diagnostic_rel_direction_z2_mean,6,0,0.2560940273322503,0.08571428571428572,1.1987599462643381,0.9426659189320878
T2_select_target,llama1b:qwen3b,diagnostic_rel_magnitude_z_abs_mean,6,1,0.0,0.37142857142857144,1.1987599462643381,1.1987599462643381
T2_select_target,llama1b:qwen3b,diagnostic_target_direction_std_mean,6,0,1.0221408860010162,-0.6571428571428571,1.1987599462643381,0.176619060263322
T2_select_target,llama1b:qwen3b,diagnostic_target_direction_std_min,6,0,1.1044392081166845,-0.9428571428571428,1.1987599462643381,0.0943207381476536
T2_select_target,llama1b:qwen3b,diagnostic_target_magnitude_std_mean,6,1,0.0,0.37142857142857144,1.1987599462643381,1.1987599462643381
T2_select_target,llama1b:qwen3b,diagnostic_target_magnitude_std_min,6,1,0.0,0.37142857142857144,1.1987599462643381,1.1987599462643381
T2_select_target,llama1b:qwen3b,target_text_nll,6,0,0.6763425287371962,0.42857142857142855,1.1987599462643381,0.5224174175271419
T2_select_target,llama1b:qwen3b,target_minus_source_nll,6,0,0.6763425287371962,0.42857142857142855,1.1987599462643381,0.5224174175271419
T2_select_target,llama1b:qwen3b,target_hidden_size,6,0,0.2560940273322503,0.6667366910003157,1.1987599462643381,0.9426659189320878
T2_select_target,llama1b:qwen3b,abs_log_hidden_ratio,6,0,1.0221408860010162,-0.6087595874350709,1.1987599462643381,0.176619060263322
T2_select_target,llama1b:qwen3b,prior_same_model_family,6,0,1.1044392081166845,0.0,1.1987599462643381,0.0943207381476536
T2_select_target,llama1b:qwen3b,prior_cross_model_family,6,0,1.0221408860010162,0.0,1.1987599462643381,0.176619060263322
T2_select_target,llama1b:qwen3b,prior_target_param_b,6,0,0.2560940273322503,0.753702346348183,1.1987599462643381,0.9426659189320878
T2_select_target,llama1b:qwen3b,prior_log_param_ratio_target_over_source,6,0,0.2560940273322503,0.753702346348183,1.1987599462643381,0.9426659189320878
T2_select_target,llama1b:qwen3b,prior_param_tier_jump,6,0,0.2560940273322503,0.16903085094570333,1.1987599462643381,0.9426659189320878
T2_select_target,llama1b:qwen3b,pair_normalized_direction_rmse,6,1,0.0,0.6,1.1987599462643381,1.1987599462643381
T2_select_target,llama1b:qwen3b,target_readability_z2_mean,6,0,0.2560940273322503,0.08571428571428572,1.1987599462643381,0.9426659189320878
T2_select_target,llama1b:qwen3b,target_readability_tail_frac,6,0,0.2560940273322503,0.37142857142857144,1.1987599462643381,0.9426659189320878
T2_select_target,llama1b:qwen3b,target_readability_cross_entropy,6,0,0.6763425287371962,0.4857142857142857,1.1987599462643381,0.5224174175271419
T2_select_target,llama1b:qwen3b,source_to_target_anchor_kl,6,0,0.6763425287371962,0.5428571428571428,1.1987599462643381,0.5224174175271419
T2_select_target,llama1b:qwen3b,target_readability_energy,6,0,1.1044392081166845,-0.9428571428571428,1.1987599462643381,0.0943207381476536
T2_select_target,llama1b:qwen3b,source_target_top_anchor_overlap,6,0,0.6661169958156034,0.08571428571428572,1.1987599462643381,0.5326429504487348
T2_select_target,llama1b:qwen3b,source_target_direction_entropy_gap,6,0,0.6763425287371962,0.5428571428571428,1.1987599462643381,0.5224174175271419
T2_select_target,llama1b:qwen3b,source_target_direction_dispersion_gap,6,0,0.6763425287371962,0.37142857142857144,1.1987599462643381,0.5224174175271419
T2_select_target,llama1b:qwen3b,diagnostic_source_direction_entropy_mean,6,0,0.6763425287371962,-0.12344267996967354,1.1987599462643381,0.5224174175271419
T2_select_target,llama1b:qwen3b,diagnostic_target_direction_entropy,6,0,0.6763425287371962,0.4857142857142857,1.1987599462643381,0.5224174175271419
T2_select_target,llama1b:qwen3b,diagnostic_source_direction_std_mean,6,0,1.1044392081166845,-0.06172133998483677,1.1987599462643381,0.0943207381476536
T2_select_target,llama1b:qwen3b,_z_target_hidden_size,6,0,0.2560940273322503,0.6667366910003157,1.1987599462643381,0.9426659189320878
T2_select_target,llama1b:qwen3b,_z_prior_target_param_b,6,0,0.2560940273322503,0.753702346348183,1.1987599462643381,0.9426659189320878
T2_select_target,llama1b:qwen3b,_z_log_param_ratio,6,0,0.2560940273322503,0.753702346348183,1.1987599462643381,0.9426659189320878
T2_select_target,llama1b:qwen3b,_z_neg_direction_rmse,6,1,0.0,0.6,1.1987599462643381,1.1987599462643381
T2_select_target,llama1b:qwen3b,_z_neg_anchor_js,6,0,0.6763425287371962,0.5428571428571428,1.1987599462643381,0.5224174175271419
T2_select_target,llama1b:qwen3b,_z_neg_magnitude_rmse,6,0,0.6763425287371962,-0.37142857142857144,1.1987599462643381,0.5224174175271419
T2_select_target,llama1b:qwen3b,_z_neg_subspace_residual,6,0,0.6661169958156034,-0.6,1.1987599462643381,0.5326429504487348
T2_select_target,llama1b:qwen3b,_z_neg_pair_norm_direction_rmse,6,1,0.0,0.6,1.1987599462643381,1.1987599462643381
T2_select_target,llama1b:qwen3b,_z_neg_target_readability_z2,6,0,0.2560940273322503,0.08571428571428572,1.1987599462643381,0.9426659189320878
T2_select_target,llama1b:qwen3b,_z_neg_target_readability_tail,6,0,0.2560940273322503,0.37142857142857144,1.1987599462643381,0.9426659189320878
T2_select_target,llama1b:qwen3b,_z_neg_target_readability_ce,6,0,0.6763425287371962,0.4857142857142857,1.1987599462643381,0.5224174175271419
T2_select_target,llama1b:qwen3b,_z_neg_source_to_target_kl,6,0,0.6763425287371962,0.5428571428571428,1.1987599462643381,0.5224174175271419
T2_select_target,llama1b:qwen3b,_z_target_readability_energy,6,0,1.1044392081166845,-0.9428571428571428,1.1987599462643381,0.0943207381476536
T2_select_target,llama1b:qwen3b,_z_top_anchor_overlap,6,0,0.6661169958156034,0.08571428571428572,1.1987599462643381,0.5326429504487348
T2_select_target,llama1b:qwen3b,_z_neg_direction_entropy_gap,6,0,0.6763425287371962,0.5428571428571428,1.1987599462643381,0.5224174175271419
T2_select_target,llama1b:qwen3b,_z_neg_direction_dispersion_gap,6,0,0.6763425287371962,0.37142857142857144,1.1987599462643381,0.5224174175271419
T2_select_target,llama1b:qwen3b,combined_hidden_direction_score,6,0,0.2560940273322503,0.7142857142857143,1.1987599462643381,0.9426659189320878
T2_select_target,llama1b:qwen3b,combined_hidden_js_score,6,0,0.6763425287371962,0.6,1.1987599462643381,0.5224174175271419
T2_select_target,llama1b:qwen3b,combined_hidden_source_quality_score,6,0,0.2560940273322503,0.6667366910003157,1.1987599462643381,0.9426659189320878
T2_select_target,llama1b:qwen3b,combined_param_direction_score,6,0,0.2560940273322503,0.6571428571428571,1.1987599462643381,0.9426659189320878
T2_select_target,llama1b:qwen3b,combined_ratio_direction_score,6,1,0.0,0.7142857142857143,1.1987599462643381,1.1987599462643381
T2_select_target,llama1b:qwen3b,pair_geometry_compatibility_score,6,0,0.2560940273322503,0.37142857142857144,1.1987599462643381,0.9426659189320878
T2_select_target,llama1b:qwen7b,rel_direction_l1_to_target,6,1,0.0,0.2571428571428571,0.7787943699263604,0.7787943699263604
T2_select_target,llama1b:qwen7b,rel_direction_rmse_to_target,6,1,0.0,0.2571428571428571,0.7787943699263604,0.7787943699263604
T2_select_target,llama1b:qwen7b,rel_magnitude_l1_to_target,6,0,0.3655044440015171,0.4857142857142857,0.7787943699263604,0.4132899259248433
T2_select_target,llama1b:qwen7b,rel_magnitude_rmse_to_target,6,0,0.5077809711155757,0.6,0.7787943699263604,0.2710133988107847
T2_select_target,llama1b:qwen7b,memory_target_norm_gap,6,0,0.3641527229385683,-0.2571428571428571,0.7787943699263604,0.4146416469877921
T2_select_target,llama1b:qwen7b,anchor_direction_js_to_target,6,1,0.0,0.6,0.7787943699263604,0.7787943699263604
T2_select_target,llama1b:qwen7b,target_direction_subspace_residual,6,0,0.3641527229385683,-0.37142857142857144,0.7787943699263604,0.4146416469877921
T2_select_target,llama1b:qwen7b,capacity_normalized_direction_rmse,6,1,0.0,0.2571428571428571,0.7787943699263604,0.7787943699263604
T2_select_target,llama1b:qwen7b,diagnostic_rel_direction_z2_mean,6,1,0.0,0.2571428571428571,0.7787943699263604,0.7787943699263604
T2_select_target,llama1b:qwen7b,diagnostic_rel_magnitude_z_abs_mean,6,0,0.7141695634277652,-0.42857142857142855,0.7787943699263604,0.06462480649859527
T2_select_target,llama1b:qwen7b,diagnostic_target_direction_std_mean,6,0,0.5077809711155757,-0.6,0.7787943699263604,0.2710133988107847
T2_select_target,llama1b:qwen7b,diagnostic_target_direction_std_min,6,0,0.717240362203238,-0.9428571428571428,0.7787943699263604,0.06155400772312245
T2_select_target,llama1b:qwen7b,diagnostic_target_magnitude_std_mean,6,0,0.7141695634277652,-0.42857142857142855,0.7787943699263604,0.06462480649859527
T2_select_target,llama1b:qwen7b,diagnostic_target_magnitude_std_min,6,0,0.7141695634277652,-0.42857142857142855,0.7787943699263604,0.06462480649859527
T2_select_target,llama1b:qwen7b,target_text_nll,6,0,0.3655044440015171,0.02857142857142857,0.7787943699263604,0.4132899259248433
T2_select_target,llama1b:qwen7b,target_minus_source_nll,6,0,0.3655044440015171,0.02857142857142857,0.7787943699263604,0.4132899259248433
T2_select_target,llama1b:qwen7b,target_hidden_size,6,1,0.0,0.8827348295047495,0.7787943699263604,0.7787943699263604
T2_select_target,llama1b:qwen7b,abs_log_hidden_ratio,6,1,0.0,0.8827348295047495,0.7787943699263604,0.7787943699263604
T2_select_target,llama1b:qwen7b,prior_same_model_family,6,0,0.717240362203238,-0.8280786712108251,0.7787943699263604,0.06155400772312245
T2_select_target,llama1b:qwen7b,prior_cross_model_family,6,0,0.5077809711155757,0.8280786712108251,0.7787943699263604,0.2710133988107847
T2_select_target,llama1b:qwen7b,prior_target_param_b,6,1,0.0,0.6957252427829381,0.7787943699263604,0.7787943699263604
T2_select_target,llama1b:qwen7b,prior_log_param_ratio_target_over_source,6,1,0.0,0.6957252427829381,0.7787943699263604,0.7787943699263604
T2_select_target,llama1b:qwen7b,prior_param_tier_jump,6,0,0.5077809711155757,-0.6210590034081188,0.7787943699263604,0.2710133988107847
T2_select_target,llama1b:qwen7b,pair_normalized_direction_rmse,6,1,0.0,0.2571428571428571,0.7787943699263604,0.7787943699263604
T2_select_target,llama1b:qwen7b,target_readability_z2_mean,6,1,0.0,0.2571428571428571,0.7787943699263604,0.7787943699263604
T2_select_target,llama1b:qwen7b,target_readability_tail_frac,6,1,0.0,0.2571428571428571,0.7787943699263604,0.7787943699263604
T2_select_target,llama1b:qwen7b,target_readability_cross_entropy,6,1,0.0,0.6,0.7787943699263604,0.7787943699263604
T2_select_target,llama1b:qwen7b,source_to_target_anchor_kl,6,1,0.0,0.6,0.7787943699263604,0.7787943699263604
T2_select_target,llama1b:qwen7b,target_readability_energy,6,0,0.3641527229385683,0.9428571428571428,0.7787943699263604,0.4146416469877921
T2_select_target,llama1b:qwen7b,source_target_top_anchor_overlap,6,1,0.0,0.8857142857142857,0.7787943699263604,0.7787943699263604
T2_select_target,llama1b:qwen7b,source_target_direction_entropy_gap,6,1,0.0,0.6,0.7787943699263604,0.7787943699263604
T2_select_target,llama1b:qwen7b,source_target_direction_dispersion_gap,6,0,0.3655044440015171,0.6,0.7787943699263604,0.4132899259248433
T2_select_target,llama1b:qwen7b,diagnostic_source_direction_entropy_mean,6,0,0.5077809711155757,0.49377071987869414,0.7787943699263604,0.2710133988107847
T2_select_target,llama1b:qwen7b,diagnostic_target_direction_entropy,6,0,0.3655044440015171,0.4857142857142857,0.7787943699263604,0.4132899259248433
T2_select_target,llama1b:qwen7b,diagnostic_source_direction_std_mean,6,0,0.3655044440015171,0.6789347398332045,0.7787943699263604,0.4132899259248433
T2_select_target,llama1b:qwen7b,_z_target_hidden_size,6,1,0.0,0.8827348295047495,0.7787943699263604,0.7787943699263604
T2_select_target,llama1b:qwen7b,_z_prior_target_param_b,6,1,0.0,0.6957252427829381,0.7787943699263604,0.7787943699263604
T2_select_target,llama1b:qwen7b,_z_log_param_ratio,6,1,0.0,0.6957252427829381,0.7787943699263604,0.7787943699263604
T2_select_target,llama1b:qwen7b,_z_neg_direction_rmse,6,1,0.0,0.2571428571428571,0.7787943699263604,0.7787943699263604
T2_select_target,llama1b:qwen7b,_z_neg_anchor_js,6,1,0.0,0.6,0.7787943699263604,0.7787943699263604
T2_select_target,llama1b:qwen7b,_z_neg_magnitude_rmse,6,0,0.5077809711155757,0.6,0.7787943699263604,0.2710133988107847
T2_select_target,llama1b:qwen7b,_z_neg_subspace_residual,6,0,0.3641527229385683,-0.37142857142857144,0.7787943699263604,0.4146416469877921
T2_select_target,llama1b:qwen7b,_z_neg_pair_norm_direction_rmse,6,1,0.0,0.2571428571428571,0.7787943699263604,0.7787943699263604
T2_select_target,llama1b:qwen7b,_z_neg_target_readability_z2,6,1,0.0,0.2571428571428571,0.7787943699263604,0.7787943699263604
T2_select_target,llama1b:qwen7b,_z_neg_target_readability_tail,6,1,0.0,0.2571428571428571,0.7787943699263604,0.7787943699263604
T2_select_target,llama1b:qwen7b,_z_neg_target_readability_ce,6,1,0.0,0.6,0.7787943699263604,0.7787943699263604
T2_select_target,llama1b:qwen7b,_z_neg_source_to_target_kl,6,1,0.0,0.6,0.7787943699263604,0.7787943699263604
T2_select_target,llama1b:qwen7b,_z_target_readability_energy,6,0,0.3641527229385683,0.9428571428571428,0.7787943699263604,0.4146416469877921
T2_select_target,llama1b:qwen7b,_z_top_anchor_overlap,6,1,0.0,0.8857142857142857,0.7787943699263604,0.7787943699263604
T2_select_target,llama1b:qwen7b,_z_neg_direction_entropy_gap,6,1,0.0,0.6,0.7787943699263604,0.7787943699263604
T2_select_target,llama1b:qwen7b,_z_neg_direction_dispersion_gap,6,0,0.3655044440015171,0.6,0.7787943699263604,0.4132899259248433
T2_select_target,llama1b:qwen7b,combined_hidden_direction_score,6,1,0.0,0.7142857142857143,0.7787943699263604,0.7787943699263604
T2_select_target,llama1b:qwen7b,combined_hidden_js_score,6,1,0.0,0.8857142857142857,0.7787943699263604,0.7787943699263604
T2_select_target,llama1b:qwen7b,combined_hidden_source_quality_score,6,1,0.0,0.8827348295047495,0.7787943699263604,0.7787943699263604
T2_select_target,llama1b:qwen7b,combined_param_direction_score,6,1,0.0,0.37142857142857144,0.7787943699263604,0.7787943699263604
T2_select_target,llama1b:qwen7b,combined_ratio_direction_score,6,1,0.0,0.37142857142857144,0.7787943699263604,0.7787943699263604
T2_select_target,llama1b:qwen7b,pair_geometry_compatibility_score,6,1,0.0,0.6,0.7787943699263604,0.7787943699263604
