task,group,metric,n,top1_hit,regret_at_1,spearman,best_retention,prior_pick_retention
T1_select_source,llama1b,rel_direction_l1_to_target,12,0,0.18576715693938095,-0.38461538461538464,0.8109001431854552,0.6251329862460743
T1_select_source,llama1b,rel_direction_rmse_to_target,12,0,0.18576715693938095,-0.4755244755244755,0.8109001431854552,0.6251329862460743
T1_select_source,llama1b,rel_magnitude_l1_to_target,12,0,0.1539836722343959,0.3916083916083916,0.8109001431854552,0.6569164709510593
T1_select_source,llama1b,rel_magnitude_rmse_to_target,12,0,0.1539836722343959,0.3776223776223776,0.8109001431854552,0.6569164709510593
T1_select_source,llama1b,memory_target_norm_gap,12,0,0.18576715693938095,0.06293706293706294,0.8109001431854552,0.6251329862460743
T1_select_source,llama1b,anchor_direction_js_to_target,12,0,0.18576715693938095,-0.5524475524475524,0.8109001431854552,0.6251329862460743
T1_select_source,llama1b,target_direction_subspace_residual,12,0,0.08775059091342041,0.6643356643356644,0.8109001431854552,0.7231495522720348
T1_select_source,llama1b,capacity_normalized_direction_rmse,12,0,0.18576715693938095,-0.4755244755244755,0.8109001431854552,0.6251329862460743
T1_select_source,llama1b,diagnostic_rel_direction_z2_mean,12,0,0.18576715693938095,-0.2517482517482518,0.8109001431854552,0.6251329862460743
T1_select_source,llama1b,diagnostic_rel_magnitude_z_abs_mean,12,0,0.1539836722343959,0.3076923076923077,0.8109001431854552,0.6569164709510593
T1_select_source,llama1b,diagnostic_target_direction_std_mean,12,0,0.08775059091342041,0.6608513946091237,0.8109001431854552,0.7231495522720348
T1_select_source,llama1b,diagnostic_target_direction_std_min,12,0,0.1539836722343959,0.6458320447316437,0.8109001431854552,0.6569164709510593
T1_select_source,llama1b,diagnostic_target_magnitude_std_mean,12,0,0.18576715693938095,-0.06007739950992034,0.8109001431854552,0.6251329862460743
T1_select_source,llama1b,diagnostic_target_magnitude_std_min,12,0,0.18576715693938095,-0.06007739950992034,0.8109001431854552,0.6251329862460743
T1_select_source,llama1b,source_native_nll,12,0,0.051253173543178265,0.3986013986013986,0.8109001431854552,0.759646969642277
T1_select_source,llama1b,target_minus_source_nll,12,0,0.18156999239775684,-0.3986013986013986,0.8109001431854552,0.6293301507876984
T1_select_source,llama1b,source_hidden_size,12,0,0.08775059091342041,0.1577557537082382,0.8109001431854552,0.7231495522720348
T1_select_source,llama1b,abs_log_hidden_ratio,12,0,0.3013880909362312,-0.2581457787952988,0.8109001431854552,0.509512052249224
T1_select_source,llama1b,prior_same_model_family,12,0,0.1539836722343959,0.563300712149108,0.8109001431854552,0.6569164709510593
T1_select_source,llama1b,prior_cross_model_family,12,0,0.18576715693938095,-0.563300712149108,0.8109001431854552,0.6251329862460743
T1_select_source,llama1b,prior_source_param_b,12,0,0.08775059091342041,0.2693064404903738,0.8109001431854552,0.7231495522720348
T1_select_source,llama1b,prior_log_param_ratio_target_over_source,12,0,0.18156999239775684,-0.2693064404903738,0.8109001431854552,0.6293301507876984
T1_select_source,llama1b,pair_normalized_direction_rmse,12,0,0.18576715693938095,-0.35664335664335667,0.8109001431854552,0.6251329862460743
T1_select_source,llama1b,target_readability_z2_mean,12,0,0.18576715693938095,-0.2517482517482518,0.8109001431854552,0.6251329862460743
T1_select_source,llama1b,target_readability_tail_frac,12,0,0.18576715693938095,-0.3776223776223776,0.8109001431854552,0.6251329862460743
T1_select_source,llama1b,target_readability_cross_entropy,12,0,0.18156999239775684,-0.5734265734265734,0.8109001431854552,0.6293301507876984
T1_select_source,llama1b,source_to_target_anchor_kl,12,0,0.18576715693938095,-0.5524475524475524,0.8109001431854552,0.6251329862460743
T1_select_source,llama1b,target_readability_energy,12,0,0.18156999239775684,-0.02097902097902098,0.8109001431854552,0.6293301507876984
T1_select_source,llama1b,source_target_top_anchor_overlap,12,0,0.18156999239775684,-0.1258741258741259,0.8109001431854552,0.6293301507876984
T1_select_source,llama1b,source_target_direction_entropy_gap,12,0,0.4627212455931367,-0.6993006993006993,0.8109001431854552,0.3481788975923185
T1_select_source,llama1b,source_target_direction_dispersion_gap,12,0,0.18156999239775684,-0.3076923076923077,0.8109001431854552,0.6293301507876984
T1_select_source,llama1b,diagnostic_source_direction_entropy_mean,12,0,0.18576715693938095,0.04195804195804196,0.8109001431854552,0.6251329862460743
T1_select_source,llama1b,diagnostic_target_direction_entropy,12,0,0.18576715693938095,-0.6608513946091237,0.8109001431854552,0.6251329862460743
T1_select_source,llama1b,diagnostic_source_direction_std_mean,12,0,0.18156999239775684,-0.1888111888111888,0.8109001431854552,0.6293301507876984
T1_select_source,llama1b,_z_log_param_ratio,12,0,0.18156999239775684,-0.2693064404903738,0.8109001431854552,0.6293301507876984
T1_select_source,llama1b,_z_neg_direction_rmse,12,0,0.18576715693938095,-0.4755244755244755,0.8109001431854552,0.6251329862460743
T1_select_source,llama1b,_z_neg_anchor_js,12,0,0.18576715693938095,-0.5524475524475524,0.8109001431854552,0.6251329862460743
T1_select_source,llama1b,_z_neg_magnitude_rmse,12,0,0.1539836722343959,0.3776223776223776,0.8109001431854552,0.6569164709510593
T1_select_source,llama1b,_z_neg_subspace_residual,12,0,0.08775059091342041,0.6643356643356644,0.8109001431854552,0.7231495522720348
T1_select_source,llama1b,_z_neg_pair_norm_direction_rmse,12,0,0.18576715693938095,-0.35664335664335667,0.8109001431854552,0.6251329862460743
T1_select_source,llama1b,_z_neg_target_readability_z2,12,0,0.18576715693938095,-0.2517482517482518,0.8109001431854552,0.6251329862460743
T1_select_source,llama1b,_z_neg_target_readability_tail,12,0,0.18576715693938095,-0.3776223776223776,0.8109001431854552,0.6251329862460743
T1_select_source,llama1b,_z_neg_target_readability_ce,12,0,0.18156999239775684,-0.5734265734265734,0.8109001431854552,0.6293301507876984
T1_select_source,llama1b,_z_neg_source_to_target_kl,12,0,0.18576715693938095,-0.5524475524475524,0.8109001431854552,0.6251329862460743
T1_select_source,llama1b,_z_target_readability_energy,12,0,0.18156999239775684,-0.02097902097902098,0.8109001431854552,0.6293301507876984
T1_select_source,llama1b,_z_top_anchor_overlap,12,0,0.18156999239775684,-0.1258741258741259,0.8109001431854552,0.6293301507876984
T1_select_source,llama1b,_z_neg_direction_entropy_gap,12,0,0.4627212455931367,-0.6993006993006993,0.8109001431854552,0.3481788975923185
T1_select_source,llama1b,_z_neg_direction_dispersion_gap,12,0,0.18156999239775684,-0.3076923076923077,0.8109001431854552,0.6293301507876984
T1_select_source,llama1b,_z_neg_source_native_nll,12,0,0.051253173543178265,0.3986013986013986,0.8109001431854552,0.759646969642277
T1_select_source,llama1b,combined_hidden_direction_score,12,0,0.18576715693938095,-0.4755244755244755,0.8109001431854552,0.6251329862460743
T1_select_source,llama1b,combined_hidden_js_score,12,0,0.18576715693938095,-0.5524475524475524,0.8109001431854552,0.6251329862460743
T1_select_source,llama1b,combined_hidden_source_quality_score,12,0,0.051253173543178265,0.3986013986013986,0.8109001431854552,0.759646969642277
T1_select_source,llama1b,combined_param_direction_score,12,0,0.18576715693938095,-0.4755244755244755,0.8109001431854552,0.6251329862460743
T1_select_source,llama1b,combined_ratio_direction_score,12,0,0.18156999239775684,-0.46853146853146854,0.8109001431854552,0.6293301507876984
T1_select_source,llama1b,pair_geometry_compatibility_score,12,0,0.18156999239775684,-0.25874125874125875,0.8109001431854552,0.6293301507876984
T1_select_source,llama3b,rel_direction_l1_to_target,12,0,0.18580137983030998,-0.6433566433566433,0.8879066562106415,0.7021052763803315
T1_select_source,llama3b,rel_direction_rmse_to_target,12,0,0.18580137983030998,-0.6853146853146853,0.8879066562106415,0.7021052763803315
T1_select_source,llama3b,rel_magnitude_l1_to_target,12,0,0.0676669235154228,0.3076923076923077,0.8879066562106415,0.8202397326952187
T1_select_source,llama3b,rel_magnitude_rmse_to_target,12,0,0.0676669235154228,0.2517482517482518,0.8879066562106415,0.8202397326952187
T1_select_source,llama3b,memory_target_norm_gap,12,0,0.18580137983030998,-0.17482517482517482,0.8879066562106415,0.7021052763803315
T1_select_source,llama3b,anchor_direction_js_to_target,12,0,0.18580137983030998,-0.6363636363636364,0.8879066562106415,0.7021052763803315
T1_select_source,llama3b,target_direction_subspace_residual,12,0,0.08083903237177803,0.6223776223776224,0.8879066562106415,0.8070676238388634
T1_select_source,llama3b,capacity_normalized_direction_rmse,12,0,0.18580137983030998,-0.6853146853146853,0.8879066562106415,0.7021052763803315
T1_select_source,llama3b,diagnostic_rel_direction_z2_mean,12,0,0.18580137983030998,-0.6083916083916084,0.8879066562106415,0.7021052763803315
T1_select_source,llama3b,diagnostic_rel_magnitude_z_abs_mean,12,0,0.0676669235154228,0.16783216783216784,0.8879066562106415,0.8202397326952187
T1_select_source,llama3b,diagnostic_target_direction_std_mean,12,0,0.08083903237177803,0.6308126948541636,0.8879066562106415,0.8070676238388634
T1_select_source,llama3b,diagnostic_target_direction_std_min,12,0,0.08083903237177803,0.24030959803968135,0.8879066562106415,0.8070676238388634
T1_select_source,llama3b,diagnostic_target_magnitude_std_mean,12,0,0.18580137983030998,-0.18023219852976102,0.8879066562106415,0.7021052763803315
T1_select_source,llama3b,diagnostic_target_magnitude_std_min,12,0,0.18580137983030998,-0.18023219852976102,0.8879066562106415,0.7021052763803315
T1_select_source,llama3b,source_native_nll,12,0,0.0030179891162284145,0.6083916083916084,0.8879066562106415,0.884888667094413
T1_select_source,llama3b,target_minus_source_nll,12,0,0.15513921011438414,-0.6083916083916084,0.8879066562106415,0.7327674460962573
T1_select_source,llama3b,source_hidden_size,12,0,0.08083903237177803,-0.08734262934822934,0.8879066562106415,0.8070676238388634
T1_select_source,llama3b,abs_log_hidden_ratio,12,0,0.11570767242101843,0.1018997342396009,0.8879066562106415,0.772198983789623
T1_select_source,llama3b,prior_same_model_family,12,0,0.0676669235154228,0.5120915564991891,0.8879066562106415,0.8202397326952187
T1_select_source,llama3b,prior_cross_model_family,12,0,0.18580137983030998,-0.5120915564991891,0.8879066562106415,0.7021052763803315
T1_select_source,llama3b,prior_source_param_b,12,0,0.08083903237177803,-0.0788778768541191,0.8879066562106415,0.8070676238388634
T1_select_source,llama3b,prior_log_param_ratio_target_over_source,12,0,0.0676669235154228,0.0788778768541191,0.8879066562106415,0.8202397326952187
T1_select_source,llama3b,prior_param_tier_jump,12,0,0.0676669235154228,0.3763089045031908,0.8879066562106415,0.8202397326952187
T1_select_source,llama3b,pair_normalized_direction_rmse,12,0,0.18580137983030998,-0.44755244755244755,0.8879066562106415,0.7021052763803315
T1_select_source,llama3b,target_readability_z2_mean,12,0,0.18580137983030998,-0.6083916083916084,0.8879066562106415,0.7021052763803315
T1_select_source,llama3b,target_readability_tail_frac,12,0,0.18580137983030998,-0.5734265734265734,0.8879066562106415,0.7021052763803315
T1_select_source,llama3b,target_readability_cross_entropy,12,0,0.15513921011438414,-0.6363636363636364,0.8879066562106415,0.7327674460962573
T1_select_source,llama3b,source_to_target_anchor_kl,12,0,0.18580137983030998,-0.6363636363636364,0.8879066562106415,0.7021052763803315
T1_select_source,llama3b,target_readability_energy,12,0,0.15513921011438414,-0.3356643356643357,0.8879066562106415,0.7327674460962573
T1_select_source,llama3b,source_target_top_anchor_overlap,12,0,0.15513921011438414,-0.43356643356643354,0.8879066562106415,0.7327674460962573
T1_select_source,llama3b,source_target_direction_entropy_gap,12,0,0.12407737458710588,-0.6573426573426573,0.8879066562106415,0.7638292816235356
T1_select_source,llama3b,source_target_direction_dispersion_gap,12,0,0.002330030179891307,-0.055944055944055944,0.8879066562106415,0.8855766260307502
T1_select_source,llama3b,diagnostic_source_direction_entropy_mean,12,0,0.18580137983030998,-0.1258741258741259,0.8879066562106415,0.7021052763803315
T1_select_source,llama3b,diagnostic_target_direction_entropy,12,0,0.18580137983030998,-0.6308126948541636,0.8879066562106415,0.7021052763803315
T1_select_source,llama3b,diagnostic_source_direction_std_mean,12,0,0.002330030179891307,-0.04895104895104895,0.8879066562106415,0.8855766260307502
T1_select_source,llama3b,_z_log_param_ratio,12,0,0.0676669235154228,0.0788778768541191,0.8879066562106415,0.8202397326952187
T1_select_source,llama3b,_z_neg_direction_rmse,12,0,0.18580137983030998,-0.6853146853146853,0.8879066562106415,0.7021052763803315
T1_select_source,llama3b,_z_neg_anchor_js,12,0,0.18580137983030998,-0.6363636363636364,0.8879066562106415,0.7021052763803315
T1_select_source,llama3b,_z_neg_magnitude_rmse,12,0,0.0676669235154228,0.2517482517482518,0.8879066562106415,0.8202397326952187
T1_select_source,llama3b,_z_neg_subspace_residual,12,0,0.08083903237177803,0.6223776223776224,0.8879066562106415,0.8070676238388634
T1_select_source,llama3b,_z_neg_pair_norm_direction_rmse,12,0,0.18580137983030998,-0.44755244755244755,0.8879066562106415,0.7021052763803315
T1_select_source,llama3b,_z_neg_target_readability_z2,12,0,0.18580137983030998,-0.6083916083916084,0.8879066562106415,0.7021052763803315
T1_select_source,llama3b,_z_neg_target_readability_tail,12,0,0.18580137983030998,-0.5734265734265734,0.8879066562106415,0.7021052763803315
T1_select_source,llama3b,_z_neg_target_readability_ce,12,0,0.15513921011438414,-0.6363636363636364,0.8879066562106415,0.7327674460962573
T1_select_source,llama3b,_z_neg_source_to_target_kl,12,0,0.18580137983030998,-0.6363636363636364,0.8879066562106415,0.7021052763803315
T1_select_source,llama3b,_z_target_readability_energy,12,0,0.15513921011438414,-0.3356643356643357,0.8879066562106415,0.7327674460962573
T1_select_source,llama3b,_z_top_anchor_overlap,12,0,0.15513921011438414,-0.43356643356643354,0.8879066562106415,0.7327674460962573
T1_select_source,llama3b,_z_neg_direction_entropy_gap,12,0,0.12407737458710588,-0.6573426573426573,0.8879066562106415,0.7638292816235356
T1_select_source,llama3b,_z_neg_direction_dispersion_gap,12,0,0.002330030179891307,-0.055944055944055944,0.8879066562106415,0.8855766260307502
T1_select_source,llama3b,_z_neg_source_native_nll,12,0,0.0030179891162284145,0.6083916083916084,0.8879066562106415,0.884888667094413
T1_select_source,llama3b,combined_hidden_direction_score,12,0,0.18580137983030998,-0.6853146853146853,0.8879066562106415,0.7021052763803315
T1_select_source,llama3b,combined_hidden_js_score,12,0,0.18580137983030998,-0.6363636363636364,0.8879066562106415,0.7021052763803315
T1_select_source,llama3b,combined_hidden_source_quality_score,12,0,0.0030179891162284145,0.6083916083916084,0.8879066562106415,0.884888667094413
T1_select_source,llama3b,combined_param_direction_score,12,0,0.18580137983030998,-0.6853146853146853,0.8879066562106415,0.7021052763803315
T1_select_source,llama3b,combined_ratio_direction_score,12,0,0.15513921011438414,-0.27972027972027974,0.8879066562106415,0.7327674460962573
T1_select_source,llama3b,pair_geometry_compatibility_score,12,0,0.15513921011438414,-0.6153846153846154,0.8879066562106415,0.7327674460962573
T1_select_source,llama8b,rel_direction_l1_to_target,12,0,0.07743706888882029,0.6573426573426573,0.9744809523354757,0.8970438834466554
T1_select_source,llama8b,rel_direction_rmse_to_target,12,0,0.07743706888882029,0.6783216783216783,0.9744809523354757,0.8970438834466554
T1_select_source,llama8b,rel_magnitude_l1_to_target,12,0,0.1114407807064759,0.2867132867132867,0.9744809523354757,0.8630401716289998
T1_select_source,llama8b,rel_magnitude_rmse_to_target,12,0,0.1114407807064759,0.2867132867132867,0.9744809523354757,0.8630401716289998
T1_select_source,llama8b,memory_target_norm_gap,12,0,0.1114407807064759,-0.13286713286713286,0.9744809523354757,0.8630401716289998
T1_select_source,llama8b,anchor_direction_js_to_target,12,0,0.32303425153976184,-0.06993006993006994,0.9744809523354757,0.6514467007957139
T1_select_source,llama8b,target_direction_subspace_residual,12,0,0.1832209605485574,-0.26573426573426573,0.9744809523354757,0.7912599917869183
T1_select_source,llama8b,capacity_normalized_direction_rmse,12,0,0.07743706888882029,0.6783216783216783,0.9744809523354757,0.8970438834466554
T1_select_source,llama8b,diagnostic_rel_direction_z2_mean,12,0,0.12024925318567492,-0.18181818181818182,0.9744809523354757,0.8542316991498008
T1_select_source,llama8b,diagnostic_rel_magnitude_z_abs_mean,12,0,0.1114407807064759,-0.11888111888111888,0.9744809523354757,0.8630401716289998
T1_select_source,llama8b,diagnostic_target_direction_std_mean,12,0,0.32303425153976184,-0.6946767288284224,0.9744809523354757,0.6514467007957139
T1_select_source,llama8b,diagnostic_target_direction_std_min,12,0,0.24165804122613022,0.12977477351739758,0.9744809523354757,0.7328229111093455
T1_select_source,llama8b,diagnostic_target_magnitude_std_mean,12,0,0.32303425153976184,-0.12977477351739758,0.9744809523354757,0.6514467007957139
T1_select_source,llama8b,diagnostic_target_magnitude_std_min,12,0,0.32303425153976184,-0.12977477351739758,0.9744809523354757,0.6514467007957139
T1_select_source,llama8b,source_native_nll,12,1,0.0,0.6643356643356644,0.9744809523354757,0.9744809523354757
T1_select_source,llama8b,target_minus_source_nll,12,0,0.24165804122613022,-0.6643356643356644,0.9744809523354757,0.7328229111093455
T1_select_source,llama8b,source_hidden_size,12,0,0.32303425153976184,-0.10756074116470785,0.9744809523354757,0.6514467007957139
T1_select_source,llama8b,abs_log_hidden_ratio,12,0,0.32303425153976184,-0.10756074116470785,0.9744809523354757,0.6514467007957139
T1_select_source,llama8b,prior_same_model_family,12,0,0.1114407807064759,0.563300712149108,0.9744809523354757,0.8630401716289998
T1_select_source,llama8b,prior_cross_model_family,12,0,0.32303425153976184,-0.563300712149108,0.9744809523354757,0.6514467007957139
T1_select_source,llama8b,prior_source_param_b,12,0,0.32303425153976184,-0.21835657337057335,0.9744809523354757,0.6514467007957139
T1_select_source,llama8b,prior_log_param_ratio_target_over_source,12,0,0.1114407807064759,0.21835657337057335,0.9744809523354757,0.8630401716289998
T1_select_source,llama8b,prior_param_tier_jump,12,0,0.1114407807064759,0.30725493389951347,0.9744809523354757,0.8630401716289998
T1_select_source,llama8b,pair_normalized_direction_rmse,12,0,0.07743706888882029,0.6013986013986014,0.9744809523354757,0.8970438834466554
T1_select_source,llama8b,target_readability_z2_mean,12,0,0.12024925318567492,-0.18181818181818182,0.9744809523354757,0.8542316991498008
T1_select_source,llama8b,target_readability_tail_frac,12,0,0.10603589880719311,0.3082316460688723,0.9744809523354757,0.8684450535282826
T1_select_source,llama8b,target_readability_cross_entropy,12,0,0.1114407807064759,0.5034965034965035,0.9744809523354757,0.8630401716289998
T1_select_source,llama8b,source_to_target_anchor_kl,12,0,0.32303425153976184,-0.013986013986013986,0.9744809523354757,0.6514467007957139
T1_select_source,llama8b,target_readability_energy,12,0,0.32303425153976184,-0.055944055944055944,0.9744809523354757,0.6514467007957139
T1_select_source,llama8b,source_target_top_anchor_overlap,12,0,0.32303425153976184,-0.17482517482517482,0.9744809523354757,0.6514467007957139
T1_select_source,llama8b,source_target_direction_entropy_gap,12,0,0.32303425153976184,-0.08391608391608392,0.9744809523354757,0.6514467007957139
T1_select_source,llama8b,source_target_direction_dispersion_gap,12,0,0.045850006207561744,-0.02097902097902098,0.9744809523354757,0.928630946127914
T1_select_source,llama8b,diagnostic_source_direction_entropy_mean,12,0,0.32303425153976184,-0.08391608391608392,0.9744809523354757,0.6514467007957139
T1_select_source,llama8b,diagnostic_target_direction_entropy,12,0,0.1114407807064759,0.6946767288284224,0.9744809523354757,0.8630401716289998
T1_select_source,llama8b,diagnostic_source_direction_std_mean,12,0,0.045850006207561744,-0.07692307692307693,0.9744809523354757,0.928630946127914
T1_select_source,llama8b,_z_log_param_ratio,12,0,0.1114407807064759,0.21835657337057335,0.9744809523354757,0.8630401716289998
T1_select_source,llama8b,_z_neg_direction_rmse,12,0,0.07743706888882029,0.6783216783216783,0.9744809523354757,0.8970438834466554
T1_select_source,llama8b,_z_neg_anchor_js,12,0,0.32303425153976184,-0.06993006993006994,0.9744809523354757,0.6514467007957139
T1_select_source,llama8b,_z_neg_magnitude_rmse,12,0,0.1114407807064759,0.2867132867132867,0.9744809523354757,0.8630401716289998
T1_select_source,llama8b,_z_neg_subspace_residual,12,0,0.1832209605485574,-0.26573426573426573,0.9744809523354757,0.7912599917869183
T1_select_source,llama8b,_z_neg_pair_norm_direction_rmse,12,0,0.07743706888882029,0.6013986013986014,0.9744809523354757,0.8970438834466554
T1_select_source,llama8b,_z_neg_target_readability_z2,12,0,0.12024925318567492,-0.18181818181818182,0.9744809523354757,0.8542316991498008
T1_select_source,llama8b,_z_neg_target_readability_tail,12,0,0.10603589880719311,0.3082316460688723,0.9744809523354757,0.8684450535282826
T1_select_source,llama8b,_z_neg_target_readability_ce,12,0,0.1114407807064759,0.5034965034965035,0.9744809523354757,0.8630401716289998
T1_select_source,llama8b,_z_neg_source_to_target_kl,12,0,0.32303425153976184,-0.013986013986013986,0.9744809523354757,0.6514467007957139
T1_select_source,llama8b,_z_target_readability_energy,12,0,0.32303425153976184,-0.055944055944055944,0.9744809523354757,0.6514467007957139
T1_select_source,llama8b,_z_top_anchor_overlap,12,0,0.32303425153976184,-0.17482517482517482,0.9744809523354757,0.6514467007957139
T1_select_source,llama8b,_z_neg_direction_entropy_gap,12,0,0.32303425153976184,-0.08391608391608392,0.9744809523354757,0.6514467007957139
T1_select_source,llama8b,_z_neg_direction_dispersion_gap,12,0,0.045850006207561744,-0.02097902097902098,0.9744809523354757,0.928630946127914
T1_select_source,llama8b,_z_neg_source_native_nll,12,1,0.0,0.6643356643356644,0.9744809523354757,0.9744809523354757
T1_select_source,llama8b,combined_hidden_direction_score,12,0,0.07743706888882029,0.6783216783216783,0.9744809523354757,0.8970438834466554
T1_select_source,llama8b,combined_hidden_js_score,12,0,0.32303425153976184,-0.06993006993006994,0.9744809523354757,0.6514467007957139
T1_select_source,llama8b,combined_hidden_source_quality_score,12,1,0.0,0.6643356643356644,0.9744809523354757,0.9744809523354757
T1_select_source,llama8b,combined_param_direction_score,12,0,0.07743706888882029,0.6783216783216783,0.9744809523354757,0.8970438834466554
T1_select_source,llama8b,combined_ratio_direction_score,12,0,0.1114407807064759,0.34265734265734266,0.9744809523354757,0.8630401716289998
T1_select_source,llama8b,pair_geometry_compatibility_score,12,0,0.1114407807064759,0.14685314685314685,0.9744809523354757,0.8630401716289998
T1_select_source,mistral7b,rel_direction_l1_to_target,12,0,0.30100798976498033,-0.20279720279720279,1.1135978443843109,0.8125898546193305
T1_select_source,mistral7b,rel_direction_rmse_to_target,12,0,0.30100798976498033,-0.16783216783216784,1.1135978443843109,0.8125898546193305
T1_select_source,mistral7b,rel_magnitude_l1_to_target,12,0,0.25540931351001384,0.08391608391608392,1.1135978443843109,0.858188530874297
T1_select_source,mistral7b,rel_magnitude_rmse_to_target,12,0,0.25540931351001384,0.08391608391608392,1.1135978443843109,0.858188530874297
T1_select_source,mistral7b,memory_target_norm_gap,12,0,0.25540931351001384,-0.07692307692307693,1.1135978443843109,0.858188530874297
T1_select_source,mistral7b,anchor_direction_js_to_target,12,0,0.2639954152949896,0.34965034965034963,1.1135978443843109,0.8496024290893213
T1_select_source,mistral7b,target_direction_subspace_residual,12,0,0.30709133487667484,-0.013986013986013986,1.1135978443843109,0.806506509507636
T1_select_source,mistral7b,capacity_normalized_direction_rmse,12,0,0.30100798976498033,-0.16783216783216784,1.1135978443843109,0.8125898546193305
T1_select_source,mistral7b,diagnostic_rel_direction_z2_mean,12,0,0.30100798976498033,-0.14685314685314685,1.1135978443843109,0.8125898546193305
T1_select_source,mistral7b,diagnostic_rel_magnitude_z_abs_mean,12,0,0.25540931351001384,0.11888111888111888,1.1135978443843109,0.858188530874297
T1_select_source,mistral7b,diagnostic_target_direction_std_mean,12,0,0.25540931351001384,0.3379631847096873,1.1135978443843109,0.858188530874297
T1_select_source,mistral7b,diagnostic_target_direction_std_min,12,0,0.25540931351001384,0.3379631847096873,1.1135978443843109,0.858188530874297
T1_select_source,mistral7b,diagnostic_target_magnitude_std_mean,12,0,0.25540931351001384,0.3379631847096873,1.1135978443843109,0.858188530874297
T1_select_source,mistral7b,diagnostic_target_magnitude_std_min,12,0,0.25540931351001384,0.3379631847096873,1.1135978443843109,0.858188530874297
T1_select_source,mistral7b,source_native_nll,12,0,0.2639954152949896,0.6223776223776224,1.1135978443843109,0.8496024290893213
T1_select_source,mistral7b,target_minus_source_nll,12,0,0.3559608263512829,-0.6223776223776224,1.1135978443843109,0.757637018033028
T1_select_source,mistral7b,source_hidden_size,12,0,0.3365972005005641,0.2796579270282404,1.1135978443843109,0.7770006438837468
T1_select_source,mistral7b,abs_log_hidden_ratio,12,0,0.3365972005005641,0.2796579270282404,1.1135978443843109,0.7770006438837468
T1_select_source,mistral7b,prior_source_param_b,12,0,0.3365972005005641,-0.00717071607764719,1.1135978443843109,0.7770006438837468
T1_select_source,mistral7b,prior_log_param_ratio_target_over_source,12,0,0.25540931351001384,0.00717071607764719,1.1135978443843109,0.858188530874297
T1_select_source,mistral7b,prior_param_tier_jump,12,0,0.25540931351001384,-0.14782809899727065,1.1135978443843109,0.858188530874297
T1_select_source,mistral7b,pair_normalized_direction_rmse,12,0,0.30100798976498033,-0.1258741258741259,1.1135978443843109,0.8125898546193305
T1_select_source,mistral7b,target_readability_z2_mean,12,0,0.30100798976498033,-0.14685314685314685,1.1135978443843109,0.8125898546193305
T1_select_source,mistral7b,target_readability_tail_frac,12,0,0.30709133487667484,0.1891421464513535,1.1135978443843109,0.806506509507636
T1_select_source,mistral7b,target_readability_cross_entropy,12,0,0.30100798976498033,-0.09090909090909091,1.1135978443843109,0.8125898546193305
T1_select_source,mistral7b,source_to_target_anchor_kl,12,0,0.2639954152949896,0.32167832167832167,1.1135978443843109,0.8496024290893213
T1_select_source,mistral7b,target_readability_energy,12,0,0.30100798976498033,-0.13986013986013987,1.1135978443843109,0.8125898546193305
T1_select_source,mistral7b,source_target_top_anchor_overlap,12,0,0.30709133487667484,0.5594405594405595,1.1135978443843109,0.806506509507636
T1_select_source,mistral7b,source_target_direction_entropy_gap,12,0,0.2639954152949896,0.26573426573426573,1.1135978443843109,0.8496024290893213
T1_select_source,mistral7b,source_target_direction_dispersion_gap,12,0,0.07904307209707162,-0.08391608391608392,1.1135978443843109,1.0345547722872392
T1_select_source,mistral7b,diagnostic_source_direction_entropy_mean,12,0,0.2639954152949896,0.26573426573426573,1.1135978443843109,0.8496024290893213
T1_select_source,mistral7b,diagnostic_target_direction_entropy,12,0,0.25540931351001384,0.3379631847096873,1.1135978443843109,0.858188530874297
T1_select_source,mistral7b,diagnostic_source_direction_std_mean,12,0,0.07904307209707162,-0.08391608391608392,1.1135978443843109,1.0345547722872392
T1_select_source,mistral7b,_z_log_param_ratio,12,0,0.25540931351001384,0.00717071607764719,1.1135978443843109,0.858188530874297
T1_select_source,mistral7b,_z_neg_direction_rmse,12,0,0.30100798976498033,-0.16783216783216784,1.1135978443843109,0.8125898546193305
T1_select_source,mistral7b,_z_neg_anchor_js,12,0,0.2639954152949896,0.34965034965034963,1.1135978443843109,0.8496024290893213
T1_select_source,mistral7b,_z_neg_magnitude_rmse,12,0,0.25540931351001384,0.08391608391608392,1.1135978443843109,0.858188530874297
T1_select_source,mistral7b,_z_neg_subspace_residual,12,0,0.30709133487667484,-0.013986013986013986,1.1135978443843109,0.806506509507636
T1_select_source,mistral7b,_z_neg_pair_norm_direction_rmse,12,0,0.30100798976498033,-0.1258741258741259,1.1135978443843109,0.8125898546193305
T1_select_source,mistral7b,_z_neg_target_readability_z2,12,0,0.30100798976498033,-0.14685314685314685,1.1135978443843109,0.8125898546193305
T1_select_source,mistral7b,_z_neg_target_readability_tail,12,0,0.30709133487667484,0.1891421464513535,1.1135978443843109,0.806506509507636
T1_select_source,mistral7b,_z_neg_target_readability_ce,12,0,0.30100798976498033,-0.09090909090909091,1.1135978443843109,0.8125898546193305
T1_select_source,mistral7b,_z_neg_source_to_target_kl,12,0,0.2639954152949896,0.32167832167832167,1.1135978443843109,0.8496024290893213
T1_select_source,mistral7b,_z_target_readability_energy,12,0,0.30100798976498033,-0.13986013986013987,1.1135978443843109,0.8125898546193305
T1_select_source,mistral7b,_z_top_anchor_overlap,12,0,0.30709133487667484,0.5594405594405595,1.1135978443843109,0.806506509507636
T1_select_source,mistral7b,_z_neg_direction_entropy_gap,12,0,0.2639954152949896,0.26573426573426573,1.1135978443843109,0.8496024290893213
T1_select_source,mistral7b,_z_neg_direction_dispersion_gap,12,0,0.07904307209707162,-0.08391608391608392,1.1135978443843109,1.0345547722872392
T1_select_source,mistral7b,_z_neg_source_native_nll,12,0,0.2639954152949896,0.6223776223776224,1.1135978443843109,0.8496024290893213
T1_select_source,mistral7b,combined_hidden_direction_score,12,0,0.30100798976498033,-0.16783216783216784,1.1135978443843109,0.8125898546193305
T1_select_source,mistral7b,combined_hidden_js_score,12,0,0.2639954152949896,0.34965034965034963,1.1135978443843109,0.8496024290893213
T1_select_source,mistral7b,combined_hidden_source_quality_score,12,0,0.2639954152949896,0.6223776223776224,1.1135978443843109,0.8496024290893213
T1_select_source,mistral7b,combined_param_direction_score,12,0,0.30100798976498033,-0.16783216783216784,1.1135978443843109,0.8125898546193305
T1_select_source,mistral7b,combined_ratio_direction_score,12,0,0.25540931351001384,-0.08391608391608392,1.1135978443843109,0.858188530874297
T1_select_source,mistral7b,pair_geometry_compatibility_score,12,1,0.0,0.46153846153846156,1.1135978443843109,1.1135978443843109
T1_select_source,qwen1.5b,rel_direction_l1_to_target,12,0,0.42431657719687244,-0.13286713286713286,0.6616911249854125,0.23737454778854006
T1_select_source,qwen1.5b,rel_direction_rmse_to_target,12,0,0.42431657719687244,-0.13286713286713286,0.6616911249854125,0.23737454778854006
T1_select_source,qwen1.5b,rel_magnitude_l1_to_target,12,0,0.32764179017388256,0.24475524475524477,0.6616911249854125,0.33404933481152993
T1_select_source,qwen1.5b,rel_magnitude_rmse_to_target,12,0,0.32764179017388256,0.24475524475524477,0.6616911249854125,0.33404933481152993
T1_select_source,qwen1.5b,memory_target_norm_gap,12,0,0.42431657719687244,-0.16783216783216784,0.6616911249854125,0.23737454778854006
T1_select_source,qwen1.5b,anchor_direction_js_to_target,12,0,0.42431657719687244,-0.04895104895104895,0.6616911249854125,0.23737454778854006
T1_select_source,qwen1.5b,target_direction_subspace_residual,12,0,0.16869715665100382,0.14685314685314685,0.6616911249854125,0.49299396833440867
T1_select_source,qwen1.5b,capacity_normalized_direction_rmse,12,0,0.42431657719687244,-0.13286713286713286,0.6616911249854125,0.23737454778854006
T1_select_source,qwen1.5b,diagnostic_rel_direction_z2_mean,12,0,0.42431657719687244,-0.13286713286713286,0.6616911249854125,0.23737454778854006
T1_select_source,qwen1.5b,diagnostic_rel_magnitude_z_abs_mean,12,0,0.4416428404714669,0.32167832167832167,0.6616911249854125,0.2200482845139456
T1_select_source,qwen1.5b,diagnostic_target_direction_std_mean,12,0,0.42431657719687244,-0.31298621848313535,0.6616911249854125,0.23737454778854006
T1_select_source,qwen1.5b,diagnostic_target_direction_std_min,12,0,0.42431657719687244,-0.31298621848313535,0.6616911249854125,0.23737454778854006
T1_select_source,qwen1.5b,diagnostic_target_magnitude_std_mean,12,0,0.4416428404714669,-0.05343667144834018,0.6616911249854125,0.2200482845139456
T1_select_source,qwen1.5b,diagnostic_target_magnitude_std_min,12,0,0.4416428404714669,-0.05343667144834018,0.6616911249854125,0.2200482845139456
T1_select_source,qwen1.5b,source_native_nll,12,0,0.4779134058379436,0.03496503496503497,0.6616911249854125,0.18377771914746885
T1_select_source,qwen1.5b,target_minus_source_nll,12,0,0.4416428404714669,-0.03496503496503497,0.6616911249854125,0.2200482845139456
T1_select_source,qwen1.5b,source_hidden_size,12,0,0.39528751896370634,-0.4731059089695756,0.6616911249854125,0.26640360602170615
T1_select_source,qwen1.5b,abs_log_hidden_ratio,12,0,0.32764179017388256,0.4731059089695756,0.6616911249854125,0.33404933481152993
T1_select_source,qwen1.5b,prior_same_model_family,12,0,0.4416428404714669,0.15362746694975674,0.6616911249854125,0.2200482845139456
T1_select_source,qwen1.5b,prior_cross_model_family,12,0,0.32764179017388256,-0.15362746694975674,0.6616911249854125,0.33404933481152993
T1_select_source,qwen1.5b,prior_source_param_b,12,0,0.39528751896370634,-0.4876630138609472,0.6616911249854125,0.26640360602170615
T1_select_source,qwen1.5b,prior_log_param_ratio_target_over_source,12,0,0.32764179017388256,0.4876630138609472,0.6616911249854125,0.33404933481152993
T1_select_source,qwen1.5b,pair_normalized_direction_rmse,12,0,0.42431657719687244,-0.027972027972027972,0.6616911249854125,0.23737454778854006
T1_select_source,qwen1.5b,target_readability_z2_mean,12,0,0.42431657719687244,-0.13286713286713286,0.6616911249854125,0.23737454778854006
T1_select_source,qwen1.5b,target_readability_tail_frac,12,0,0.42431657719687244,-0.14010529366766925,0.6616911249854125,0.23737454778854006
T1_select_source,qwen1.5b,target_readability_cross_entropy,12,0,0.1917332081957528,0.11888111888111888,0.6616911249854125,0.4699579167896597
T1_select_source,qwen1.5b,source_to_target_anchor_kl,12,0,0.42431657719687244,-0.04895104895104895,0.6616911249854125,0.23737454778854006
T1_select_source,qwen1.5b,target_readability_energy,12,0,0.21976517158257614,0.2727272727272727,0.6616911249854125,0.44192595340283636
T1_select_source,qwen1.5b,source_target_top_anchor_overlap,12,0,0.21976517158257614,0.45454545454545453,0.6616911249854125,0.44192595340283636
T1_select_source,qwen1.5b,source_target_direction_entropy_gap,12,0,0.2891345503654283,-0.14685314685314685,0.6616911249854125,0.3725565746199842
T1_select_source,qwen1.5b,source_target_direction_dispersion_gap,12,0,0.2891345503654283,0.04895104895104895,0.6616911249854125,0.3725565746199842
T1_select_source,qwen1.5b,diagnostic_source_direction_entropy_mean,12,0,0.42431657719687244,-0.32167832167832167,0.6616911249854125,0.23737454778854006
T1_select_source,qwen1.5b,diagnostic_target_direction_entropy,12,0,0.42431657719687244,-0.3282538388969468,0.6616911249854125,0.23737454778854006
T1_select_source,qwen1.5b,diagnostic_source_direction_std_mean,12,0,0.2891345503654283,-0.006993006993006993,0.6616911249854125,0.3725565746199842
T1_select_source,qwen1.5b,_z_log_param_ratio,12,0,0.32764179017388256,0.4876630138609472,0.6616911249854125,0.33404933481152993
T1_select_source,qwen1.5b,_z_neg_direction_rmse,12,0,0.42431657719687244,-0.13286713286713286,0.6616911249854125,0.23737454778854006
T1_select_source,qwen1.5b,_z_neg_anchor_js,12,0,0.42431657719687244,-0.04895104895104895,0.6616911249854125,0.23737454778854006
T1_select_source,qwen1.5b,_z_neg_magnitude_rmse,12,0,0.32764179017388256,0.24475524475524477,0.6616911249854125,0.33404933481152993
T1_select_source,qwen1.5b,_z_neg_subspace_residual,12,0,0.16869715665100382,0.14685314685314685,0.6616911249854125,0.49299396833440867
T1_select_source,qwen1.5b,_z_neg_pair_norm_direction_rmse,12,0,0.42431657719687244,-0.027972027972027972,0.6616911249854125,0.23737454778854006
T1_select_source,qwen1.5b,_z_neg_target_readability_z2,12,0,0.42431657719687244,-0.13286713286713286,0.6616911249854125,0.23737454778854006
T1_select_source,qwen1.5b,_z_neg_target_readability_tail,12,0,0.42431657719687244,-0.14010529366766925,0.6616911249854125,0.23737454778854006
T1_select_source,qwen1.5b,_z_neg_target_readability_ce,12,0,0.1917332081957528,0.11888111888111888,0.6616911249854125,0.4699579167896597
T1_select_source,qwen1.5b,_z_neg_source_to_target_kl,12,0,0.42431657719687244,-0.04895104895104895,0.6616911249854125,0.23737454778854006
T1_select_source,qwen1.5b,_z_target_readability_energy,12,0,0.21976517158257614,0.2727272727272727,0.6616911249854125,0.44192595340283636
T1_select_source,qwen1.5b,_z_top_anchor_overlap,12,0,0.21976517158257614,0.45454545454545453,0.6616911249854125,0.44192595340283636
T1_select_source,qwen1.5b,_z_neg_direction_entropy_gap,12,0,0.2891345503654283,-0.14685314685314685,0.6616911249854125,0.3725565746199842
T1_select_source,qwen1.5b,_z_neg_direction_dispersion_gap,12,0,0.2891345503654283,0.04895104895104895,0.6616911249854125,0.3725565746199842
T1_select_source,qwen1.5b,_z_neg_source_native_nll,12,0,0.4779134058379436,0.03496503496503497,0.6616911249854125,0.18377771914746885
T1_select_source,qwen1.5b,combined_hidden_direction_score,12,0,0.42431657719687244,-0.13286713286713286,0.6616911249854125,0.23737454778854006
T1_select_source,qwen1.5b,combined_hidden_js_score,12,0,0.42431657719687244,-0.04895104895104895,0.6616911249854125,0.23737454778854006
T1_select_source,qwen1.5b,combined_hidden_source_quality_score,12,0,0.4779134058379436,0.03496503496503497,0.6616911249854125,0.18377771914746885
T1_select_source,qwen1.5b,combined_param_direction_score,12,0,0.42431657719687244,-0.13286713286713286,0.6616911249854125,0.23737454778854006
T1_select_source,qwen1.5b,combined_ratio_direction_score,12,0,0.32764179017388256,0.2517482517482518,0.6616911249854125,0.33404933481152993
T1_select_source,qwen1.5b,pair_geometry_compatibility_score,12,1,0.0,0.2937062937062937,0.6616911249854125,0.6616911249854125
T1_select_source,qwen3b,rel_direction_l1_to_target,12,0,0.24805554398015342,0.013986013986013986,0.3680886085990798,0.1200330646189264
T1_select_source,qwen3b,rel_direction_rmse_to_target,12,0,0.24805554398015342,0.006993006993006993,0.3680886085990798,0.1200330646189264
T1_select_source,qwen3b,rel_magnitude_l1_to_target,12,0,0.33864139804003285,-0.02097902097902098,0.3680886085990798,0.029447210559047
T1_select_source,qwen3b,rel_magnitude_rmse_to_target,12,0,0.33864139804003285,-0.02097902097902098,0.3680886085990798,0.029447210559047
T1_select_source,qwen3b,memory_target_norm_gap,12,0,0.24805554398015342,0.15384615384615385,0.3680886085990798,0.1200330646189264
T1_select_source,qwen3b,anchor_direction_js_to_target,12,0,0.24805554398015342,0.35664335664335667,0.3680886085990798,0.1200330646189264
T1_select_source,qwen3b,target_direction_subspace_residual,12,0,0.3475539921465969,0.06993006993006994,0.3680886085990798,0.020534616452482946
T1_select_source,qwen3b,capacity_normalized_direction_rmse,12,0,0.24805554398015342,0.006993006993006993,0.3680886085990798,0.1200330646189264
T1_select_source,qwen3b,diagnostic_rel_direction_z2_mean,12,0,0.24805554398015342,0.013986013986013986,0.3680886085990798,0.1200330646189264
T1_select_source,qwen3b,diagnostic_rel_magnitude_z_abs_mean,12,0,0.3453180561959078,-0.5734265734265734,0.3680886085990798,0.022770552403172044
T1_select_source,qwen3b,diagnostic_target_direction_std_mean,12,0,0.3453180561959078,-0.36642288993147554,0.3680886085990798,0.022770552403172044
T1_select_source,qwen3b,diagnostic_target_direction_std_min,12,0,0.24805554398015342,-0.18321144496573777,0.3680886085990798,0.1200330646189264
T1_select_source,qwen3b,diagnostic_target_magnitude_std_mean,12,0,0.3453180561959078,-0.36642288993147554,0.3680886085990798,0.022770552403172044
T1_select_source,qwen3b,diagnostic_target_magnitude_std_min,12,0,0.3453180561959078,-0.36642288993147554,0.3680886085990798,0.022770552403172044
T1_select_source,qwen3b,source_native_nll,12,1,0.0,0.6013986013986014,0.3680886085990798,0.3680886085990798
T1_select_source,qwen3b,target_minus_source_nll,12,0,0.3453180561959078,-0.6013986013986014,0.3680886085990798,0.022770552403172044
T1_select_source,qwen3b,source_hidden_size,12,0,0.27094197705713297,0.28682864310588757,0.3680886085990798,0.09714663154194687
T1_select_source,qwen3b,abs_log_hidden_ratio,12,0,0.33864139804003285,-0.18643861801882694,0.3680886085990798,0.029447210559047
T1_select_source,qwen3b,prior_same_model_family,12,0,0.3453180561959078,-0.40967324519935133,0.3680886085990798,0.022770552403172044
T1_select_source,qwen3b,prior_cross_model_family,12,0,0.33864139804003285,0.40967324519935133,0.3680886085990798,0.029447210559047
T1_select_source,qwen3b,prior_source_param_b,12,0,0.27094197705713297,0.16492646978588538,0.3680886085990798,0.09714663154194687
T1_select_source,qwen3b,prior_log_param_ratio_target_over_source,12,0,0.33864139804003285,-0.16492646978588538,0.3680886085990798,0.029447210559047
T1_select_source,qwen3b,prior_param_tier_jump,12,0,0.33864139804003285,0.08362420100070908,0.3680886085990798,0.029447210559047
T1_select_source,qwen3b,pair_normalized_direction_rmse,12,0,0.24805554398015342,0.055944055944055944,0.3680886085990798,0.1200330646189264
T1_select_source,qwen3b,target_readability_z2_mean,12,0,0.24805554398015342,0.013986013986013986,0.3680886085990798,0.1200330646189264
T1_select_source,qwen3b,target_readability_tail_frac,12,0,0.24805554398015342,0.024518426391842117,0.3680886085990798,0.1200330646189264
T1_select_source,qwen3b,target_readability_cross_entropy,12,0,0.0720316714263049,0.04195804195804196,0.3680886085990798,0.2960569371727749
T1_select_source,qwen3b,source_to_target_anchor_kl,12,0,0.24805554398015342,0.35664335664335667,0.3680886085990798,0.1200330646189264
T1_select_source,qwen3b,target_readability_energy,12,0,0.3453180561959078,-0.11188811188811189,0.3680886085990798,0.022770552403172044
T1_select_source,qwen3b,source_target_top_anchor_overlap,12,0,0.2638525305410122,-0.04195804195804196,0.3680886085990798,0.1042360780580676
T1_select_source,qwen3b,source_target_direction_entropy_gap,12,0,0.02120518007298111,0.3776223776223776,0.3680886085990798,0.3468834285260987
T1_select_source,qwen3b,source_target_direction_dispersion_gap,12,0,0.02120518007298111,0.06993006993006994,0.3680886085990798,0.3468834285260987
T1_select_source,qwen3b,diagnostic_source_direction_entropy_mean,12,0,0.24805554398015342,0.13986013986013987,0.3680886085990798,0.1200330646189264
T1_select_source,qwen3b,diagnostic_target_direction_entropy,12,0,0.24805554398015342,0.36642288993147554,0.3680886085990798,0.1200330646189264
T1_select_source,qwen3b,diagnostic_source_direction_std_mean,12,0,0.02120518007298111,0.06293706293706294,0.3680886085990798,0.3468834285260987
T1_select_source,qwen3b,_z_log_param_ratio,12,0,0.33864139804003285,-0.16492646978588538,0.3680886085990798,0.029447210559047
T1_select_source,qwen3b,_z_neg_direction_rmse,12,0,0.24805554398015342,0.006993006993006993,0.3680886085990798,0.1200330646189264
T1_select_source,qwen3b,_z_neg_anchor_js,12,0,0.24805554398015342,0.35664335664335667,0.3680886085990798,0.1200330646189264
T1_select_source,qwen3b,_z_neg_magnitude_rmse,12,0,0.33864139804003285,-0.02097902097902098,0.3680886085990798,0.029447210559047
T1_select_source,qwen3b,_z_neg_subspace_residual,12,0,0.3475539921465969,0.06993006993006994,0.3680886085990798,0.020534616452482946
T1_select_source,qwen3b,_z_neg_pair_norm_direction_rmse,12,0,0.24805554398015342,0.055944055944055944,0.3680886085990798,0.1200330646189264
T1_select_source,qwen3b,_z_neg_target_readability_z2,12,0,0.24805554398015342,0.013986013986013986,0.3680886085990798,0.1200330646189264
T1_select_source,qwen3b,_z_neg_target_readability_tail,12,0,0.24805554398015342,0.024518426391842117,0.3680886085990798,0.1200330646189264
T1_select_source,qwen3b,_z_neg_target_readability_ce,12,0,0.0720316714263049,0.04195804195804196,0.3680886085990798,0.2960569371727749
T1_select_source,qwen3b,_z_neg_source_to_target_kl,12,0,0.24805554398015342,0.35664335664335667,0.3680886085990798,0.1200330646189264
T1_select_source,qwen3b,_z_target_readability_energy,12,0,0.3453180561959078,-0.11188811188811189,0.3680886085990798,0.022770552403172044
T1_select_source,qwen3b,_z_top_anchor_overlap,12,0,0.2638525305410122,-0.04195804195804196,0.3680886085990798,0.1042360780580676
T1_select_source,qwen3b,_z_neg_direction_entropy_gap,12,0,0.02120518007298111,0.3776223776223776,0.3680886085990798,0.3468834285260987
T1_select_source,qwen3b,_z_neg_direction_dispersion_gap,12,0,0.02120518007298111,0.06993006993006994,0.3680886085990798,0.3468834285260987
T1_select_source,qwen3b,_z_neg_source_native_nll,12,1,0.0,0.6013986013986014,0.3680886085990798,0.3680886085990798
T1_select_source,qwen3b,combined_hidden_direction_score,12,0,0.24805554398015342,0.006993006993006993,0.3680886085990798,0.1200330646189264
T1_select_source,qwen3b,combined_hidden_js_score,12,0,0.24805554398015342,0.35664335664335667,0.3680886085990798,0.1200330646189264
T1_select_source,qwen3b,combined_hidden_source_quality_score,12,1,0.0,0.6013986013986014,0.3680886085990798,0.3680886085990798
T1_select_source,qwen3b,combined_param_direction_score,12,0,0.24805554398015342,0.006993006993006993,0.3680886085990798,0.1200330646189264
T1_select_source,qwen3b,combined_ratio_direction_score,12,0,0.33864139804003285,-0.08391608391608392,0.3680886085990798,0.029447210559047
T1_select_source,qwen3b,pair_geometry_compatibility_score,12,0,0.3453180561959078,-0.20279720279720279,0.3680886085990798,0.022770552403172044
T1_select_source,qwen7b,rel_direction_l1_to_target,11,0,0.08536000066199412,0.19090909090909092,1.0306089518151051,0.945248951153111
T1_select_source,qwen7b,rel_direction_rmse_to_target,11,0,0.08536000066199412,0.16363636363636364,1.0306089518151051,0.945248951153111
T1_select_source,qwen7b,rel_magnitude_l1_to_target,11,1,0.0,0.6,1.0306089518151051,1.0306089518151051
T1_select_source,qwen7b,rel_magnitude_rmse_to_target,11,1,0.0,0.6,1.0306089518151051,1.0306089518151051
T1_select_source,qwen7b,memory_target_norm_gap,11,1,0.0,0.13636363636363635,1.0306089518151051,1.0306089518151051
T1_select_source,qwen7b,anchor_direction_js_to_target,11,0,0.11080131372441093,-0.37272727272727274,1.0306089518151051,0.9198076380906942
T1_select_source,qwen7b,target_direction_subspace_residual,11,0,0.3604963431100239,-0.37272727272727274,1.0306089518151051,0.6701126087050813
T1_select_source,qwen7b,capacity_normalized_direction_rmse,11,0,0.08536000066199412,0.16363636363636364,1.0306089518151051,0.945248951153111
T1_select_source,qwen7b,diagnostic_rel_direction_z2_mean,11,0,0.08536000066199412,0.13636363636363635,1.0306089518151051,0.945248951153111
T1_select_source,qwen7b,diagnostic_rel_magnitude_z_abs_mean,11,0,0.0121103544150869,-0.01818181818181818,1.0306089518151051,1.0184985974000182
T1_select_source,qwen7b,diagnostic_target_direction_std_mean,11,0,0.28926659329565485,-0.3972306732771373,1.0306089518151051,0.7413423585194503
T1_select_source,qwen7b,diagnostic_target_direction_std_min,11,1,0.0,0.40414518843273806,1.0306089518151051,1.0306089518151051
T1_select_source,qwen7b,diagnostic_target_magnitude_std_mean,11,0,0.0121103544150869,-0.1814510482870874,1.0306089518151051,1.0184985974000182
T1_select_source,qwen7b,diagnostic_target_magnitude_std_min,11,0,0.0121103544150869,-0.1814510482870874,1.0306089518151051,1.0184985974000182
T1_select_source,qwen7b,source_native_nll,11,0,0.11080131372441093,-0.6090909090909091,1.0306089518151051,0.9198076380906942
T1_select_source,qwen7b,target_minus_source_nll,11,0,0.0121103544150869,0.6090909090909091,1.0306089518151051,1.0184985974000182
T1_select_source,qwen7b,source_hidden_size,11,0,0.08536000066199412,-0.4437122608289996,1.0306089518151051,0.945248951153111
T1_select_source,qwen7b,abs_log_hidden_ratio,11,0,0.08536000066199412,-0.4437122608289996,1.0306089518151051,0.945248951153111
T1_select_source,qwen7b,prior_same_model_family,11,0,0.0121103544150869,0.11952286093343936,1.0306089518151051,1.0184985974000182
T1_select_source,qwen7b,prior_cross_model_family,11,1,0.0,-0.11952286093343936,1.0306089518151051,1.0306089518151051
T1_select_source,qwen7b,prior_source_param_b,11,0,0.08536000066199412,-0.4920313624760916,1.0306089518151051,0.945248951153111
T1_select_source,qwen7b,prior_log_param_ratio_target_over_source,11,1,0.0,0.4920313624760916,1.0306089518151051,1.0306089518151051
T1_select_source,qwen7b,prior_param_tier_jump,11,1,0.0,0.5489913165772115,1.0306089518151051,1.0306089518151051
T1_select_source,qwen7b,pair_normalized_direction_rmse,11,0,0.08536000066199412,0.19090909090909092,1.0306089518151051,0.945248951153111
T1_select_source,qwen7b,target_readability_z2_mean,11,0,0.08536000066199412,0.06363636363636363,1.0306089518151051,0.945248951153111
T1_select_source,qwen7b,target_readability_tail_frac,11,0,0.08756733721151544,0.08374357893586239,1.0306089518151051,0.9430416146035897
T1_select_source,qwen7b,target_magnitude_tail_frac,11,0,0.0121103544150869,0.26593594178615615,1.0306089518151051,1.0184985974000182
T1_select_source,qwen7b,target_readability_cross_entropy,11,0,0.0121103544150869,0.2818181818181818,1.0306089518151051,1.0184985974000182
T1_select_source,qwen7b,source_to_target_anchor_kl,11,0,0.11080131372441093,-0.37272727272727274,1.0306089518151051,0.9198076380906942
T1_select_source,qwen7b,target_readability_energy,11,0,0.0121103544150869,-0.17272727272727273,1.0306089518151051,1.0184985974000182
T1_select_source,qwen7b,source_target_top_anchor_overlap,11,0,0.3604963431100239,-0.3090909090909091,1.0306089518151051,0.6701126087050813
T1_select_source,qwen7b,source_target_direction_entropy_gap,11,0,0.28926659329565485,-0.5181818181818182,1.0306089518151051,0.7413423585194503
T1_select_source,qwen7b,source_target_direction_dispersion_gap,11,0,0.0121103544150869,0.1,1.0306089518151051,1.0184985974000182
T1_select_source,qwen7b,diagnostic_source_direction_entropy_mean,11,0,0.28926659329565485,-0.5181818181818182,1.0306089518151051,0.7413423585194503
T1_select_source,qwen7b,diagnostic_target_direction_entropy,11,1,0.0,0.5737776391780872,1.0306089518151051,1.0306089518151051
T1_select_source,qwen7b,diagnostic_source_direction_std_mean,11,0,0.0121103544150869,0.1,1.0306089518151051,1.0184985974000182
T1_select_source,qwen7b,_z_log_param_ratio,11,1,0.0,0.4920313624760916,1.0306089518151051,1.0306089518151051
T1_select_source,qwen7b,_z_neg_direction_rmse,11,0,0.08536000066199412,0.16363636363636364,1.0306089518151051,0.945248951153111
T1_select_source,qwen7b,_z_neg_anchor_js,11,0,0.11080131372441093,-0.37272727272727274,1.0306089518151051,0.9198076380906942
T1_select_source,qwen7b,_z_neg_magnitude_rmse,11,1,0.0,0.6,1.0306089518151051,1.0306089518151051
T1_select_source,qwen7b,_z_neg_subspace_residual,11,0,0.3604963431100239,-0.37272727272727274,1.0306089518151051,0.6701126087050813
T1_select_source,qwen7b,_z_neg_pair_norm_direction_rmse,11,0,0.08536000066199412,0.19090909090909092,1.0306089518151051,0.945248951153111
T1_select_source,qwen7b,_z_neg_target_readability_z2,11,0,0.08536000066199412,0.06363636363636363,1.0306089518151051,0.945248951153111
T1_select_source,qwen7b,_z_neg_target_readability_tail,11,0,0.08756733721151544,0.08374357893586239,1.0306089518151051,0.9430416146035897
T1_select_source,qwen7b,_z_neg_target_magnitude_tail,11,0,0.0121103544150869,0.26593594178615615,1.0306089518151051,1.0184985974000182
T1_select_source,qwen7b,_z_neg_target_readability_ce,11,0,0.0121103544150869,0.2818181818181818,1.0306089518151051,1.0184985974000182
T1_select_source,qwen7b,_z_neg_source_to_target_kl,11,0,0.11080131372441093,-0.37272727272727274,1.0306089518151051,0.9198076380906942
T1_select_source,qwen7b,_z_target_readability_energy,11,0,0.0121103544150869,-0.17272727272727273,1.0306089518151051,1.0184985974000182
T1_select_source,qwen7b,_z_top_anchor_overlap,11,0,0.3604963431100239,-0.3090909090909091,1.0306089518151051,0.6701126087050813
T1_select_source,qwen7b,_z_neg_direction_entropy_gap,11,0,0.28926659329565485,-0.5181818181818182,1.0306089518151051,0.7413423585194503
T1_select_source,qwen7b,_z_neg_direction_dispersion_gap,11,0,0.0121103544150869,0.1,1.0306089518151051,1.0184985974000182
T1_select_source,qwen7b,_z_neg_source_native_nll,11,0,0.11080131372441093,-0.6090909090909091,1.0306089518151051,0.9198076380906942
T1_select_source,qwen7b,combined_hidden_direction_score,11,0,0.08536000066199412,0.16363636363636364,1.0306089518151051,0.945248951153111
T1_select_source,qwen7b,combined_hidden_js_score,11,0,0.11080131372441093,-0.37272727272727274,1.0306089518151051,0.9198076380906942
T1_select_source,qwen7b,combined_hidden_source_quality_score,11,0,0.11080131372441093,-0.6090909090909091,1.0306089518151051,0.9198076380906942
T1_select_source,qwen7b,combined_param_direction_score,11,0,0.08536000066199412,0.16363636363636364,1.0306089518151051,0.945248951153111
T1_select_source,qwen7b,combined_ratio_direction_score,11,1,0.0,0.6,1.0306089518151051,1.0306089518151051
T1_select_source,qwen7b,pair_geometry_compatibility_score,11,0,0.28926659329565485,0.10909090909090909,1.0306089518151051,0.7413423585194503
T2_select_target,gpt2:llama1b,rel_direction_l1_to_target,6,1,0.0,0.7714285714285715,1.0306089518151051,1.0306089518151051
T2_select_target,gpt2:llama1b,rel_direction_rmse_to_target,6,1,0.0,0.7714285714285715,1.0306089518151051,1.0306089518151051
T2_select_target,gpt2:llama1b,rel_magnitude_l1_to_target,6,0,0.17242042094080812,-0.42857142857142855,1.0306089518151051,0.858188530874297
T2_select_target,gpt2:llama1b,rel_magnitude_rmse_to_target,6,0,0.17242042094080812,-0.42857142857142855,1.0306089518151051,0.858188530874297
T2_select_target,gpt2:llama1b,memory_target_norm_gap,6,0,1.001161741256058,-0.7142857142857143,1.0306089518151051,0.029447210559047
T2_select_target,gpt2:llama1b,anchor_direction_js_to_target,6,0,0.16756878018610533,0.6,1.0306089518151051,0.8630401716289998
T2_select_target,gpt2:llama1b,target_direction_subspace_residual,6,0,0.21036921911988649,-0.7142857142857143,1.0306089518151051,0.8202397326952187
T2_select_target,gpt2:llama1b,capacity_normalized_direction_rmse,6,1,0.0,0.7714285714285715,1.0306089518151051,1.0306089518151051
T2_select_target,gpt2:llama1b,diagnostic_rel_direction_z2_mean,6,1,0.0,0.7142857142857143,1.0306089518151051,1.0306089518151051
T2_select_target,gpt2:llama1b,diagnostic_rel_magnitude_z_abs_mean,6,0,0.16756878018610533,0.9428571428571428,1.0306089518151051,0.8630401716289998
T2_select_target,gpt2:llama1b,diagnostic_target_direction_std_mean,6,0,0.21036921911988649,-0.6,1.0306089518151051,0.8202397326952187
T2_select_target,gpt2:llama1b,diagnostic_target_direction_std_min,6,1,0.0,-0.02857142857142857,1.0306089518151051,1.0306089518151051
T2_select_target,gpt2:llama1b,diagnostic_target_magnitude_std_mean,6,0,0.16756878018610533,0.9428571428571428,1.0306089518151051,0.8630401716289998
T2_select_target,gpt2:llama1b,diagnostic_target_magnitude_std_min,6,0,0.16756878018610533,0.9428571428571428,1.0306089518151051,0.8630401716289998
T2_select_target,gpt2:llama1b,target_text_nll,6,0,0.17242042094080812,0.37142857142857144,1.0306089518151051,0.858188530874297
T2_select_target,gpt2:llama1b,source_native_nll,6,0,1.001161741256058,-0.42857142857142855,1.0306089518151051,0.029447210559047
T2_select_target,gpt2:llama1b,target_minus_source_nll,6,0,0.17242042094080812,0.37142857142857144,1.0306089518151051,0.858188530874297
T2_select_target,gpt2:llama1b,target_hidden_size,6,0,0.16756878018610533,0.753702346348183,1.0306089518151051,0.8630401716289998
T2_select_target,gpt2:llama1b,abs_log_hidden_ratio,6,0,1.001161741256058,-0.8116794499134278,1.0306089518151051,0.029447210559047
T2_select_target,gpt2:llama1b,prior_same_model_family,6,0,0.21036921911988649,0.20701966780270628,1.0306089518151051,0.8202397326952187
T2_select_target,gpt2:llama1b,prior_cross_model_family,6,0,0.17242042094080812,-0.20701966780270628,1.0306089518151051,0.858188530874297
T2_select_target,gpt2:llama1b,prior_target_param_b,6,0,0.16756878018610533,0.7944613465542745,1.0306089518151051,0.8630401716289998
T2_select_target,gpt2:llama1b,prior_log_param_ratio_target_over_source,6,0,0.16756878018610533,0.7944613465542745,1.0306089518151051,0.8630401716289998
T2_select_target,gpt2:llama1b,prior_param_tier_jump,6,0,0.21036921911988649,0.3927922024247863,1.0306089518151051,0.8202397326952187
T2_select_target,gpt2:llama1b,pair_normalized_direction_rmse,6,1,0.0,0.7714285714285715,1.0306089518151051,1.0306089518151051
T2_select_target,gpt2:llama1b,target_readability_z2_mean,6,1,0.0,0.7142857142857143,1.0306089518151051,1.0306089518151051
T2_select_target,gpt2:llama1b,target_readability_tail_frac,6,1,0.0,0.7714285714285715,1.0306089518151051,1.0306089518151051
T2_select_target,gpt2:llama1b,target_readability_cross_entropy,6,0,0.16756878018610533,0.6,1.0306089518151051,0.8630401716289998
T2_select_target,gpt2:llama1b,source_to_target_anchor_kl,6,0,0.16756878018610533,0.6,1.0306089518151051,0.8630401716289998
T2_select_target,gpt2:llama1b,target_readability_energy,6,0,0.17242042094080812,0.5428571428571428,1.0306089518151051,0.858188530874297
T2_select_target,gpt2:llama1b,source_target_top_anchor_overlap,6,0,0.16756878018610533,-0.08571428571428572,1.0306089518151051,0.8630401716289998
T2_select_target,gpt2:llama1b,source_target_direction_entropy_gap,6,0,1.001161741256058,0.08571428571428572,1.0306089518151051,0.029447210559047
T2_select_target,gpt2:llama1b,source_target_direction_dispersion_gap,6,0,0.16756878018610533,0.6,1.0306089518151051,0.8630401716289998
T2_select_target,gpt2:llama1b,diagnostic_source_direction_entropy_mean,6,0,0.21036921911988649,0.030358837035945812,1.0306089518151051,0.8202397326952187
T2_select_target,gpt2:llama1b,diagnostic_target_direction_entropy,6,0,0.16756878018610533,0.6,1.0306089518151051,0.8630401716289998
T2_select_target,gpt2:llama1b,diagnostic_source_direction_std_mean,6,0,0.21036921911988649,0.15179418517972906,1.0306089518151051,0.8202397326952187
T2_select_target,gpt2:llama1b,_z_target_hidden_size,6,0,0.16756878018610533,0.753702346348183,1.0306089518151051,0.8630401716289998
T2_select_target,gpt2:llama1b,_z_prior_target_param_b,6,0,0.16756878018610533,0.7944613465542745,1.0306089518151051,0.8630401716289998
T2_select_target,gpt2:llama1b,_z_log_param_ratio,6,0,0.16756878018610533,0.7944613465542745,1.0306089518151051,0.8630401716289998
T2_select_target,gpt2:llama1b,_z_neg_direction_rmse,6,1,0.0,0.7714285714285715,1.0306089518151051,1.0306089518151051
T2_select_target,gpt2:llama1b,_z_neg_anchor_js,6,0,0.16756878018610533,0.6,1.0306089518151051,0.8630401716289998
T2_select_target,gpt2:llama1b,_z_neg_magnitude_rmse,6,0,0.17242042094080812,-0.42857142857142855,1.0306089518151051,0.858188530874297
T2_select_target,gpt2:llama1b,_z_neg_subspace_residual,6,0,0.21036921911988649,-0.7142857142857143,1.0306089518151051,0.8202397326952187
T2_select_target,gpt2:llama1b,_z_neg_pair_norm_direction_rmse,6,1,0.0,0.7714285714285715,1.0306089518151051,1.0306089518151051
T2_select_target,gpt2:llama1b,_z_neg_target_readability_z2,6,1,0.0,0.7142857142857143,1.0306089518151051,1.0306089518151051
T2_select_target,gpt2:llama1b,_z_neg_target_readability_tail,6,1,0.0,0.7714285714285715,1.0306089518151051,1.0306089518151051
T2_select_target,gpt2:llama1b,_z_neg_target_readability_ce,6,0,0.16756878018610533,0.6,1.0306089518151051,0.8630401716289998
T2_select_target,gpt2:llama1b,_z_neg_source_to_target_kl,6,0,0.16756878018610533,0.6,1.0306089518151051,0.8630401716289998
T2_select_target,gpt2:llama1b,_z_target_readability_energy,6,0,0.17242042094080812,0.5428571428571428,1.0306089518151051,0.858188530874297
T2_select_target,gpt2:llama1b,_z_top_anchor_overlap,6,0,0.16756878018610533,-0.08571428571428572,1.0306089518151051,0.8630401716289998
T2_select_target,gpt2:llama1b,_z_neg_direction_entropy_gap,6,0,1.001161741256058,0.08571428571428572,1.0306089518151051,0.029447210559047
T2_select_target,gpt2:llama1b,_z_neg_direction_dispersion_gap,6,0,0.16756878018610533,0.6,1.0306089518151051,0.8630401716289998
T2_select_target,gpt2:llama1b,_z_neg_source_native_nll,6,0,1.001161741256058,-0.42857142857142855,1.0306089518151051,0.029447210559047
T2_select_target,gpt2:llama1b,combined_hidden_direction_score,6,0,0.16756878018610533,0.6571428571428571,1.0306089518151051,0.8630401716289998
T2_select_target,gpt2:llama1b,combined_hidden_js_score,6,0,0.16756878018610533,0.6571428571428571,1.0306089518151051,0.8630401716289998
T2_select_target,gpt2:llama1b,combined_hidden_source_quality_score,6,0,0.16756878018610533,0.7714285714285715,1.0306089518151051,0.8630401716289998
T2_select_target,gpt2:llama1b,combined_param_direction_score,6,0,0.16756878018610533,0.7142857142857143,1.0306089518151051,0.8630401716289998
T2_select_target,gpt2:llama1b,combined_ratio_direction_score,6,0,0.16756878018610533,0.7142857142857143,1.0306089518151051,0.8630401716289998
T2_select_target,gpt2:llama1b,pair_geometry_compatibility_score,6,0,0.16756878018610533,0.7142857142857143,1.0306089518151051,0.8630401716289998
T2_select_target,gpt2:llama3b,rel_direction_l1_to_target,6,0,0.045997731156934285,0.7714285714285715,0.9430416146035897,0.8970438834466554
T2_select_target,gpt2:llama3b,rel_direction_rmse_to_target,6,0,0.045997731156934285,0.7714285714285715,0.9430416146035897,0.8970438834466554
T2_select_target,gpt2:llama3b,rel_magnitude_l1_to_target,6,0,0.13045175998425917,-0.3142857142857143,0.9430416146035897,0.8125898546193305
T2_select_target,gpt2:llama3b,rel_magnitude_rmse_to_target,6,0,0.13045175998425917,-0.3142857142857143,0.9430416146035897,0.8125898546193305
T2_select_target,gpt2:llama3b,memory_target_norm_gap,6,0,0.9139671535452901,-0.7142857142857143,0.9430416146035897,0.02907446105829957
T2_select_target,gpt2:llama3b,anchor_direction_js_to_target,6,0,0.045997731156934285,0.6571428571428571,0.9430416146035897,0.8970438834466554
T2_select_target,gpt2:llama3b,target_direction_subspace_residual,6,0,0.2861251436525304,-0.8285714285714286,0.9430416146035897,0.6569164709510593
T2_select_target,gpt2:llama3b,capacity_normalized_direction_rmse,6,0,0.045997731156934285,0.7714285714285715,0.9430416146035897,0.8970438834466554
T2_select_target,gpt2:llama3b,diagnostic_rel_direction_z2_mean,6,1,0.0,0.42857142857142855,0.9430416146035897,0.9430416146035897
T2_select_target,gpt2:llama3b,diagnostic_rel_magnitude_z_abs_mean,6,0,0.045997731156934285,0.8857142857142857,0.9430416146035897,0.8970438834466554
T2_select_target,gpt2:llama3b,diagnostic_target_direction_std_mean,6,0,0.2861251436525304,-0.6571428571428571,0.9430416146035897,0.6569164709510593
T2_select_target,gpt2:llama3b,diagnostic_target_direction_std_min,6,1,0.0,0.02857142857142857,0.9430416146035897,0.9430416146035897
T2_select_target,gpt2:llama3b,diagnostic_target_magnitude_std_mean,6,0,0.045997731156934285,0.8857142857142857,0.9430416146035897,0.8970438834466554
T2_select_target,gpt2:llama3b,diagnostic_target_magnitude_std_min,6,0,0.045997731156934285,0.8857142857142857,0.9430416146035897,0.8970438834466554
T2_select_target,gpt2:llama3b,target_text_nll,6,0,0.13045175998425917,0.42857142857142855,0.9430416146035897,0.8125898546193305
T2_select_target,gpt2:llama3b,source_native_nll,6,0,0.13045175998425917,0.2571428571428571,0.9430416146035897,0.8125898546193305
T2_select_target,gpt2:llama3b,target_minus_source_nll,6,0,0.13045175998425917,0.42857142857142855,0.9430416146035897,0.8125898546193305
T2_select_target,gpt2:llama3b,target_hidden_size,6,0,0.045997731156934285,0.6179143806533246,0.9430416146035897,0.8970438834466554
T2_select_target,gpt2:llama3b,abs_log_hidden_ratio,6,1,0.0,0.7944613465542745,0.9430416146035897,0.9430416146035897
T2_select_target,gpt2:llama3b,prior_same_model_family,6,0,0.2861251436525304,0.0,0.9430416146035897,0.6569164709510593
T2_select_target,gpt2:llama3b,prior_cross_model_family,6,0,0.13045175998425917,0.0,0.9430416146035897,0.8125898546193305
T2_select_target,gpt2:llama3b,prior_target_param_b,6,0,0.045997731156934285,0.7247137945655605,0.9430416146035897,0.8970438834466554
T2_select_target,gpt2:llama3b,prior_log_param_ratio_target_over_source,6,0,0.045997731156934285,0.7247137945655605,0.9430416146035897,0.8970438834466554
T2_select_target,gpt2:llama3b,prior_param_tier_jump,6,0,0.045997731156934285,0.6761234037828133,0.9430416146035897,0.8970438834466554
T2_select_target,gpt2:llama3b,pair_normalized_direction_rmse,6,1,0.0,0.8285714285714286,0.9430416146035897,0.9430416146035897
T2_select_target,gpt2:llama3b,target_readability_z2_mean,6,1,0.0,0.42857142857142855,0.9430416146035897,0.9430416146035897
T2_select_target,gpt2:llama3b,target_readability_tail_frac,6,1,0.0,0.5428571428571428,0.9430416146035897,0.9430416146035897
T2_select_target,gpt2:llama3b,target_readability_cross_entropy,6,0,0.13045175998425917,0.6571428571428571,0.9430416146035897,0.8125898546193305
T2_select_target,gpt2:llama3b,source_to_target_anchor_kl,6,0,0.045997731156934285,0.7714285714285715,0.9430416146035897,0.8970438834466554
T2_select_target,gpt2:llama3b,target_readability_energy,6,0,0.2861251436525304,-0.7714285714285715,0.9430416146035897,0.6569164709510593
T2_select_target,gpt2:llama3b,source_target_top_anchor_overlap,6,0,0.2861251436525304,-0.6,0.9430416146035897,0.6569164709510593
T2_select_target,gpt2:llama3b,source_target_direction_entropy_gap,6,1,0.0,0.8285714285714286,0.9430416146035897,0.9430416146035897
T2_select_target,gpt2:llama3b,source_target_direction_dispersion_gap,6,0,0.045997731156934285,0.6571428571428571,0.9430416146035897,0.8970438834466554
T2_select_target,gpt2:llama3b,diagnostic_source_direction_entropy_mean,6,0,0.045997731156934285,0.030358837035945812,0.9430416146035897,0.8970438834466554
T2_select_target,gpt2:llama3b,diagnostic_target_direction_entropy,6,0,0.045997731156934285,0.6571428571428571,0.9430416146035897,0.8970438834466554
T2_select_target,gpt2:llama3b,diagnostic_source_direction_std_mean,6,0,0.2813504896181772,-0.2732295333235123,0.9430416146035897,0.6616911249854125
T2_select_target,gpt2:llama3b,_z_target_hidden_size,6,0,0.045997731156934285,0.6179143806533246,0.9430416146035897,0.8970438834466554
T2_select_target,gpt2:llama3b,_z_prior_target_param_b,6,0,0.045997731156934285,0.7247137945655605,0.9430416146035897,0.8970438834466554
T2_select_target,gpt2:llama3b,_z_log_param_ratio,6,0,0.045997731156934285,0.7247137945655605,0.9430416146035897,0.8970438834466554
T2_select_target,gpt2:llama3b,_z_neg_direction_rmse,6,0,0.045997731156934285,0.7714285714285715,0.9430416146035897,0.8970438834466554
T2_select_target,gpt2:llama3b,_z_neg_anchor_js,6,0,0.045997731156934285,0.6571428571428571,0.9430416146035897,0.8970438834466554
T2_select_target,gpt2:llama3b,_z_neg_magnitude_rmse,6,0,0.13045175998425917,-0.3142857142857143,0.9430416146035897,0.8125898546193305
T2_select_target,gpt2:llama3b,_z_neg_subspace_residual,6,0,0.2861251436525304,-0.8285714285714286,0.9430416146035897,0.6569164709510593
T2_select_target,gpt2:llama3b,_z_neg_pair_norm_direction_rmse,6,1,0.0,0.8285714285714286,0.9430416146035897,0.9430416146035897
T2_select_target,gpt2:llama3b,_z_neg_target_readability_z2,6,1,0.0,0.42857142857142855,0.9430416146035897,0.9430416146035897
T2_select_target,gpt2:llama3b,_z_neg_target_readability_tail,6,1,0.0,0.5428571428571428,0.9430416146035897,0.9430416146035897
T2_select_target,gpt2:llama3b,_z_neg_target_readability_ce,6,0,0.13045175998425917,0.6571428571428571,0.9430416146035897,0.8125898546193305
T2_select_target,gpt2:llama3b,_z_neg_source_to_target_kl,6,0,0.045997731156934285,0.7714285714285715,0.9430416146035897,0.8970438834466554
T2_select_target,gpt2:llama3b,_z_target_readability_energy,6,0,0.2861251436525304,-0.7714285714285715,0.9430416146035897,0.6569164709510593
T2_select_target,gpt2:llama3b,_z_top_anchor_overlap,6,0,0.2861251436525304,-0.6,0.9430416146035897,0.6569164709510593
T2_select_target,gpt2:llama3b,_z_neg_direction_entropy_gap,6,1,0.0,0.8285714285714286,0.9430416146035897,0.9430416146035897
T2_select_target,gpt2:llama3b,_z_neg_direction_dispersion_gap,6,0,0.045997731156934285,0.6571428571428571,0.9430416146035897,0.8970438834466554
T2_select_target,gpt2:llama3b,_z_neg_source_native_nll,6,0,0.13045175998425917,0.2571428571428571,0.9430416146035897,0.8125898546193305
T2_select_target,gpt2:llama3b,combined_hidden_direction_score,6,0,0.045997731156934285,0.6571428571428571,0.9430416146035897,0.8970438834466554
T2_select_target,gpt2:llama3b,combined_hidden_js_score,6,0,0.045997731156934285,0.6571428571428571,0.9430416146035897,0.8970438834466554
T2_select_target,gpt2:llama3b,combined_hidden_source_quality_score,6,0,0.13045175998425917,0.6,0.9430416146035897,0.8125898546193305
T2_select_target,gpt2:llama3b,combined_param_direction_score,6,0,0.045997731156934285,0.7714285714285715,0.9430416146035897,0.8970438834466554
T2_select_target,gpt2:llama3b,combined_ratio_direction_score,6,0,0.045997731156934285,0.7714285714285715,0.9430416146035897,0.8970438834466554
T2_select_target,gpt2:llama3b,pair_geometry_compatibility_score,6,0,0.13045175998425917,0.42857142857142855,0.9430416146035897,0.8125898546193305
T2_select_target,gpt2:llama8b,rel_direction_l1_to_target,6,1,0.0,0.2,0.945248951153111,0.945248951153111
T2_select_target,gpt2:llama8b,rel_direction_rmse_to_target,6,1,0.0,0.2,0.945248951153111,0.945248951153111
T2_select_target,gpt2:llama8b,rel_magnitude_l1_to_target,6,1,0.0,-0.02857142857142857,0.945248951153111,0.945248951153111
T2_select_target,gpt2:llama8b,rel_magnitude_rmse_to_target,6,1,0.0,-0.02857142857142857,0.945248951153111,0.945248951153111
T2_select_target,gpt2:llama8b,memory_target_norm_gap,6,0,0.8481023196111641,-0.5428571428571428,0.945248951153111,0.09714663154194687
T2_select_target,gpt2:llama8b,anchor_direction_js_to_target,6,0,0.16824830726936424,0.08571428571428572,0.945248951153111,0.7770006438837468
T2_select_target,gpt2:llama8b,target_direction_subspace_residual,6,0,0.1381813273142476,-0.2,0.945248951153111,0.8070676238388634
T2_select_target,gpt2:llama8b,capacity_normalized_direction_rmse,6,1,0.0,0.2,0.945248951153111,0.945248951153111
T2_select_target,gpt2:llama8b,diagnostic_rel_direction_z2_mean,6,1,0.0,0.2,0.945248951153111,0.945248951153111
T2_select_target,gpt2:llama8b,diagnostic_rel_magnitude_z_abs_mean,6,1,0.0,0.9428571428571428,0.945248951153111,0.945248951153111
T2_select_target,gpt2:llama8b,diagnostic_target_direction_std_mean,6,0,0.22209939888107622,-0.2,0.945248951153111,0.7231495522720348
T2_select_target,gpt2:llama8b,diagnostic_target_direction_std_min,6,1,0.0,-0.08571428571428572,0.945248951153111,0.945248951153111
T2_select_target,gpt2:llama8b,diagnostic_target_magnitude_std_mean,6,1,0.0,0.9428571428571428,0.945248951153111,0.945248951153111
T2_select_target,gpt2:llama8b,diagnostic_target_magnitude_std_min,6,1,0.0,0.9428571428571428,0.945248951153111,0.945248951153111
T2_select_target,gpt2:llama8b,target_text_nll,6,0,0.16824830726936424,0.2,0.945248951153111,0.7770006438837468
T2_select_target,gpt2:llama8b,source_native_nll,6,0,0.16824830726936424,0.08571428571428572,0.945248951153111,0.7770006438837468
T2_select_target,gpt2:llama8b,target_minus_source_nll,6,0,0.16824830726936424,0.2,0.945248951153111,0.7770006438837468
T2_select_target,gpt2:llama8b,target_hidden_size,6,0,0.16824830726936424,0.7247137945655605,0.945248951153111,0.7770006438837468
T2_select_target,gpt2:llama8b,abs_log_hidden_ratio,6,0,0.16824830726936424,0.7247137945655605,0.945248951153111,0.7770006438837468
T2_select_target,gpt2:llama8b,prior_same_model_family,6,0,0.22209939888107622,0.20701966780270628,0.945248951153111,0.7231495522720348
T2_select_target,gpt2:llama8b,prior_cross_model_family,6,0,0.16824830726936424,-0.20701966780270628,0.945248951153111,0.7770006438837468
T2_select_target,gpt2:llama8b,prior_target_param_b,6,0,0.16824830726936424,0.5590653920196746,0.945248951153111,0.7770006438837468
T2_select_target,gpt2:llama8b,prior_log_param_ratio_target_over_source,6,0,0.16824830726936424,0.5590653920196746,0.945248951153111,0.7770006438837468
T2_select_target,gpt2:llama8b,prior_param_tier_jump,6,0,0.22209939888107622,-0.6210590034081188,0.945248951153111,0.7231495522720348
T2_select_target,gpt2:llama8b,pair_normalized_direction_rmse,6,1,0.0,0.2,0.945248951153111,0.945248951153111
T2_select_target,gpt2:llama8b,target_readability_z2_mean,6,1,0.0,0.2,0.945248951153111,0.945248951153111
T2_select_target,gpt2:llama8b,target_readability_tail_frac,6,1,0.0,0.2,0.945248951153111,0.945248951153111
T2_select_target,gpt2:llama8b,target_readability_cross_entropy,6,0,0.16824830726936424,0.08571428571428572,0.945248951153111,0.7770006438837468
T2_select_target,gpt2:llama8b,source_to_target_anchor_kl,6,0,0.16824830726936424,0.08571428571428572,0.945248951153111,0.7770006438837468
T2_select_target,gpt2:llama8b,target_readability_energy,6,0,0.16824830726936424,0.08571428571428572,0.945248951153111,0.7770006438837468
T2_select_target,gpt2:llama8b,source_target_top_anchor_overlap,6,1,0.0,0.9428571428571428,0.945248951153111,0.945248951153111
T2_select_target,gpt2:llama8b,source_target_direction_entropy_gap,6,0,0.16824830726936424,0.08571428571428572,0.945248951153111,0.7770006438837468
T2_select_target,gpt2:llama8b,source_target_direction_dispersion_gap,6,0,0.16824830726936424,0.2,0.945248951153111,0.7770006438837468
T2_select_target,gpt2:llama8b,diagnostic_source_direction_entropy_mean,6,0,0.16824830726936424,-0.09258200997725516,0.945248951153111,0.7770006438837468
T2_select_target,gpt2:llama8b,diagnostic_target_direction_entropy,6,0,0.16824830726936424,0.08571428571428572,0.945248951153111,0.7770006438837468
T2_select_target,gpt2:llama8b,diagnostic_source_direction_std_mean,6,0,0.16824830726936424,-0.09258200997725516,0.945248951153111,0.7770006438837468
T2_select_target,gpt2:llama8b,_z_target_hidden_size,6,0,0.16824830726936424,0.7247137945655605,0.945248951153111,0.7770006438837468
T2_select_target,gpt2:llama8b,_z_prior_target_param_b,6,0,0.16824830726936424,0.5590653920196746,0.945248951153111,0.7770006438837468
T2_select_target,gpt2:llama8b,_z_log_param_ratio,6,0,0.16824830726936424,0.5590653920196746,0.945248951153111,0.7770006438837468
T2_select_target,gpt2:llama8b,_z_neg_direction_rmse,6,1,0.0,0.2,0.945248951153111,0.945248951153111
T2_select_target,gpt2:llama8b,_z_neg_anchor_js,6,0,0.16824830726936424,0.08571428571428572,0.945248951153111,0.7770006438837468
T2_select_target,gpt2:llama8b,_z_neg_magnitude_rmse,6,1,0.0,-0.02857142857142857,0.945248951153111,0.945248951153111
T2_select_target,gpt2:llama8b,_z_neg_subspace_residual,6,0,0.1381813273142476,-0.2,0.945248951153111,0.8070676238388634
T2_select_target,gpt2:llama8b,_z_neg_pair_norm_direction_rmse,6,1,0.0,0.2,0.945248951153111,0.945248951153111
T2_select_target,gpt2:llama8b,_z_neg_target_readability_z2,6,1,0.0,0.2,0.945248951153111,0.945248951153111
T2_select_target,gpt2:llama8b,_z_neg_target_readability_tail,6,1,0.0,0.2,0.945248951153111,0.945248951153111
T2_select_target,gpt2:llama8b,_z_neg_target_readability_ce,6,0,0.16824830726936424,0.08571428571428572,0.945248951153111,0.7770006438837468
T2_select_target,gpt2:llama8b,_z_neg_source_to_target_kl,6,0,0.16824830726936424,0.08571428571428572,0.945248951153111,0.7770006438837468
T2_select_target,gpt2:llama8b,_z_target_readability_energy,6,0,0.16824830726936424,0.08571428571428572,0.945248951153111,0.7770006438837468
T2_select_target,gpt2:llama8b,_z_top_anchor_overlap,6,1,0.0,0.9428571428571428,0.945248951153111,0.945248951153111
T2_select_target,gpt2:llama8b,_z_neg_direction_entropy_gap,6,0,0.16824830726936424,0.08571428571428572,0.945248951153111,0.7770006438837468
T2_select_target,gpt2:llama8b,_z_neg_direction_dispersion_gap,6,0,0.16824830726936424,0.2,0.945248951153111,0.7770006438837468
T2_select_target,gpt2:llama8b,_z_neg_source_native_nll,6,0,0.16824830726936424,0.08571428571428572,0.945248951153111,0.7770006438837468
T2_select_target,gpt2:llama8b,combined_hidden_direction_score,6,0,0.16824830726936424,0.37142857142857144,0.945248951153111,0.7770006438837468
T2_select_target,gpt2:llama8b,combined_hidden_js_score,6,0,0.16824830726936424,0.2,0.945248951153111,0.7770006438837468
T2_select_target,gpt2:llama8b,combined_hidden_source_quality_score,6,0,0.16824830726936424,0.7714285714285715,0.945248951153111,0.7770006438837468
T2_select_target,gpt2:llama8b,combined_param_direction_score,6,1,0.0,0.3142857142857143,0.945248951153111,0.945248951153111
T2_select_target,gpt2:llama8b,combined_ratio_direction_score,6,1,0.0,0.3142857142857143,0.945248951153111,0.945248951153111
T2_select_target,gpt2:llama8b,pair_geometry_compatibility_score,6,1,0.0,0.2,0.945248951153111,0.945248951153111
T2_select_target,gpt2:mistral7b,rel_direction_l1_to_target,6,1,0.0,0.2,0.7413423585194503,0.7413423585194503
T2_select_target,gpt2:mistral7b,rel_direction_rmse_to_target,6,1,0.0,0.2,0.7413423585194503,0.7413423585194503
T2_select_target,gpt2:mistral7b,rel_magnitude_l1_to_target,6,0,0.6213092939005239,-0.8285714285714286,0.7413423585194503,0.1200330646189264
T2_select_target,gpt2:mistral7b,rel_magnitude_rmse_to_target,6,0,0.6213092939005239,-0.8285714285714286,0.7413423585194503,0.1200330646189264
T2_select_target,gpt2:mistral7b,memory_target_norm_gap,6,0,0.6213092939005239,-0.5428571428571428,0.7413423585194503,0.1200330646189264
T2_select_target,gpt2:mistral7b,anchor_direction_js_to_target,6,0,0.08989565772373642,0.08571428571428572,0.7413423585194503,0.6514467007957139
T2_select_target,gpt2:mistral7b,target_direction_subspace_residual,6,0,0.039237082139118806,-0.2,0.7413423585194503,0.7021052763803315
T2_select_target,gpt2:mistral7b,capacity_normalized_direction_rmse,6,1,0.0,0.2,0.7413423585194503,0.7413423585194503
T2_select_target,gpt2:mistral7b,diagnostic_rel_direction_z2_mean,6,0,0.6213092939005239,-0.6,0.7413423585194503,0.1200330646189264
T2_select_target,gpt2:mistral7b,diagnostic_rel_magnitude_z_abs_mean,6,1,0.0,0.7142857142857143,0.7413423585194503,0.7413423585194503
T2_select_target,gpt2:mistral7b,diagnostic_target_direction_std_mean,6,0,0.5039678107309102,-0.6571428571428571,0.7413423585194503,0.23737454778854006
T2_select_target,gpt2:mistral7b,diagnostic_target_direction_std_min,6,0,0.5039678107309102,-0.8857142857142857,0.7413423585194503,0.23737454778854006
T2_select_target,gpt2:mistral7b,diagnostic_target_magnitude_std_mean,6,1,0.0,0.7142857142857143,0.7413423585194503,0.7413423585194503
T2_select_target,gpt2:mistral7b,diagnostic_target_magnitude_std_min,6,1,0.0,0.7142857142857143,0.7413423585194503,0.7413423585194503
T2_select_target,gpt2:mistral7b,target_text_nll,6,1,0.0,0.14285714285714285,0.7413423585194503,0.7413423585194503
T2_select_target,gpt2:mistral7b,source_native_nll,6,0,0.039237082139118806,0.3142857142857143,0.7413423585194503,0.7021052763803315
T2_select_target,gpt2:mistral7b,target_minus_source_nll,6,1,0.0,0.14285714285714285,0.7413423585194503,0.7413423585194503
T2_select_target,gpt2:mistral7b,target_hidden_size,6,0,0.08989565772373642,0.7247137945655605,0.7413423585194503,0.6514467007957139
T2_select_target,gpt2:mistral7b,abs_log_hidden_ratio,6,0,0.08989565772373642,0.7247137945655605,0.7413423585194503,0.6514467007957139
T2_select_target,gpt2:mistral7b,prior_target_param_b,6,0,0.08989565772373642,0.49280538030458115,0.7413423585194503,0.6514467007957139
T2_select_target,gpt2:mistral7b,prior_log_param_ratio_target_over_source,6,0,0.08989565772373642,0.49280538030458115,0.7413423585194503,0.6514467007957139
T2_select_target,gpt2:mistral7b,prior_param_tier_jump,6,0,0.11620937227337602,-0.6210590034081188,0.7413423585194503,0.6251329862460743
T2_select_target,gpt2:mistral7b,pair_normalized_direction_rmse,6,1,0.0,0.2,0.7413423585194503,0.7413423585194503
T2_select_target,gpt2:mistral7b,target_readability_z2_mean,6,0,0.6213092939005239,-0.6,0.7413423585194503,0.1200330646189264
T2_select_target,gpt2:mistral7b,target_readability_tail_frac,6,0,0.5039678107309102,-0.5797710356524485,0.7413423585194503,0.23737454778854006
T2_select_target,gpt2:mistral7b,target_readability_cross_entropy,6,0,0.08989565772373642,0.08571428571428572,0.7413423585194503,0.6514467007957139
T2_select_target,gpt2:mistral7b,source_to_target_anchor_kl,6,0,0.08989565772373642,0.08571428571428572,0.7413423585194503,0.6514467007957139
T2_select_target,gpt2:mistral7b,target_readability_energy,6,0,0.08989565772373642,0.6571428571428571,0.7413423585194503,0.6514467007957139
T2_select_target,gpt2:mistral7b,source_target_top_anchor_overlap,6,1,0.0,0.8857142857142857,0.7413423585194503,0.7413423585194503
T2_select_target,gpt2:mistral7b,source_target_direction_entropy_gap,6,1,0.0,0.2,0.7413423585194503,0.7413423585194503
T2_select_target,gpt2:mistral7b,source_target_direction_dispersion_gap,6,0,0.08989565772373642,0.6571428571428571,0.7413423585194503,0.6514467007957139
T2_select_target,gpt2:mistral7b,diagnostic_source_direction_entropy_mean,6,0,0.5039678107309102,-0.29277002188455997,0.7413423585194503,0.23737454778854006
T2_select_target,gpt2:mistral7b,diagnostic_target_direction_entropy,6,0,0.08989565772373642,0.08571428571428572,0.7413423585194503,0.6514467007957139
T2_select_target,gpt2:mistral7b,diagnostic_source_direction_std_mean,6,0,0.11620937227337602,0.29277002188455997,0.7413423585194503,0.6251329862460743
T2_select_target,gpt2:mistral7b,_z_target_hidden_size,6,0,0.08989565772373642,0.7247137945655605,0.7413423585194503,0.6514467007957139
T2_select_target,gpt2:mistral7b,_z_prior_target_param_b,6,0,0.08989565772373642,0.49280538030458115,0.7413423585194503,0.6514467007957139
T2_select_target,gpt2:mistral7b,_z_log_param_ratio,6,0,0.08989565772373642,0.49280538030458115,0.7413423585194503,0.6514467007957139
T2_select_target,gpt2:mistral7b,_z_neg_direction_rmse,6,1,0.0,0.2,0.7413423585194503,0.7413423585194503
T2_select_target,gpt2:mistral7b,_z_neg_anchor_js,6,0,0.08989565772373642,0.08571428571428572,0.7413423585194503,0.6514467007957139
T2_select_target,gpt2:mistral7b,_z_neg_magnitude_rmse,6,0,0.6213092939005239,-0.8285714285714286,0.7413423585194503,0.1200330646189264
T2_select_target,gpt2:mistral7b,_z_neg_subspace_residual,6,0,0.039237082139118806,-0.2,0.7413423585194503,0.7021052763803315
T2_select_target,gpt2:mistral7b,_z_neg_pair_norm_direction_rmse,6,1,0.0,0.2,0.7413423585194503,0.7413423585194503
T2_select_target,gpt2:mistral7b,_z_neg_target_readability_z2,6,0,0.6213092939005239,-0.6,0.7413423585194503,0.1200330646189264
T2_select_target,gpt2:mistral7b,_z_neg_target_readability_tail,6,0,0.5039678107309102,-0.5797710356524485,0.7413423585194503,0.23737454778854006
T2_select_target,gpt2:mistral7b,_z_neg_target_readability_ce,6,0,0.08989565772373642,0.08571428571428572,0.7413423585194503,0.6514467007957139
T2_select_target,gpt2:mistral7b,_z_neg_source_to_target_kl,6,0,0.08989565772373642,0.08571428571428572,0.7413423585194503,0.6514467007957139
T2_select_target,gpt2:mistral7b,_z_target_readability_energy,6,0,0.08989565772373642,0.6571428571428571,0.7413423585194503,0.6514467007957139
T2_select_target,gpt2:mistral7b,_z_top_anchor_overlap,6,1,0.0,0.8857142857142857,0.7413423585194503,0.7413423585194503
T2_select_target,gpt2:mistral7b,_z_neg_direction_entropy_gap,6,1,0.0,0.2,0.7413423585194503,0.7413423585194503
T2_select_target,gpt2:mistral7b,_z_neg_direction_dispersion_gap,6,0,0.08989565772373642,0.6571428571428571,0.7413423585194503,0.6514467007957139
T2_select_target,gpt2:mistral7b,_z_neg_source_native_nll,6,0,0.039237082139118806,0.3142857142857143,0.7413423585194503,0.7021052763803315
T2_select_target,gpt2:mistral7b,combined_hidden_direction_score,6,0,0.08989565772373642,0.37142857142857144,0.7413423585194503,0.6514467007957139
T2_select_target,gpt2:mistral7b,combined_hidden_js_score,6,0,0.08989565772373642,0.6571428571428571,0.7413423585194503,0.6514467007957139
T2_select_target,gpt2:mistral7b,combined_hidden_source_quality_score,6,0,0.08989565772373642,0.7714285714285715,0.7413423585194503,0.6514467007957139
T2_select_target,gpt2:mistral7b,combined_param_direction_score,6,0,0.08989565772373642,0.2,0.7413423585194503,0.6514467007957139
T2_select_target,gpt2:mistral7b,combined_ratio_direction_score,6,1,0.0,0.3142857142857143,0.7413423585194503,0.7413423585194503
T2_select_target,gpt2:mistral7b,pair_geometry_compatibility_score,6,1,0.0,0.2,0.7413423585194503,0.7413423585194503
T2_select_target,gpt2:qwen1.5b,rel_direction_l1_to_target,6,0,0.28567568629067275,0.6,1.0184985974000182,0.7328229111093455
T2_select_target,gpt2:qwen1.5b,rel_direction_rmse_to_target,6,0,0.28567568629067275,0.6,1.0184985974000182,0.7328229111093455
T2_select_target,gpt2:qwen1.5b,rel_magnitude_l1_to_target,6,0,0.2608615793669903,-0.02857142857142857,1.0184985974000182,0.757637018033028
T2_select_target,gpt2:qwen1.5b,rel_magnitude_rmse_to_target,6,0,0.2608615793669903,-0.02857142857142857,1.0184985974000182,0.757637018033028
T2_select_target,gpt2:qwen1.5b,memory_target_norm_gap,6,0,0.2857311513037609,-0.6571428571428571,1.0184985974000182,0.7327674460962573
T2_select_target,gpt2:qwen1.5b,anchor_direction_js_to_target,6,1,0.0,0.7714285714285715,1.0184985974000182,1.0184985974000182
T2_select_target,gpt2:qwen1.5b,target_direction_subspace_residual,6,0,0.2857311513037609,-0.7142857142857143,1.0184985974000182,0.7327674460962573
T2_select_target,gpt2:qwen1.5b,capacity_normalized_direction_rmse,6,0,0.28567568629067275,0.6,1.0184985974000182,0.7328229111093455
T2_select_target,gpt2:qwen1.5b,diagnostic_rel_direction_z2_mean,6,0,0.28567568629067275,-0.14285714285714285,1.0184985974000182,0.7328229111093455
T2_select_target,gpt2:qwen1.5b,diagnostic_rel_magnitude_z_abs_mean,6,1,0.0,0.37142857142857144,1.0184985974000182,1.0184985974000182
T2_select_target,gpt2:qwen1.5b,diagnostic_target_direction_std_mean,6,0,0.38916844661231986,-0.6,1.0184985974000182,0.6293301507876984
T2_select_target,gpt2:qwen1.5b,diagnostic_target_direction_std_min,6,0,0.9957280449968462,-0.7714285714285715,1.0184985974000182,0.022770552403172044
T2_select_target,gpt2:qwen1.5b,diagnostic_target_magnitude_std_mean,6,1,0.0,0.37142857142857144,1.0184985974000182,1.0184985974000182
T2_select_target,gpt2:qwen1.5b,diagnostic_target_magnitude_std_min,6,1,0.0,0.37142857142857144,1.0184985974000182,1.0184985974000182
T2_select_target,gpt2:qwen1.5b,target_text_nll,6,0,0.2608615793669903,0.6,1.0184985974000182,0.757637018033028
T2_select_target,gpt2:qwen1.5b,source_native_nll,6,0,0.2857311513037609,0.2,1.0184985974000182,0.7327674460962573
T2_select_target,gpt2:qwen1.5b,target_minus_source_nll,6,0,0.2608615793669903,0.6,1.0184985974000182,0.757637018033028
T2_select_target,gpt2:qwen1.5b,target_hidden_size,6,0,0.28567568629067275,0.7944613465542745,1.0184985974000182,0.7328229111093455
T2_select_target,gpt2:qwen1.5b,abs_log_hidden_ratio,6,0,0.38916844661231986,-0.7944613465542745,1.0184985974000182,0.6293301507876984
T2_select_target,gpt2:qwen1.5b,prior_same_model_family,6,0,0.9957280449968462,0.0,1.0184985974000182,0.022770552403172044
T2_select_target,gpt2:qwen1.5b,prior_cross_model_family,6,0,0.38916844661231986,0.0,1.0184985974000182,0.6293301507876984
T2_select_target,gpt2:qwen1.5b,prior_target_param_b,6,0,0.28567568629067275,0.7061878636037996,1.0184985974000182,0.7328229111093455
T2_select_target,gpt2:qwen1.5b,prior_log_param_ratio_target_over_source,6,0,0.28567568629067275,0.7061878636037996,1.0184985974000182,0.7328229111093455
T2_select_target,gpt2:qwen1.5b,prior_param_tier_jump,6,0,0.28567568629067275,0.8783100656536799,1.0184985974000182,0.7328229111093455
T2_select_target,gpt2:qwen1.5b,pair_normalized_direction_rmse,6,1,0.0,0.7142857142857143,1.0184985974000182,1.0184985974000182
T2_select_target,gpt2:qwen1.5b,target_readability_z2_mean,6,0,0.28567568629067275,-0.14285714285714285,1.0184985974000182,0.7328229111093455
T2_select_target,gpt2:qwen1.5b,target_readability_tail_frac,6,0,0.28567568629067275,0.5428571428571428,1.0184985974000182,0.7328229111093455
T2_select_target,gpt2:qwen1.5b,target_magnitude_tail_frac,6,1,0.0,0.6546536707079772,1.0184985974000182,1.0184985974000182
T2_select_target,gpt2:qwen1.5b,target_readability_cross_entropy,6,0,0.2608615793669903,0.7142857142857143,1.0184985974000182,0.757637018033028
T2_select_target,gpt2:qwen1.5b,source_to_target_anchor_kl,6,1,0.0,0.7714285714285715,1.0184985974000182,1.0184985974000182
T2_select_target,gpt2:qwen1.5b,target_readability_energy,6,0,0.9957280449968462,-0.7142857142857143,1.0184985974000182,0.022770552403172044
T2_select_target,gpt2:qwen1.5b,source_target_top_anchor_overlap,6,0,0.9957280449968462,-0.7142857142857143,1.0184985974000182,0.022770552403172044
T2_select_target,gpt2:qwen1.5b,source_target_direction_entropy_gap,6,1,0.0,0.7142857142857143,1.0184985974000182,1.0184985974000182
T2_select_target,gpt2:qwen1.5b,source_target_direction_dispersion_gap,6,0,0.28567568629067275,0.6571428571428571,1.0184985974000182,0.7328229111093455
T2_select_target,gpt2:qwen1.5b,diagnostic_source_direction_entropy_mean,6,0,0.9957280449968462,-0.18516401995451032,1.0184985974000182,0.022770552403172044
T2_select_target,gpt2:qwen1.5b,diagnostic_target_direction_entropy,6,0,0.2608615793669903,0.6,1.0184985974000182,0.757637018033028
T2_select_target,gpt2:qwen1.5b,diagnostic_source_direction_std_mean,6,0,0.9957280449968462,-0.18516401995451032,1.0184985974000182,0.022770552403172044
T2_select_target,gpt2:qwen1.5b,_z_target_hidden_size,6,0,0.28567568629067275,0.7944613465542745,1.0184985974000182,0.7328229111093455
T2_select_target,gpt2:qwen1.5b,_z_prior_target_param_b,6,0,0.28567568629067275,0.7061878636037996,1.0184985974000182,0.7328229111093455
T2_select_target,gpt2:qwen1.5b,_z_log_param_ratio,6,0,0.28567568629067275,0.7061878636037996,1.0184985974000182,0.7328229111093455
T2_select_target,gpt2:qwen1.5b,_z_neg_direction_rmse,6,0,0.28567568629067275,0.6,1.0184985974000182,0.7328229111093455
T2_select_target,gpt2:qwen1.5b,_z_neg_anchor_js,6,1,0.0,0.7714285714285715,1.0184985974000182,1.0184985974000182
T2_select_target,gpt2:qwen1.5b,_z_neg_magnitude_rmse,6,0,0.2608615793669903,-0.02857142857142857,1.0184985974000182,0.757637018033028
T2_select_target,gpt2:qwen1.5b,_z_neg_subspace_residual,6,0,0.2857311513037609,-0.7142857142857143,1.0184985974000182,0.7327674460962573
T2_select_target,gpt2:qwen1.5b,_z_neg_pair_norm_direction_rmse,6,1,0.0,0.7142857142857143,1.0184985974000182,1.0184985974000182
T2_select_target,gpt2:qwen1.5b,_z_neg_target_readability_z2,6,0,0.28567568629067275,-0.14285714285714285,1.0184985974000182,0.7328229111093455
T2_select_target,gpt2:qwen1.5b,_z_neg_target_readability_tail,6,0,0.28567568629067275,0.5428571428571428,1.0184985974000182,0.7328229111093455
T2_select_target,gpt2:qwen1.5b,_z_neg_target_magnitude_tail,6,1,0.0,0.6546536707079772,1.0184985974000182,1.0184985974000182
T2_select_target,gpt2:qwen1.5b,_z_neg_target_readability_ce,6,0,0.2608615793669903,0.7142857142857143,1.0184985974000182,0.757637018033028
T2_select_target,gpt2:qwen1.5b,_z_neg_source_to_target_kl,6,1,0.0,0.7714285714285715,1.0184985974000182,1.0184985974000182
T2_select_target,gpt2:qwen1.5b,_z_target_readability_energy,6,0,0.9957280449968462,-0.7142857142857143,1.0184985974000182,0.022770552403172044
T2_select_target,gpt2:qwen1.5b,_z_top_anchor_overlap,6,0,0.9957280449968462,-0.7142857142857143,1.0184985974000182,0.022770552403172044
T2_select_target,gpt2:qwen1.5b,_z_neg_direction_entropy_gap,6,1,0.0,0.7142857142857143,1.0184985974000182,1.0184985974000182
T2_select_target,gpt2:qwen1.5b,_z_neg_direction_dispersion_gap,6,0,0.28567568629067275,0.6571428571428571,1.0184985974000182,0.7328229111093455
T2_select_target,gpt2:qwen1.5b,_z_neg_source_native_nll,6,0,0.2857311513037609,0.2,1.0184985974000182,0.7327674460962573
T2_select_target,gpt2:qwen1.5b,combined_hidden_direction_score,6,0,0.28567568629067275,0.6,1.0184985974000182,0.7328229111093455
T2_select_target,gpt2:qwen1.5b,combined_hidden_js_score,6,0,0.2608615793669903,0.7714285714285715,1.0184985974000182,0.757637018033028
T2_select_target,gpt2:qwen1.5b,combined_hidden_source_quality_score,6,0,0.28567568629067275,0.7142857142857143,1.0184985974000182,0.7328229111093455
T2_select_target,gpt2:qwen1.5b,combined_param_direction_score,6,0,0.28567568629067275,0.6571428571428571,1.0184985974000182,0.7328229111093455
T2_select_target,gpt2:qwen1.5b,combined_ratio_direction_score,6,0,0.28567568629067275,0.6571428571428571,1.0184985974000182,0.7328229111093455
T2_select_target,gpt2:qwen1.5b,pair_geometry_compatibility_score,6,0,0.9957280449968462,-0.08571428571428572,1.0184985974000182,0.022770552403172044
T2_select_target,gpt2:qwen3b,rel_direction_l1_to_target,6,1,0.0,0.7142857142857143,0.9785824224018801,0.9785824224018801
T2_select_target,gpt2:qwen3b,rel_direction_rmse_to_target,6,1,0.0,0.7142857142857143,0.9785824224018801,0.9785824224018801
T2_select_target,gpt2:qwen3b,rel_magnitude_l1_to_target,6,0,0.17238000876582138,-0.02857142857142857,0.9785824224018801,0.8062024136360587
T2_select_target,gpt2:qwen3b,rel_magnitude_rmse_to_target,6,0,0.17238000876582138,-0.02857142857142857,0.9785824224018801,0.8062024136360587
T2_select_target,gpt2:qwen3b,memory_target_norm_gap,6,0,0.2121255296943514,-0.6571428571428571,0.9785824224018801,0.7664568927075287
T2_select_target,gpt2:qwen3b,anchor_direction_js_to_target,6,0,0.17238000876582138,0.8857142857142857,0.9785824224018801,0.8062024136360587
T2_select_target,gpt2:qwen3b,target_direction_subspace_residual,6,0,0.2121255296943514,-0.6571428571428571,0.9785824224018801,0.7664568927075287
T2_select_target,gpt2:qwen3b,capacity_normalized_direction_rmse,6,1,0.0,0.7142857142857143,0.9785824224018801,0.9785824224018801
T2_select_target,gpt2:qwen3b,diagnostic_rel_direction_z2_mean,6,0,0.1852949097737543,0.5428571428571428,0.9785824224018801,0.7932875126281258
T2_select_target,gpt2:qwen3b,diagnostic_rel_magnitude_z_abs_mean,6,1,0.0,0.37142857142857144,0.9785824224018801,0.9785824224018801
T2_select_target,gpt2:qwen3b,diagnostic_target_direction_std_mean,6,0,0.46907037015265607,-0.7142857142857143,0.9785824224018801,0.509512052249224
T2_select_target,gpt2:qwen3b,diagnostic_target_direction_std_min,6,0,0.7585341378879344,-0.7714285714285715,0.9785824224018801,0.2200482845139456
T2_select_target,gpt2:qwen3b,diagnostic_target_magnitude_std_mean,6,1,0.0,0.37142857142857144,0.9785824224018801,0.9785824224018801
T2_select_target,gpt2:qwen3b,diagnostic_target_magnitude_std_min,6,1,0.0,0.37142857142857144,0.9785824224018801,0.9785824224018801
T2_select_target,gpt2:qwen3b,target_text_nll,6,0,0.17238000876582138,0.7714285714285715,0.9785824224018801,0.8062024136360587
T2_select_target,gpt2:qwen3b,source_native_nll,6,0,0.46907037015265607,-0.4857142857142857,0.9785824224018801,0.509512052249224
T2_select_target,gpt2:qwen3b,target_minus_source_nll,6,0,0.17238000876582138,0.7714285714285715,0.9785824224018801,0.8062024136360587
T2_select_target,gpt2:qwen3b,target_hidden_size,6,0,0.1852949097737543,0.8116794499134278,0.9785824224018801,0.7932875126281258
T2_select_target,gpt2:qwen3b,abs_log_hidden_ratio,6,0,0.46907037015265607,-0.753702346348183,0.9785824224018801,0.509512052249224
T2_select_target,gpt2:qwen3b,prior_same_model_family,6,0,0.7585341378879344,0.0,0.9785824224018801,0.2200482845139456
T2_select_target,gpt2:qwen3b,prior_cross_model_family,6,0,0.46907037015265607,0.0,0.9785824224018801,0.509512052249224
T2_select_target,gpt2:qwen3b,prior_target_param_b,6,0,0.1852949097737543,0.753702346348183,0.9785824224018801,0.7932875126281258
T2_select_target,gpt2:qwen3b,prior_log_param_ratio_target_over_source,6,0,0.1852949097737543,0.753702346348183,0.9785824224018801,0.7932875126281258
T2_select_target,gpt2:qwen3b,prior_param_tier_jump,6,0,0.1852949097737543,0.16903085094570333,0.9785824224018801,0.7932875126281258
T2_select_target,gpt2:qwen3b,pair_normalized_direction_rmse,6,1,0.0,0.7142857142857143,0.9785824224018801,0.9785824224018801
T2_select_target,gpt2:qwen3b,target_readability_z2_mean,6,0,0.1852949097737543,0.5428571428571428,0.9785824224018801,0.7932875126281258
T2_select_target,gpt2:qwen3b,target_readability_tail_frac,6,0,0.1852949097737543,0.5428571428571428,0.9785824224018801,0.7932875126281258
T2_select_target,gpt2:qwen3b,target_magnitude_tail_frac,6,1,0.0,0.6546536707079772,0.9785824224018801,0.9785824224018801
T2_select_target,gpt2:qwen3b,target_readability_cross_entropy,6,0,0.17238000876582138,0.7714285714285715,0.9785824224018801,0.8062024136360587
T2_select_target,gpt2:qwen3b,source_to_target_anchor_kl,6,0,0.17238000876582138,0.8857142857142857,0.9785824224018801,0.8062024136360587
T2_select_target,gpt2:qwen3b,target_readability_energy,6,0,0.7585341378879344,-0.9428571428571428,0.9785824224018801,0.2200482845139456
T2_select_target,gpt2:qwen3b,source_target_top_anchor_overlap,6,0,0.17238000876582138,-0.02857142857142857,0.9785824224018801,0.8062024136360587
T2_select_target,gpt2:qwen3b,source_target_direction_entropy_gap,6,0,0.17238000876582138,0.8857142857142857,0.9785824224018801,0.8062024136360587
T2_select_target,gpt2:qwen3b,source_target_direction_dispersion_gap,6,0,0.1852949097737543,0.7142857142857143,0.9785824224018801,0.7932875126281258
T2_select_target,gpt2:qwen3b,diagnostic_source_direction_entropy_mean,6,0,0.17238000876582138,0.37032803990902063,0.9785824224018801,0.8062024136360587
T2_select_target,gpt2:qwen3b,diagnostic_target_direction_entropy,6,0,0.17238000876582138,0.7714285714285715,0.9785824224018801,0.8062024136360587
T2_select_target,gpt2:qwen3b,diagnostic_source_direction_std_mean,6,0,0.17238000876582138,0.37032803990902063,0.9785824224018801,0.8062024136360587
T2_select_target,gpt2:qwen3b,_z_target_hidden_size,6,0,0.1852949097737543,0.8116794499134278,0.9785824224018801,0.7932875126281258
T2_select_target,gpt2:qwen3b,_z_prior_target_param_b,6,0,0.1852949097737543,0.753702346348183,0.9785824224018801,0.7932875126281258
T2_select_target,gpt2:qwen3b,_z_log_param_ratio,6,0,0.1852949097737543,0.753702346348183,0.9785824224018801,0.7932875126281258
T2_select_target,gpt2:qwen3b,_z_neg_direction_rmse,6,1,0.0,0.7142857142857143,0.9785824224018801,0.9785824224018801
T2_select_target,gpt2:qwen3b,_z_neg_anchor_js,6,0,0.17238000876582138,0.8857142857142857,0.9785824224018801,0.8062024136360587
T2_select_target,gpt2:qwen3b,_z_neg_magnitude_rmse,6,0,0.17238000876582138,-0.02857142857142857,0.9785824224018801,0.8062024136360587
T2_select_target,gpt2:qwen3b,_z_neg_subspace_residual,6,0,0.2121255296943514,-0.6571428571428571,0.9785824224018801,0.7664568927075287
T2_select_target,gpt2:qwen3b,_z_neg_pair_norm_direction_rmse,6,1,0.0,0.7142857142857143,0.9785824224018801,0.9785824224018801
T2_select_target,gpt2:qwen3b,_z_neg_target_readability_z2,6,0,0.1852949097737543,0.5428571428571428,0.9785824224018801,0.7932875126281258
T2_select_target,gpt2:qwen3b,_z_neg_target_readability_tail,6,0,0.1852949097737543,0.5428571428571428,0.9785824224018801,0.7932875126281258
T2_select_target,gpt2:qwen3b,_z_neg_target_magnitude_tail,6,1,0.0,0.6546536707079772,0.9785824224018801,0.9785824224018801
T2_select_target,gpt2:qwen3b,_z_neg_target_readability_ce,6,0,0.17238000876582138,0.7714285714285715,0.9785824224018801,0.8062024136360587
T2_select_target,gpt2:qwen3b,_z_neg_source_to_target_kl,6,0,0.17238000876582138,0.8857142857142857,0.9785824224018801,0.8062024136360587
T2_select_target,gpt2:qwen3b,_z_target_readability_energy,6,0,0.7585341378879344,-0.9428571428571428,0.9785824224018801,0.2200482845139456
T2_select_target,gpt2:qwen3b,_z_top_anchor_overlap,6,0,0.17238000876582138,-0.02857142857142857,0.9785824224018801,0.8062024136360587
T2_select_target,gpt2:qwen3b,_z_neg_direction_entropy_gap,6,0,0.17238000876582138,0.8857142857142857,0.9785824224018801,0.8062024136360587
T2_select_target,gpt2:qwen3b,_z_neg_direction_dispersion_gap,6,0,0.1852949097737543,0.7142857142857143,0.9785824224018801,0.7932875126281258
T2_select_target,gpt2:qwen3b,_z_neg_source_native_nll,6,0,0.46907037015265607,-0.4857142857142857,0.9785824224018801,0.509512052249224
T2_select_target,gpt2:qwen3b,combined_hidden_direction_score,6,0,0.1852949097737543,0.7714285714285715,0.9785824224018801,0.7932875126281258
T2_select_target,gpt2:qwen3b,combined_hidden_js_score,6,0,0.17238000876582138,0.8285714285714286,0.9785824224018801,0.8062024136360587
T2_select_target,gpt2:qwen3b,combined_hidden_source_quality_score,6,0,0.1852949097737543,0.7714285714285715,0.9785824224018801,0.7932875126281258
T2_select_target,gpt2:qwen3b,combined_param_direction_score,6,0,0.1852949097737543,0.6571428571428571,0.9785824224018801,0.7932875126281258
T2_select_target,gpt2:qwen3b,combined_ratio_direction_score,6,1,0.0,0.7714285714285715,0.9785824224018801,0.9785824224018801
T2_select_target,gpt2:qwen3b,pair_geometry_compatibility_score,6,0,0.17238000876582138,0.6,0.9785824224018801,0.8062024136360587
T2_select_target,gpt2:qwen7b,rel_direction_l1_to_target,6,1,0.0,0.42857142857142855,0.8542316991498008,0.8542316991498008
T2_select_target,gpt2:qwen7b,rel_direction_rmse_to_target,6,1,0.0,0.42857142857142855,0.8542316991498008,0.8542316991498008
T2_select_target,gpt2:qwen7b,rel_magnitude_l1_to_target,6,0,0.04772518964216477,0.6,0.8542316991498008,0.806506509507636
T2_select_target,gpt2:qwen7b,rel_magnitude_rmse_to_target,6,0,0.08203271536017775,0.4857142857142857,0.8542316991498008,0.772198983789623
T2_select_target,gpt2:qwen7b,memory_target_norm_gap,6,0,0.08203271536017775,-0.6,0.8542316991498008,0.772198983789623
T2_select_target,gpt2:qwen7b,anchor_direction_js_to_target,6,1,0.0,0.6,0.8542316991498008,0.8542316991498008
T2_select_target,gpt2:qwen7b,target_direction_subspace_residual,6,0,0.08203271536017775,-0.4857142857142857,0.8542316991498008,0.772198983789623
T2_select_target,gpt2:qwen7b,capacity_normalized_direction_rmse,6,1,0.0,0.42857142857142855,0.8542316991498008,0.8542316991498008
T2_select_target,gpt2:qwen7b,diagnostic_rel_direction_z2_mean,6,1,0.0,0.42857142857142855,0.8542316991498008,0.8542316991498008
T2_select_target,gpt2:qwen7b,diagnostic_rel_magnitude_z_abs_mean,6,0,0.6448256648568467,-0.42857142857142855,0.8542316991498008,0.20940603429295407
T2_select_target,gpt2:qwen7b,diagnostic_target_direction_std_mean,6,0,0.14046372205536994,-0.6,0.8542316991498008,0.7137679770944308
T2_select_target,gpt2:qwen7b,diagnostic_target_direction_std_min,6,0,0.5753011063151643,-0.7714285714285715,0.8542316991498008,0.27893059283463645
T2_select_target,gpt2:qwen7b,diagnostic_target_magnitude_std_mean,6,0,0.6448256648568467,-0.42857142857142855,0.8542316991498008,0.20940603429295407
T2_select_target,gpt2:qwen7b,diagnostic_target_magnitude_std_min,6,0,0.6448256648568467,-0.42857142857142855,0.8542316991498008,0.20940603429295407
T2_select_target,gpt2:qwen7b,target_text_nll,6,0,0.04772518964216477,0.14285714285714285,0.8542316991498008,0.806506509507636
T2_select_target,gpt2:qwen7b,source_native_nll,6,0,0.5753011063151643,-0.3142857142857143,0.8542316991498008,0.27893059283463645
T2_select_target,gpt2:qwen7b,target_minus_source_nll,6,0,0.04772518964216477,0.14285714285714285,0.8542316991498008,0.806506509507636
T2_select_target,gpt2:qwen7b,target_hidden_size,6,1,0.0,0.8827348295047495,0.8542316991498008,0.8542316991498008
T2_select_target,gpt2:qwen7b,abs_log_hidden_ratio,6,1,0.0,0.8827348295047495,0.8542316991498008,0.8542316991498008
T2_select_target,gpt2:qwen7b,prior_same_model_family,6,0,0.5753011063151643,-0.8280786712108251,0.8542316991498008,0.27893059283463645
T2_select_target,gpt2:qwen7b,prior_cross_model_family,6,0,0.14046372205536994,0.8280786712108251,0.8542316991498008,0.7137679770944308
T2_select_target,gpt2:qwen7b,prior_target_param_b,6,1,0.0,0.6957252427829381,0.8542316991498008,0.8542316991498008
T2_select_target,gpt2:qwen7b,prior_log_param_ratio_target_over_source,6,1,0.0,0.6957252427829381,0.8542316991498008,0.8542316991498008
T2_select_target,gpt2:qwen7b,prior_param_tier_jump,6,0,0.14046372205536994,-0.8280786712108251,0.8542316991498008,0.7137679770944308
T2_select_target,gpt2:qwen7b,pair_normalized_direction_rmse,6,1,0.0,0.42857142857142855,0.8542316991498008,0.8542316991498008
T2_select_target,gpt2:qwen7b,target_readability_z2_mean,6,1,0.0,0.42857142857142855,0.8542316991498008,0.8542316991498008
T2_select_target,gpt2:qwen7b,target_readability_tail_frac,6,0,0.04772518964216477,0.37142857142857144,0.8542316991498008,0.806506509507636
T2_select_target,gpt2:qwen7b,target_readability_cross_entropy,6,1,0.0,0.6,0.8542316991498008,0.8542316991498008
T2_select_target,gpt2:qwen7b,source_to_target_anchor_kl,6,1,0.0,0.6,0.8542316991498008,0.8542316991498008
T2_select_target,gpt2:qwen7b,target_readability_energy,6,0,0.14046372205536994,0.42857142857142855,0.8542316991498008,0.7137679770944308
T2_select_target,gpt2:qwen7b,source_target_top_anchor_overlap,6,0,0.04772518964216477,0.14285714285714285,0.8542316991498008,0.806506509507636
T2_select_target,gpt2:qwen7b,source_target_direction_entropy_gap,6,1,0.0,0.6,0.8542316991498008,0.8542316991498008
T2_select_target,gpt2:qwen7b,source_target_direction_dispersion_gap,6,1,0.0,0.4857142857142857,0.8542316991498008,0.8542316991498008
T2_select_target,gpt2:qwen7b,diagnostic_source_direction_entropy_mean,6,0,0.14046372205536994,0.6789347398332045,0.8542316991498008,0.7137679770944308
T2_select_target,gpt2:qwen7b,diagnostic_target_direction_entropy,6,0,0.04772518964216477,0.5428571428571428,0.8542316991498008,0.806506509507636
T2_select_target,gpt2:qwen7b,diagnostic_source_direction_std_mean,6,0,0.5753011063151643,-0.6789347398332045,0.8542316991498008,0.27893059283463645
T2_select_target,gpt2:qwen7b,_z_target_hidden_size,6,1,0.0,0.8827348295047495,0.8542316991498008,0.8542316991498008
T2_select_target,gpt2:qwen7b,_z_prior_target_param_b,6,1,0.0,0.6957252427829381,0.8542316991498008,0.8542316991498008
T2_select_target,gpt2:qwen7b,_z_log_param_ratio,6,1,0.0,0.6957252427829381,0.8542316991498008,0.8542316991498008
T2_select_target,gpt2:qwen7b,_z_neg_direction_rmse,6,1,0.0,0.42857142857142855,0.8542316991498008,0.8542316991498008
T2_select_target,gpt2:qwen7b,_z_neg_anchor_js,6,1,0.0,0.6,0.8542316991498008,0.8542316991498008
T2_select_target,gpt2:qwen7b,_z_neg_magnitude_rmse,6,0,0.08203271536017775,0.4857142857142857,0.8542316991498008,0.772198983789623
T2_select_target,gpt2:qwen7b,_z_neg_subspace_residual,6,0,0.08203271536017775,-0.4857142857142857,0.8542316991498008,0.772198983789623
T2_select_target,gpt2:qwen7b,_z_neg_pair_norm_direction_rmse,6,1,0.0,0.42857142857142855,0.8542316991498008,0.8542316991498008
T2_select_target,gpt2:qwen7b,_z_neg_target_readability_z2,6,1,0.0,0.42857142857142855,0.8542316991498008,0.8542316991498008
T2_select_target,gpt2:qwen7b,_z_neg_target_readability_tail,6,0,0.04772518964216477,0.37142857142857144,0.8542316991498008,0.806506509507636
T2_select_target,gpt2:qwen7b,_z_neg_target_readability_ce,6,1,0.0,0.6,0.8542316991498008,0.8542316991498008
T2_select_target,gpt2:qwen7b,_z_neg_source_to_target_kl,6,1,0.0,0.6,0.8542316991498008,0.8542316991498008
T2_select_target,gpt2:qwen7b,_z_target_readability_energy,6,0,0.14046372205536994,0.42857142857142855,0.8542316991498008,0.7137679770944308
T2_select_target,gpt2:qwen7b,_z_top_anchor_overlap,6,0,0.04772518964216477,0.14285714285714285,0.8542316991498008,0.806506509507636
T2_select_target,gpt2:qwen7b,_z_neg_direction_entropy_gap,6,1,0.0,0.6,0.8542316991498008,0.8542316991498008
T2_select_target,gpt2:qwen7b,_z_neg_direction_dispersion_gap,6,1,0.0,0.4857142857142857,0.8542316991498008,0.8542316991498008
T2_select_target,gpt2:qwen7b,_z_neg_source_native_nll,6,0,0.5753011063151643,-0.3142857142857143,0.8542316991498008,0.27893059283463645
T2_select_target,gpt2:qwen7b,combined_hidden_direction_score,6,1,0.0,0.6571428571428571,0.8542316991498008,0.8542316991498008
T2_select_target,gpt2:qwen7b,combined_hidden_js_score,6,1,0.0,0.8285714285714286,0.8542316991498008,0.8542316991498008
T2_select_target,gpt2:qwen7b,combined_hidden_source_quality_score,6,1,0.0,0.9428571428571428,0.8542316991498008,0.8542316991498008
T2_select_target,gpt2:qwen7b,combined_param_direction_score,6,1,0.0,0.4857142857142857,0.8542316991498008,0.8542316991498008
T2_select_target,gpt2:qwen7b,combined_ratio_direction_score,6,1,0.0,0.4857142857142857,0.8542316991498008,0.8542316991498008
T2_select_target,gpt2:qwen7b,pair_geometry_compatibility_score,6,0,0.04772518964216477,0.42857142857142855,0.8542316991498008,0.806506509507636
T2_select_target,llama1b:llama1b,rel_direction_l1_to_target,5,0,0.10592382615932527,0.5,1.0345547722872392,0.928630946127914
T2_select_target,llama1b:llama1b,rel_direction_rmse_to_target,5,0,0.10592382615932527,0.5,1.0345547722872392,0.928630946127914
T2_select_target,llama1b:llama1b,rel_magnitude_l1_to_target,5,1,0.0,0.1,1.0345547722872392,1.0345547722872392
T2_select_target,llama1b:llama1b,rel_magnitude_rmse_to_target,5,1,0.0,0.0,1.0345547722872392,1.0345547722872392
T2_select_target,llama1b:llama1b,memory_target_norm_gap,5,0,0.6876713437611406,-0.9,1.0345547722872392,0.3468834285260987
T2_select_target,llama1b:llama1b,anchor_direction_js_to_target,5,0,0.10592382615932527,0.5,1.0345547722872392,0.928630946127914
T2_select_target,llama1b:llama1b,target_direction_subspace_residual,5,0,0.14897814625648909,-0.5,1.0345547722872392,0.8855766260307502
T2_select_target,llama1b:llama1b,capacity_normalized_direction_rmse,5,0,0.10592382615932527,0.5,1.0345547722872392,0.928630946127914
T2_select_target,llama1b:llama1b,diagnostic_rel_direction_z2_mean,5,1,0.0,0.3,1.0345547722872392,1.0345547722872392
T2_select_target,llama1b:llama1b,diagnostic_rel_magnitude_z_abs_mean,5,0,0.10592382615932527,0.9,1.0345547722872392,0.928630946127914
T2_select_target,llama1b:llama1b,diagnostic_target_direction_std_mean,5,0,0.14897814625648909,-0.5,1.0345547722872392,0.8855766260307502
T2_select_target,llama1b:llama1b,diagnostic_target_direction_std_min,5,0,0.6619981976672551,-0.6,1.0345547722872392,0.3725565746199842
T2_select_target,llama1b:llama1b,diagnostic_target_magnitude_std_mean,5,0,0.10592382615932527,0.9,1.0345547722872392,0.928630946127914
T2_select_target,llama1b:llama1b,diagnostic_target_magnitude_std_min,5,0,0.10592382615932527,0.9,1.0345547722872392,0.928630946127914
T2_select_target,llama1b:llama1b,target_text_nll,5,1,0.0,0.3,1.0345547722872392,1.0345547722872392
T2_select_target,llama1b:llama1b,target_minus_source_nll,5,1,0.0,0.3,1.0345547722872392,1.0345547722872392
T2_select_target,llama1b:llama1b,target_hidden_size,5,0,0.10592382615932527,0.872081599272381,1.0345547722872392,0.928630946127914
T2_select_target,llama1b:llama1b,abs_log_hidden_ratio,5,0,0.6876713437611406,-0.9746794344808964,1.0345547722872392,0.3468834285260987
T2_select_target,llama1b:llama1b,prior_same_model_family,5,0,0.14897814625648909,0.28867513459481287,1.0345547722872392,0.8855766260307502
T2_select_target,llama1b:llama1b,prior_cross_model_family,5,1,0.0,-0.28867513459481287,1.0345547722872392,1.0345547722872392
T2_select_target,llama1b:llama1b,prior_target_param_b,5,0,0.10592382615932527,0.7181848464596079,1.0345547722872392,0.928630946127914
T2_select_target,llama1b:llama1b,prior_log_param_ratio_target_over_source,5,0,0.10592382615932527,0.7181848464596079,1.0345547722872392,0.928630946127914
T2_select_target,llama1b:llama1b,prior_param_tier_jump,5,0,0.14897814625648909,0.35355339059327373,1.0345547722872392,0.8855766260307502
T2_select_target,llama1b:llama1b,pair_normalized_direction_rmse,5,0,0.10592382615932527,0.5,1.0345547722872392,0.928630946127914
T2_select_target,llama1b:llama1b,target_readability_z2_mean,5,1,0.0,0.3,1.0345547722872392,1.0345547722872392
T2_select_target,llama1b:llama1b,target_readability_tail_frac,5,0,0.10592382615932527,0.5,1.0345547722872392,0.928630946127914
T2_select_target,llama1b:llama1b,target_readability_cross_entropy,5,0,0.10592382615932527,0.5,1.0345547722872392,0.928630946127914
T2_select_target,llama1b:llama1b,source_to_target_anchor_kl,5,0,0.10592382615932527,0.5,1.0345547722872392,0.928630946127914
T2_select_target,llama1b:llama1b,target_readability_energy,5,0,0.10592382615932527,0.5,1.0345547722872392,0.928630946127914
T2_select_target,llama1b:llama1b,source_target_top_anchor_overlap,5,0,0.10592382615932527,-0.2,1.0345547722872392,0.928630946127914
T2_select_target,llama1b:llama1b,source_target_direction_entropy_gap,5,0,0.6876713437611406,-0.2,1.0345547722872392,0.3468834285260987
T2_select_target,llama1b:llama1b,source_target_direction_dispersion_gap,5,0,0.10592382615932527,0.5,1.0345547722872392,0.928630946127914
T2_select_target,llama1b:llama1b,diagnostic_source_direction_entropy_mean,5,0,0.10592382615932527,-0.051298917604257706,1.0345547722872392,0.928630946127914
T2_select_target,llama1b:llama1b,diagnostic_target_direction_entropy,5,0,0.10592382615932527,0.5,1.0345547722872392,0.928630946127914
T2_select_target,llama1b:llama1b,diagnostic_source_direction_std_mean,5,0,0.10592382615932527,-0.051298917604257706,1.0345547722872392,0.928630946127914
T2_select_target,llama1b:llama1b,_z_target_hidden_size,5,0,0.10592382615932527,0.872081599272381,1.0345547722872392,0.928630946127914
T2_select_target,llama1b:llama1b,_z_prior_target_param_b,5,0,0.10592382615932527,0.7181848464596079,1.0345547722872392,0.928630946127914
T2_select_target,llama1b:llama1b,_z_log_param_ratio,5,0,0.10592382615932527,0.7181848464596079,1.0345547722872392,0.928630946127914
T2_select_target,llama1b:llama1b,_z_neg_direction_rmse,5,0,0.10592382615932527,0.5,1.0345547722872392,0.928630946127914
T2_select_target,llama1b:llama1b,_z_neg_anchor_js,5,0,0.10592382615932527,0.5,1.0345547722872392,0.928630946127914
T2_select_target,llama1b:llama1b,_z_neg_magnitude_rmse,5,1,0.0,0.0,1.0345547722872392,1.0345547722872392
T2_select_target,llama1b:llama1b,_z_neg_subspace_residual,5,0,0.14897814625648909,-0.5,1.0345547722872392,0.8855766260307502
T2_select_target,llama1b:llama1b,_z_neg_pair_norm_direction_rmse,5,0,0.10592382615932527,0.5,1.0345547722872392,0.928630946127914
T2_select_target,llama1b:llama1b,_z_neg_target_readability_z2,5,1,0.0,0.3,1.0345547722872392,1.0345547722872392
T2_select_target,llama1b:llama1b,_z_neg_target_readability_tail,5,0,0.10592382615932527,0.5,1.0345547722872392,0.928630946127914
T2_select_target,llama1b:llama1b,_z_neg_target_readability_ce,5,0,0.10592382615932527,0.5,1.0345547722872392,0.928630946127914
T2_select_target,llama1b:llama1b,_z_neg_source_to_target_kl,5,0,0.10592382615932527,0.5,1.0345547722872392,0.928630946127914
T2_select_target,llama1b:llama1b,_z_target_readability_energy,5,0,0.10592382615932527,0.5,1.0345547722872392,0.928630946127914
T2_select_target,llama1b:llama1b,_z_top_anchor_overlap,5,0,0.10592382615932527,-0.2,1.0345547722872392,0.928630946127914
T2_select_target,llama1b:llama1b,_z_neg_direction_entropy_gap,5,0,0.6876713437611406,-0.2,1.0345547722872392,0.3468834285260987
T2_select_target,llama1b:llama1b,_z_neg_direction_dispersion_gap,5,0,0.10592382615932527,0.5,1.0345547722872392,0.928630946127914
T2_select_target,llama1b:llama1b,combined_hidden_direction_score,5,0,0.10592382615932527,0.6,1.0345547722872392,0.928630946127914
T2_select_target,llama1b:llama1b,combined_hidden_js_score,5,0,0.10592382615932527,0.6,1.0345547722872392,0.928630946127914
T2_select_target,llama1b:llama1b,combined_hidden_source_quality_score,5,0,0.10592382615932527,0.872081599272381,1.0345547722872392,0.928630946127914
T2_select_target,llama1b:llama1b,combined_param_direction_score,5,0,0.10592382615932527,0.5,1.0345547722872392,0.928630946127914
T2_select_target,llama1b:llama1b,combined_ratio_direction_score,5,0,0.10592382615932527,0.5,1.0345547722872392,0.928630946127914
T2_select_target,llama1b:llama1b,pair_geometry_compatibility_score,5,0,0.10592382615932527,0.5,1.0345547722872392,0.928630946127914
T2_select_target,llama1b:llama3b,rel_direction_l1_to_target,6,0,0.14854069966829953,0.5428571428571428,1.1135978443843109,0.9650571447160113
T2_select_target,llama1b:llama3b,rel_direction_rmse_to_target,6,0,0.14854069966829953,0.5428571428571428,1.1135978443843109,0.9650571447160113
T2_select_target,llama1b:llama3b,rel_magnitude_l1_to_target,6,1,0.0,0.02857142857142857,1.1135978443843109,1.1135978443843109
T2_select_target,llama1b:llama3b,rel_magnitude_rmse_to_target,6,1,0.0,-0.08571428571428572,1.1135978443843109,1.1135978443843109
T2_select_target,llama1b:llama3b,memory_target_norm_gap,6,0,0.8175409072115359,-1.0,1.1135978443843109,0.2960569371727749
T2_select_target,llama1b:llama3b,anchor_direction_js_to_target,6,1,0.0,0.7142857142857143,1.1135978443843109,1.1135978443843109
T2_select_target,llama1b:llama3b,target_direction_subspace_residual,6,0,0.30269770119885564,-0.5428571428571428,1.1135978443843109,0.8109001431854552
T2_select_target,llama1b:llama3b,capacity_normalized_direction_rmse,6,0,0.13911689204883515,0.6,1.1135978443843109,0.9744809523354757
T2_select_target,llama1b:llama3b,diagnostic_rel_direction_z2_mean,6,0,0.14854069966829953,0.2,1.1135978443843109,0.9650571447160113
T2_select_target,llama1b:llama3b,diagnostic_rel_magnitude_z_abs_mean,6,0,0.13911689204883515,0.8285714285714286,1.1135978443843109,0.9744809523354757
T2_select_target,llama1b:llama3b,diagnostic_target_direction_std_mean,6,0,0.30269770119885564,-0.7142857142857143,1.1135978443843109,0.8109001431854552
T2_select_target,llama1b:llama3b,diagnostic_target_direction_std_min,6,0,0.14854069966829953,-0.5428571428571428,1.1135978443843109,0.9650571447160113
T2_select_target,llama1b:llama3b,diagnostic_target_magnitude_std_mean,6,0,0.13911689204883515,0.8285714285714286,1.1135978443843109,0.9744809523354757
T2_select_target,llama1b:llama3b,diagnostic_target_magnitude_std_min,6,0,0.13911689204883515,0.8285714285714286,1.1135978443843109,0.9744809523354757
T2_select_target,llama1b:llama3b,target_text_nll,6,1,0.0,0.4857142857142857,1.1135978443843109,1.1135978443843109
T2_select_target,llama1b:llama3b,target_minus_source_nll,6,1,0.0,0.4857142857142857,1.1135978443843109,1.1135978443843109
T2_select_target,llama1b:llama3b,target_hidden_size,6,0,0.13911689204883515,0.8827348295047495,1.1135978443843109,0.9744809523354757
T2_select_target,llama1b:llama3b,abs_log_hidden_ratio,6,0,0.14854069966829953,0.7061878636037996,1.1135978443843109,0.9650571447160113
T2_select_target,llama1b:llama3b,prior_same_model_family,6,0,0.30269770119885564,0.20701966780270628,1.1135978443843109,0.8109001431854552
T2_select_target,llama1b:llama3b,prior_cross_model_family,6,1,0.0,-0.20701966780270628,1.1135978443843109,1.1135978443843109
T2_select_target,llama1b:llama3b,prior_target_param_b,6,0,0.13911689204883515,0.6667366910003157,1.1135978443843109,0.9744809523354757
T2_select_target,llama1b:llama3b,prior_log_param_ratio_target_over_source,6,0,0.13911689204883515,0.6667366910003157,1.1135978443843109,0.9744809523354757
T2_select_target,llama1b:llama3b,prior_param_tier_jump,6,0,0.13911689204883515,0.6761234037828133,1.1135978443843109,0.9744809523354757
T2_select_target,llama1b:llama3b,pair_normalized_direction_rmse,6,0,0.14854069966829953,0.5428571428571428,1.1135978443843109,0.9650571447160113
T2_select_target,llama1b:llama3b,target_readability_z2_mean,6,0,0.14854069966829953,0.2,1.1135978443843109,0.9650571447160113
T2_select_target,llama1b:llama3b,target_readability_tail_frac,6,0,0.14854069966829953,0.37142857142857144,1.1135978443843109,0.9650571447160113
T2_select_target,llama1b:llama3b,target_readability_cross_entropy,6,1,0.0,0.7142857142857143,1.1135978443843109,1.1135978443843109
T2_select_target,llama1b:llama3b,source_to_target_anchor_kl,6,1,0.0,0.7142857142857143,1.1135978443843109,1.1135978443843109
T2_select_target,llama1b:llama3b,target_readability_energy,6,0,0.30269770119885564,-0.6,1.1135978443843109,0.8109001431854552
T2_select_target,llama1b:llama3b,source_target_top_anchor_overlap,6,0,0.30269770119885564,-0.08571428571428572,1.1135978443843109,0.8109001431854552
T2_select_target,llama1b:llama3b,source_target_direction_entropy_gap,6,1,0.0,0.4857142857142857,1.1135978443843109,1.1135978443843109
T2_select_target,llama1b:llama3b,source_target_direction_dispersion_gap,6,0,0.13911689204883515,0.7142857142857143,1.1135978443843109,0.9744809523354757
T2_select_target,llama1b:llama3b,diagnostic_source_direction_entropy_mean,6,1,0.0,0.09107651110783745,1.1135978443843109,1.1135978443843109
T2_select_target,llama1b:llama3b,diagnostic_target_direction_entropy,6,0,0.13911689204883515,0.7142857142857143,1.1135978443843109,0.9744809523354757
T2_select_target,llama1b:llama3b,diagnostic_source_direction_std_mean,6,0,0.30269770119885564,-0.2125118592516207,1.1135978443843109,0.8109001431854552
T2_select_target,llama1b:llama3b,_z_target_hidden_size,6,0,0.13911689204883515,0.8827348295047495,1.1135978443843109,0.9744809523354757
T2_select_target,llama1b:llama3b,_z_prior_target_param_b,6,0,0.13911689204883515,0.6667366910003157,1.1135978443843109,0.9744809523354757
T2_select_target,llama1b:llama3b,_z_log_param_ratio,6,0,0.13911689204883515,0.6667366910003157,1.1135978443843109,0.9744809523354757
T2_select_target,llama1b:llama3b,_z_neg_direction_rmse,6,0,0.14854069966829953,0.5428571428571428,1.1135978443843109,0.9650571447160113
T2_select_target,llama1b:llama3b,_z_neg_anchor_js,6,1,0.0,0.7142857142857143,1.1135978443843109,1.1135978443843109
T2_select_target,llama1b:llama3b,_z_neg_magnitude_rmse,6,1,0.0,-0.08571428571428572,1.1135978443843109,1.1135978443843109
T2_select_target,llama1b:llama3b,_z_neg_subspace_residual,6,0,0.30269770119885564,-0.5428571428571428,1.1135978443843109,0.8109001431854552
T2_select_target,llama1b:llama3b,_z_neg_pair_norm_direction_rmse,6,0,0.14854069966829953,0.5428571428571428,1.1135978443843109,0.9650571447160113
T2_select_target,llama1b:llama3b,_z_neg_target_readability_z2,6,0,0.14854069966829953,0.2,1.1135978443843109,0.9650571447160113
T2_select_target,llama1b:llama3b,_z_neg_target_readability_tail,6,0,0.14854069966829953,0.37142857142857144,1.1135978443843109,0.9650571447160113
T2_select_target,llama1b:llama3b,_z_neg_target_readability_ce,6,1,0.0,0.7142857142857143,1.1135978443843109,1.1135978443843109
T2_select_target,llama1b:llama3b,_z_neg_source_to_target_kl,6,1,0.0,0.7142857142857143,1.1135978443843109,1.1135978443843109
T2_select_target,llama1b:llama3b,_z_target_readability_energy,6,0,0.30269770119885564,-0.6,1.1135978443843109,0.8109001431854552
T2_select_target,llama1b:llama3b,_z_top_anchor_overlap,6,0,0.30269770119885564,-0.08571428571428572,1.1135978443843109,0.8109001431854552
T2_select_target,llama1b:llama3b,_z_neg_direction_entropy_gap,6,1,0.0,0.4857142857142857,1.1135978443843109,1.1135978443843109
T2_select_target,llama1b:llama3b,_z_neg_direction_dispersion_gap,6,0,0.13911689204883515,0.7142857142857143,1.1135978443843109,0.9744809523354757
T2_select_target,llama1b:llama3b,combined_hidden_direction_score,6,0,0.13911689204883515,0.7142857142857143,1.1135978443843109,0.9744809523354757
T2_select_target,llama1b:llama3b,combined_hidden_js_score,6,1,0.0,0.7714285714285715,1.1135978443843109,1.1135978443843109
T2_select_target,llama1b:llama3b,combined_hidden_source_quality_score,6,0,0.13911689204883515,0.8827348295047495,1.1135978443843109,0.9744809523354757
T2_select_target,llama1b:llama3b,combined_param_direction_score,6,0,0.13911689204883515,0.6,1.1135978443843109,0.9744809523354757
T2_select_target,llama1b:llama3b,combined_ratio_direction_score,6,0,0.13911689204883515,0.6,1.1135978443843109,0.9744809523354757
T2_select_target,llama1b:llama3b,pair_geometry_compatibility_score,6,1,0.0,0.3142857142857143,1.1135978443843109,1.1135978443843109
T2_select_target,llama1b:llama8b,rel_direction_l1_to_target,6,1,0.0,0.2571428571428571,0.9198076380906942,0.9198076380906942
T2_select_target,llama1b:llama8b,rel_direction_rmse_to_target,6,1,0.0,0.2571428571428571,0.9198076380906942,0.9198076380906942
T2_select_target,llama1b:llama8b,rel_magnitude_l1_to_target,6,1,0.0,-0.08571428571428572,0.9198076380906942,0.9198076380906942
T2_select_target,llama1b:llama8b,rel_magnitude_rmse_to_target,6,0,0.5517190294916143,-0.42857142857142855,0.9198076380906942,0.3680886085990798
T2_select_target,llama1b:llama8b,memory_target_norm_gap,6,0,0.5517190294916143,-0.42857142857142855,0.9198076380906942,0.3680886085990798
T2_select_target,llama1b:llama8b,anchor_direction_js_to_target,6,0,0.07020520900137295,0.14285714285714285,0.9198076380906942,0.8496024290893213
T2_select_target,llama1b:llama8b,target_direction_subspace_residual,6,0,0.03491897099628116,-0.2571428571428571,0.9198076380906942,0.884888667094413
T2_select_target,llama1b:llama8b,capacity_normalized_direction_rmse,6,1,0.0,0.2571428571428571,0.9198076380906942,0.9198076380906942
T2_select_target,llama1b:llama8b,diagnostic_rel_direction_z2_mean,6,1,0.0,0.2571428571428571,0.9198076380906942,0.9198076380906942
T2_select_target,llama1b:llama8b,diagnostic_rel_magnitude_z_abs_mean,6,1,0.0,0.8857142857142857,0.9198076380906942,0.9198076380906942
T2_select_target,llama1b:llama8b,diagnostic_target_direction_std_mean,6,0,0.16016066844841725,-0.2571428571428571,0.9198076380906942,0.759646969642277
T2_select_target,llama1b:llama8b,diagnostic_target_direction_std_min,6,1,0.0,-0.14285714285714285,0.9198076380906942,0.9198076380906942
T2_select_target,llama1b:llama8b,diagnostic_target_magnitude_std_mean,6,1,0.0,0.8857142857142857,0.9198076380906942,0.9198076380906942
T2_select_target,llama1b:llama8b,diagnostic_target_magnitude_std_min,6,1,0.0,0.8857142857142857,0.9198076380906942,0.9198076380906942
T2_select_target,llama1b:llama8b,target_text_nll,6,0,0.07020520900137295,0.2571428571428571,0.9198076380906942,0.8496024290893213
T2_select_target,llama1b:llama8b,target_minus_source_nll,6,0,0.07020520900137295,0.2571428571428571,0.9198076380906942,0.8496024290893213
T2_select_target,llama1b:llama8b,target_hidden_size,6,0,0.07020520900137295,0.8116794499134278,0.9198076380906942,0.8496024290893213
T2_select_target,llama1b:llama8b,abs_log_hidden_ratio,6,0,0.07020520900137295,0.8116794499134278,0.9198076380906942,0.8496024290893213
T2_select_target,llama1b:llama8b,prior_same_model_family,6,0,0.16016066844841725,0.20701966780270628,0.9198076380906942,0.759646969642277
T2_select_target,llama1b:llama8b,prior_cross_model_family,6,0,0.07020520900137295,-0.20701966780270628,0.9198076380906942,0.8496024290893213
T2_select_target,llama1b:llama8b,prior_target_param_b,6,0,0.07020520900137295,0.6473388749701496,0.9198076380906942,0.8496024290893213
T2_select_target,llama1b:llama8b,prior_log_param_ratio_target_over_source,6,0,0.07020520900137295,0.6473388749701496,0.9198076380906942,0.8496024290893213
T2_select_target,llama1b:llama8b,prior_param_tier_jump,6,0,0.16016066844841725,-0.6210590034081188,0.9198076380906942,0.759646969642277
T2_select_target,llama1b:llama8b,pair_normalized_direction_rmse,6,1,0.0,0.2571428571428571,0.9198076380906942,0.9198076380906942
T2_select_target,llama1b:llama8b,target_readability_z2_mean,6,1,0.0,0.2571428571428571,0.9198076380906942,0.9198076380906942
T2_select_target,llama1b:llama8b,target_readability_tail_frac,6,1,0.0,0.2571428571428571,0.9198076380906942,0.9198076380906942
T2_select_target,llama1b:llama8b,target_readability_cross_entropy,6,0,0.07020520900137295,0.14285714285714285,0.9198076380906942,0.8496024290893213
T2_select_target,llama1b:llama8b,source_to_target_anchor_kl,6,0,0.07020520900137295,0.14285714285714285,0.9198076380906942,0.8496024290893213
T2_select_target,llama1b:llama8b,target_readability_energy,6,1,0.0,0.2571428571428571,0.9198076380906942,0.9198076380906942
T2_select_target,llama1b:llama8b,source_target_top_anchor_overlap,6,1,0.0,0.7714285714285715,0.9198076380906942,0.9198076380906942
T2_select_target,llama1b:llama8b,source_target_direction_entropy_gap,6,0,0.07020520900137295,0.14285714285714285,0.9198076380906942,0.8496024290893213
T2_select_target,llama1b:llama8b,source_target_direction_dispersion_gap,6,0,0.07020520900137295,0.2571428571428571,0.9198076380906942,0.8496024290893213
T2_select_target,llama1b:llama8b,diagnostic_source_direction_entropy_mean,6,0,0.07020520900137295,0.27774602993176545,0.9198076380906942,0.8496024290893213
T2_select_target,llama1b:llama8b,diagnostic_target_direction_entropy,6,0,0.07020520900137295,0.14285714285714285,0.9198076380906942,0.8496024290893213
T2_select_target,llama1b:llama8b,diagnostic_source_direction_std_mean,6,0,0.16016066844841725,0.09258200997725516,0.9198076380906942,0.759646969642277
T2_select_target,llama1b:llama8b,_z_target_hidden_size,6,0,0.07020520900137295,0.8116794499134278,0.9198076380906942,0.8496024290893213
T2_select_target,llama1b:llama8b,_z_prior_target_param_b,6,0,0.07020520900137295,0.6473388749701496,0.9198076380906942,0.8496024290893213
T2_select_target,llama1b:llama8b,_z_log_param_ratio,6,0,0.07020520900137295,0.6473388749701496,0.9198076380906942,0.8496024290893213
T2_select_target,llama1b:llama8b,_z_neg_direction_rmse,6,1,0.0,0.2571428571428571,0.9198076380906942,0.9198076380906942
T2_select_target,llama1b:llama8b,_z_neg_anchor_js,6,0,0.07020520900137295,0.14285714285714285,0.9198076380906942,0.8496024290893213
T2_select_target,llama1b:llama8b,_z_neg_magnitude_rmse,6,0,0.5517190294916143,-0.42857142857142855,0.9198076380906942,0.3680886085990798
T2_select_target,llama1b:llama8b,_z_neg_subspace_residual,6,0,0.03491897099628116,-0.2571428571428571,0.9198076380906942,0.884888667094413
T2_select_target,llama1b:llama8b,_z_neg_pair_norm_direction_rmse,6,1,0.0,0.2571428571428571,0.9198076380906942,0.9198076380906942
T2_select_target,llama1b:llama8b,_z_neg_target_readability_z2,6,1,0.0,0.2571428571428571,0.9198076380906942,0.9198076380906942
T2_select_target,llama1b:llama8b,_z_neg_target_readability_tail,6,1,0.0,0.2571428571428571,0.9198076380906942,0.9198076380906942
T2_select_target,llama1b:llama8b,_z_neg_target_readability_ce,6,0,0.07020520900137295,0.14285714285714285,0.9198076380906942,0.8496024290893213
T2_select_target,llama1b:llama8b,_z_neg_source_to_target_kl,6,0,0.07020520900137295,0.14285714285714285,0.9198076380906942,0.8496024290893213
T2_select_target,llama1b:llama8b,_z_target_readability_energy,6,1,0.0,0.2571428571428571,0.9198076380906942,0.9198076380906942
T2_select_target,llama1b:llama8b,_z_top_anchor_overlap,6,1,0.0,0.7714285714285715,0.9198076380906942,0.9198076380906942
T2_select_target,llama1b:llama8b,_z_neg_direction_entropy_gap,6,0,0.07020520900137295,0.14285714285714285,0.9198076380906942,0.8496024290893213
T2_select_target,llama1b:llama8b,_z_neg_direction_dispersion_gap,6,0,0.07020520900137295,0.2571428571428571,0.9198076380906942,0.8496024290893213
T2_select_target,llama1b:llama8b,combined_hidden_direction_score,6,0,0.07020520900137295,0.4857142857142857,0.9198076380906942,0.8496024290893213
T2_select_target,llama1b:llama8b,combined_hidden_js_score,6,0,0.07020520900137295,0.2571428571428571,0.9198076380906942,0.8496024290893213
T2_select_target,llama1b:llama8b,combined_hidden_source_quality_score,6,0,0.07020520900137295,0.8116794499134278,0.9198076380906942,0.8496024290893213
T2_select_target,llama1b:llama8b,combined_param_direction_score,6,1,0.0,0.37142857142857144,0.9198076380906942,0.9198076380906942
T2_select_target,llama1b:llama8b,combined_ratio_direction_score,6,1,0.0,0.37142857142857144,0.9198076380906942,0.9198076380906942
T2_select_target,llama1b:llama8b,pair_geometry_compatibility_score,6,1,0.0,0.2571428571428571,0.9198076380906942,0.9198076380906942
T2_select_target,llama1b:mistral7b,rel_direction_l1_to_target,6,0,0.12114738308183703,0.08571428571428572,0.7912599917869183,0.6701126087050813
T2_select_target,llama1b:mistral7b,rel_direction_rmse_to_target,6,0,0.12114738308183703,0.08571428571428572,0.7912599917869183,0.6701126087050813
T2_select_target,llama1b:mistral7b,rel_magnitude_l1_to_target,6,0,0.5788978201783261,-0.8857142857142857,0.7912599917869183,0.2123621716085922
T2_select_target,llama1b:mistral7b,rel_magnitude_rmse_to_target,6,0,0.5788978201783261,-0.6571428571428571,0.7912599917869183,0.2123621716085922
T2_select_target,llama1b:mistral7b,memory_target_norm_gap,6,0,0.6725342857739086,-0.6571428571428571,0.7912599917869183,0.11872570601300968
T2_select_target,llama1b:mistral7b,anchor_direction_js_to_target,6,0,0.12114738308183703,0.08571428571428572,0.7912599917869183,0.6701126087050813
T2_select_target,llama1b:mistral7b,target_direction_subspace_residual,6,0,0.02743071016338272,-0.08571428571428572,0.7912599917869183,0.7638292816235356
T2_select_target,llama1b:mistral7b,capacity_normalized_direction_rmse,6,0,0.12114738308183703,0.08571428571428572,0.7912599917869183,0.6701126087050813
T2_select_target,llama1b:mistral7b,diagnostic_rel_direction_z2_mean,6,0,0.6725342857739086,-0.7142857142857143,0.7912599917869183,0.11872570601300968
T2_select_target,llama1b:mistral7b,diagnostic_rel_magnitude_z_abs_mean,6,0,0.12114738308183703,0.6,0.7912599917869183,0.6701126087050813
T2_select_target,llama1b:mistral7b,diagnostic_target_direction_std_mean,6,0,0.5788978201783261,-0.7714285714285715,0.7912599917869183,0.2123621716085922
T2_select_target,llama1b:mistral7b,diagnostic_target_direction_std_min,6,0,0.5788978201783261,-0.7714285714285715,0.7912599917869183,0.2123621716085922
T2_select_target,llama1b:mistral7b,diagnostic_target_magnitude_std_mean,6,0,0.12114738308183703,0.6,0.7912599917869183,0.6701126087050813
T2_select_target,llama1b:mistral7b,diagnostic_target_magnitude_std_min,6,0,0.12114738308183703,0.6,0.7912599917869183,0.6701126087050813
T2_select_target,llama1b:mistral7b,target_text_nll,6,0,0.12114738308183703,-0.08571428571428572,0.7912599917869183,0.6701126087050813
T2_select_target,llama1b:mistral7b,target_minus_source_nll,6,0,0.12114738308183703,-0.08571428571428572,0.7912599917869183,0.6701126087050813
T2_select_target,llama1b:mistral7b,target_hidden_size,6,1,0.0,0.8406680016960503,0.7912599917869183,0.7912599917869183
T2_select_target,llama1b:mistral7b,abs_log_hidden_ratio,6,1,0.0,0.8406680016960503,0.7912599917869183,0.7912599917869183
T2_select_target,llama1b:mistral7b,prior_target_param_b,6,1,0.0,0.6087595874350709,0.7912599917869183,0.7912599917869183
T2_select_target,llama1b:mistral7b,prior_log_param_ratio_target_over_source,6,1,0.0,0.6087595874350709,0.7912599917869183,0.7912599917869183
T2_select_target,llama1b:mistral7b,prior_param_tier_jump,6,0,0.4430810941945998,-0.6210590034081188,0.7912599917869183,0.3481788975923185
T2_select_target,llama1b:mistral7b,pair_normalized_direction_rmse,6,0,0.12114738308183703,-0.2,0.7912599917869183,0.6701126087050813
T2_select_target,llama1b:mistral7b,target_readability_z2_mean,6,0,0.6725342857739086,-0.7142857142857143,0.7912599917869183,0.11872570601300968
T2_select_target,llama1b:mistral7b,target_readability_tail_frac,6,0,0.5788978201783261,-0.6957252427829381,0.7912599917869183,0.2123621716085922
T2_select_target,llama1b:mistral7b,target_readability_cross_entropy,6,1,0.0,0.2,0.7912599917869183,0.7912599917869183
T2_select_target,llama1b:mistral7b,source_to_target_anchor_kl,6,0,0.12114738308183703,0.08571428571428572,0.7912599917869183,0.6701126087050813
T2_select_target,llama1b:mistral7b,target_readability_energy,6,0,0.12114738308183703,0.7714285714285715,0.7912599917869183,0.6701126087050813
T2_select_target,llama1b:mistral7b,source_target_top_anchor_overlap,6,0,0.12114738308183703,0.2,0.7912599917869183,0.6701126087050813
T2_select_target,llama1b:mistral7b,source_target_direction_entropy_gap,6,0,0.12114738308183703,0.08571428571428572,0.7912599917869183,0.6701126087050813
T2_select_target,llama1b:mistral7b,source_target_direction_dispersion_gap,6,1,0.0,0.8857142857142857,0.7912599917869183,0.7912599917869183
T2_select_target,llama1b:mistral7b,diagnostic_source_direction_entropy_mean,6,0,0.5788978201783261,-0.6831300510639732,0.7912599917869183,0.2123621716085922
T2_select_target,llama1b:mistral7b,diagnostic_target_direction_entropy,6,1,0.0,0.2,0.7912599917869183,0.7912599917869183
T2_select_target,llama1b:mistral7b,diagnostic_source_direction_std_mean,6,0,0.4430810941945998,0.6831300510639732,0.7912599917869183,0.3481788975923185
T2_select_target,llama1b:mistral7b,_z_target_hidden_size,6,1,0.0,0.8406680016960503,0.7912599917869183,0.7912599917869183
T2_select_target,llama1b:mistral7b,_z_prior_target_param_b,6,1,0.0,0.6087595874350709,0.7912599917869183,0.7912599917869183
T2_select_target,llama1b:mistral7b,_z_log_param_ratio,6,1,0.0,0.6087595874350709,0.7912599917869183,0.7912599917869183
T2_select_target,llama1b:mistral7b,_z_neg_direction_rmse,6,0,0.12114738308183703,0.08571428571428572,0.7912599917869183,0.6701126087050813
T2_select_target,llama1b:mistral7b,_z_neg_anchor_js,6,0,0.12114738308183703,0.08571428571428572,0.7912599917869183,0.6701126087050813
T2_select_target,llama1b:mistral7b,_z_neg_magnitude_rmse,6,0,0.5788978201783261,-0.6571428571428571,0.7912599917869183,0.2123621716085922
T2_select_target,llama1b:mistral7b,_z_neg_subspace_residual,6,0,0.02743071016338272,-0.08571428571428572,0.7912599917869183,0.7638292816235356
T2_select_target,llama1b:mistral7b,_z_neg_pair_norm_direction_rmse,6,0,0.12114738308183703,-0.2,0.7912599917869183,0.6701126087050813
T2_select_target,llama1b:mistral7b,_z_neg_target_readability_z2,6,0,0.6725342857739086,-0.7142857142857143,0.7912599917869183,0.11872570601300968
T2_select_target,llama1b:mistral7b,_z_neg_target_readability_tail,6,0,0.5788978201783261,-0.6957252427829381,0.7912599917869183,0.2123621716085922
T2_select_target,llama1b:mistral7b,_z_neg_target_readability_ce,6,1,0.0,0.2,0.7912599917869183,0.7912599917869183
T2_select_target,llama1b:mistral7b,_z_neg_source_to_target_kl,6,0,0.12114738308183703,0.08571428571428572,0.7912599917869183,0.6701126087050813
T2_select_target,llama1b:mistral7b,_z_target_readability_energy,6,0,0.12114738308183703,0.7714285714285715,0.7912599917869183,0.6701126087050813
T2_select_target,llama1b:mistral7b,_z_top_anchor_overlap,6,0,0.12114738308183703,0.2,0.7912599917869183,0.6701126087050813
T2_select_target,llama1b:mistral7b,_z_neg_direction_entropy_gap,6,0,0.12114738308183703,0.08571428571428572,0.7912599917869183,0.6701126087050813
T2_select_target,llama1b:mistral7b,_z_neg_direction_dispersion_gap,6,1,0.0,0.8857142857142857,0.7912599917869183,0.7912599917869183
T2_select_target,llama1b:mistral7b,combined_hidden_direction_score,6,1,0.0,0.4857142857142857,0.7912599917869183,0.7912599917869183
T2_select_target,llama1b:mistral7b,combined_hidden_js_score,6,1,0.0,0.7714285714285715,0.7912599917869183,0.7912599917869183
T2_select_target,llama1b:mistral7b,combined_hidden_source_quality_score,6,1,0.0,0.8406680016960503,0.7912599917869183,0.7912599917869183
T2_select_target,llama1b:mistral7b,combined_param_direction_score,6,1,0.0,0.3142857142857143,0.7912599917869183,0.7912599917869183
T2_select_target,llama1b:mistral7b,combined_ratio_direction_score,6,0,0.12114738308183703,0.2,0.7912599917869183,0.6701126087050813
T2_select_target,llama1b:mistral7b,pair_geometry_compatibility_score,6,0,0.12114738308183703,0.08571428571428572,0.7912599917869183,0.6701126087050813
T2_select_target,llama1b:qwen1.5b,rel_direction_l1_to_target,6,0,0.023890199580398508,0.42857142857142855,0.914259883758756,0.8903696841783575
T2_select_target,llama1b:qwen1.5b,rel_direction_rmse_to_target,6,1,0.0,0.4857142857142857,0.914259883758756,0.914259883758756
T2_select_target,llama1b:qwen1.5b,rel_magnitude_l1_to_target,6,0,0.45426114771251824,-0.2571428571428571,0.914259883758756,0.45999873604623776
T2_select_target,llama1b:qwen1.5b,rel_magnitude_rmse_to_target,6,0,0.45426114771251824,-0.42857142857142855,0.914259883758756,0.45999873604623776
T2_select_target,llama1b:qwen1.5b,memory_target_norm_gap,6,0,0.07541337345719479,-0.14285714285714285,0.914259883758756,0.8388465103015612
T2_select_target,llama1b:qwen1.5b,anchor_direction_js_to_target,6,1,0.0,0.3142857142857143,0.914259883758756,0.914259883758756
T2_select_target,llama1b:qwen1.5b,target_direction_subspace_residual,6,0,0.07541337345719479,-0.4857142857142857,0.914259883758756,0.8388465103015612
T2_select_target,llama1b:qwen1.5b,capacity_normalized_direction_rmse,6,0,0.023890199580398508,0.42857142857142855,0.914259883758756,0.8903696841783575
T2_select_target,llama1b:qwen1.5b,diagnostic_rel_direction_z2_mean,6,0,0.023890199580398508,-0.37142857142857144,0.914259883758756,0.8903696841783575
T2_select_target,llama1b:qwen1.5b,diagnostic_rel_magnitude_z_abs_mean,6,1,0.0,0.2571428571428571,0.914259883758756,0.914259883758756
T2_select_target,llama1b:qwen1.5b,diagnostic_target_direction_std_mean,6,0,0.2311858484557202,-0.2571428571428571,0.914259883758756,0.6830740353030358
T2_select_target,llama1b:qwen1.5b,diagnostic_target_direction_std_min,6,0,0.8100238057006884,-0.8857142857142857,0.914259883758756,0.1042360780580676
T2_select_target,llama1b:qwen1.5b,diagnostic_target_magnitude_std_mean,6,1,0.0,0.2571428571428571,0.914259883758756,0.914259883758756
T2_select_target,llama1b:qwen1.5b,diagnostic_target_magnitude_std_min,6,1,0.0,0.2571428571428571,0.914259883758756,0.914259883758756
T2_select_target,llama1b:qwen1.5b,target_text_nll,6,0,0.45426114771251824,-0.08571428571428572,0.914259883758756,0.45999873604623776
T2_select_target,llama1b:qwen1.5b,target_minus_source_nll,6,0,0.45426114771251824,-0.08571428571428572,0.914259883758756,0.45999873604623776
T2_select_target,llama1b:qwen1.5b,target_hidden_size,6,0,0.023890199580398508,0.41194292043554975,0.914259883758756,0.8903696841783575
T2_select_target,llama1b:qwen1.5b,abs_log_hidden_ratio,6,0,0.2311858484557202,-0.41194292043554975,0.914259883758756,0.6830740353030358
T2_select_target,llama1b:qwen1.5b,prior_same_model_family,6,0,0.8100238057006884,0.0,0.914259883758756,0.1042360780580676
T2_select_target,llama1b:qwen1.5b,prior_cross_model_family,6,0,0.2311858484557202,0.0,0.914259883758756,0.6830740353030358
T2_select_target,llama1b:qwen1.5b,prior_target_param_b,6,0,0.023890199580398508,0.4707919090691997,0.914259883758756,0.8903696841783575
T2_select_target,llama1b:qwen1.5b,prior_log_param_ratio_target_over_source,6,0,0.023890199580398508,0.4707919090691997,0.914259883758756,0.8903696841783575
T2_select_target,llama1b:qwen1.5b,prior_param_tier_jump,6,0,0.023890199580398508,0.4879500364742666,0.914259883758756,0.8903696841783575
T2_select_target,llama1b:qwen1.5b,pair_normalized_direction_rmse,6,1,0.0,0.4857142857142857,0.914259883758756,0.914259883758756
T2_select_target,llama1b:qwen1.5b,target_readability_z2_mean,6,0,0.023890199580398508,-0.37142857142857144,0.914259883758756,0.8903696841783575
T2_select_target,llama1b:qwen1.5b,target_readability_tail_frac,6,0,0.023890199580398508,0.2,0.914259883758756,0.8903696841783575
T2_select_target,llama1b:qwen1.5b,target_magnitude_tail_frac,6,1,0.0,0.6546536707079772,0.914259883758756,0.914259883758756
T2_select_target,llama1b:qwen1.5b,target_readability_cross_entropy,6,0,0.45426114771251824,0.08571428571428572,0.914259883758756,0.45999873604623776
T2_select_target,llama1b:qwen1.5b,source_to_target_anchor_kl,6,1,0.0,0.3142857142857143,0.914259883758756,0.914259883758756
T2_select_target,llama1b:qwen1.5b,target_readability_energy,6,0,0.8100238057006884,-0.7714285714285715,0.914259883758756,0.1042360780580676
T2_select_target,llama1b:qwen1.5b,source_target_top_anchor_overlap,6,0,0.8100238057006884,-0.7714285714285715,0.914259883758756,0.1042360780580676
T2_select_target,llama1b:qwen1.5b,source_target_direction_entropy_gap,6,1,0.0,0.42857142857142855,0.914259883758756,0.914259883758756
T2_select_target,llama1b:qwen1.5b,source_target_direction_dispersion_gap,6,0,0.023890199580398508,0.2571428571428571,0.914259883758756,0.8903696841783575
T2_select_target,llama1b:qwen1.5b,diagnostic_source_direction_entropy_mean,6,0,0.8100238057006884,-0.18516401995451032,0.914259883758756,0.1042360780580676
T2_select_target,llama1b:qwen1.5b,diagnostic_target_direction_entropy,6,0,0.45426114771251824,0.02857142857142857,0.914259883758756,0.45999873604623776
T2_select_target,llama1b:qwen1.5b,diagnostic_source_direction_std_mean,6,0,0.8100238057006884,0.18516401995451032,0.914259883758756,0.1042360780580676
T2_select_target,llama1b:qwen1.5b,_z_target_hidden_size,6,0,0.023890199580398508,0.41194292043554975,0.914259883758756,0.8903696841783575
T2_select_target,llama1b:qwen1.5b,_z_prior_target_param_b,6,0,0.023890199580398508,0.4707919090691997,0.914259883758756,0.8903696841783575
T2_select_target,llama1b:qwen1.5b,_z_log_param_ratio,6,0,0.023890199580398508,0.4707919090691997,0.914259883758756,0.8903696841783575
T2_select_target,llama1b:qwen1.5b,_z_neg_direction_rmse,6,1,0.0,0.4857142857142857,0.914259883758756,0.914259883758756
T2_select_target,llama1b:qwen1.5b,_z_neg_anchor_js,6,1,0.0,0.3142857142857143,0.914259883758756,0.914259883758756
T2_select_target,llama1b:qwen1.5b,_z_neg_magnitude_rmse,6,0,0.45426114771251824,-0.42857142857142855,0.914259883758756,0.45999873604623776
T2_select_target,llama1b:qwen1.5b,_z_neg_subspace_residual,6,0,0.07541337345719479,-0.4857142857142857,0.914259883758756,0.8388465103015612
T2_select_target,llama1b:qwen1.5b,_z_neg_pair_norm_direction_rmse,6,1,0.0,0.4857142857142857,0.914259883758756,0.914259883758756
T2_select_target,llama1b:qwen1.5b,_z_neg_target_readability_z2,6,0,0.023890199580398508,-0.37142857142857144,0.914259883758756,0.8903696841783575
T2_select_target,llama1b:qwen1.5b,_z_neg_target_readability_tail,6,0,0.023890199580398508,0.2,0.914259883758756,0.8903696841783575
T2_select_target,llama1b:qwen1.5b,_z_neg_target_magnitude_tail,6,1,0.0,0.6546536707079772,0.914259883758756,0.914259883758756
T2_select_target,llama1b:qwen1.5b,_z_neg_target_readability_ce,6,0,0.45426114771251824,0.08571428571428572,0.914259883758756,0.45999873604623776
T2_select_target,llama1b:qwen1.5b,_z_neg_source_to_target_kl,6,1,0.0,0.3142857142857143,0.914259883758756,0.914259883758756
T2_select_target,llama1b:qwen1.5b,_z_target_readability_energy,6,0,0.8100238057006884,-0.7714285714285715,0.914259883758756,0.1042360780580676
T2_select_target,llama1b:qwen1.5b,_z_top_anchor_overlap,6,0,0.8100238057006884,-0.7714285714285715,0.914259883758756,0.1042360780580676
T2_select_target,llama1b:qwen1.5b,_z_neg_direction_entropy_gap,6,1,0.0,0.42857142857142855,0.914259883758756,0.914259883758756
T2_select_target,llama1b:qwen1.5b,_z_neg_direction_dispersion_gap,6,0,0.023890199580398508,0.2571428571428571,0.914259883758756,0.8903696841783575
T2_select_target,llama1b:qwen1.5b,combined_hidden_direction_score,6,0,0.023890199580398508,0.2571428571428571,0.914259883758756,0.8903696841783575
T2_select_target,llama1b:qwen1.5b,combined_hidden_js_score,6,0,0.45426114771251824,0.2571428571428571,0.914259883758756,0.45999873604623776
T2_select_target,llama1b:qwen1.5b,combined_hidden_source_quality_score,6,0,0.023890199580398508,0.41194292043554975,0.914259883758756,0.8903696841783575
T2_select_target,llama1b:qwen1.5b,combined_param_direction_score,6,0,0.023890199580398508,0.4857142857142857,0.914259883758756,0.8903696841783575
T2_select_target,llama1b:qwen1.5b,combined_ratio_direction_score,6,0,0.023890199580398508,0.4857142857142857,0.914259883758756,0.8903696841783575
T2_select_target,llama1b:qwen1.5b,pair_geometry_compatibility_score,6,0,0.8100238057006884,-0.7142857142857143,0.914259883758756,0.1042360780580676
T2_select_target,llama1b:qwen3b,rel_direction_l1_to_target,6,0,0.05515004525679801,0.6571428571428571,0.9711990899532912,0.9160490446964932
T2_select_target,llama1b:qwen3b,rel_direction_rmse_to_target,6,0,0.05515004525679801,0.6571428571428571,0.9711990899532912,0.9160490446964932
T2_select_target,llama1b:qwen3b,rel_magnitude_l1_to_target,6,1,0.0,0.2571428571428571,0.9711990899532912,0.9711990899532912
T2_select_target,llama1b:qwen3b,rel_magnitude_rmse_to_target,6,1,0.0,0.02857142857142857,0.9711990899532912,0.9711990899532912
T2_select_target,llama1b:qwen3b,memory_target_norm_gap,6,0,0.16749195371603443,-0.7142857142857143,0.9711990899532912,0.8037071362372568
T2_select_target,llama1b:qwen3b,anchor_direction_js_to_target,6,1,0.0,0.8285714285714286,0.9711990899532912,0.9711990899532912
T2_select_target,llama1b:qwen3b,target_direction_subspace_residual,6,0,0.16749195371603443,-0.6,0.9711990899532912,0.8037071362372568
T2_select_target,llama1b:qwen3b,capacity_normalized_direction_rmse,6,0,0.05515004525679801,0.6571428571428571,0.9711990899532912,0.9160490446964932
T2_select_target,llama1b:qwen3b,diagnostic_rel_direction_z2_mean,6,0,0.10275403642500858,0.14285714285714285,0.9711990899532912,0.8684450535282826
T2_select_target,llama1b:qwen3b,diagnostic_rel_magnitude_z_abs_mean,6,0,0.05515004525679801,0.42857142857142855,0.9711990899532912,0.9160490446964932
T2_select_target,llama1b:qwen3b,diagnostic_target_direction_std_mean,6,0,0.6204717319054263,-0.8285714285714286,0.9711990899532912,0.35072735804786487
T2_select_target,llama1b:qwen3b,diagnostic_target_direction_std_min,6,0,0.5292731365504548,-0.5428571428571428,0.9711990899532912,0.44192595340283636
T2_select_target,llama1b:qwen3b,diagnostic_target_magnitude_std_mean,6,0,0.05515004525679801,0.42857142857142855,0.9711990899532912,0.9160490446964932
T2_select_target,llama1b:qwen3b,diagnostic_target_magnitude_std_min,6,0,0.05515004525679801,0.42857142857142855,0.9711990899532912,0.9160490446964932
T2_select_target,llama1b:qwen3b,target_text_nll,6,1,0.0,0.9428571428571428,0.9711990899532912,0.9711990899532912
T2_select_target,llama1b:qwen3b,target_minus_source_nll,6,1,0.0,0.9428571428571428,0.9711990899532912,0.9711990899532912
T2_select_target,llama1b:qwen3b,target_hidden_size,6,0,0.10275403642500858,0.8406680016960503,0.9711990899532912,0.8684450535282826
T2_select_target,llama1b:qwen3b,abs_log_hidden_ratio,6,0,0.6204717319054263,-0.898645105261295,0.9711990899532912,0.35072735804786487
T2_select_target,llama1b:qwen3b,prior_same_model_family,6,0,0.5292731365504548,0.0,0.9711990899532912,0.44192595340283636
T2_select_target,llama1b:qwen3b,prior_cross_model_family,6,0,0.6204717319054263,0.0,0.9711990899532912,0.35072735804786487
T2_select_target,llama1b:qwen3b,prior_target_param_b,6,0,0.10275403642500858,0.8116794499134278,0.9711990899532912,0.8684450535282826
T2_select_target,llama1b:qwen3b,prior_log_param_ratio_target_over_source,6,0,0.10275403642500858,0.8116794499134278,0.9711990899532912,0.8684450535282826
T2_select_target,llama1b:qwen3b,prior_param_tier_jump,6,0,0.10275403642500858,0.16903085094570333,0.9711990899532912,0.8684450535282826
T2_select_target,llama1b:qwen3b,pair_normalized_direction_rmse,6,0,0.05515004525679801,0.6571428571428571,0.9711990899532912,0.9160490446964932
T2_select_target,llama1b:qwen3b,target_readability_z2_mean,6,0,0.10275403642500858,0.14285714285714285,0.9711990899532912,0.8684450535282826
T2_select_target,llama1b:qwen3b,target_readability_tail_frac,6,0,0.10275403642500858,0.6571428571428571,0.9711990899532912,0.8684450535282826
T2_select_target,llama1b:qwen3b,target_readability_cross_entropy,6,1,0.0,0.7714285714285715,0.9711990899532912,0.9711990899532912
T2_select_target,llama1b:qwen3b,source_to_target_anchor_kl,6,1,0.0,0.8285714285714286,0.9711990899532912,0.9711990899532912
T2_select_target,llama1b:qwen3b,target_readability_energy,6,0,0.5292731365504548,-0.7142857142857143,0.9711990899532912,0.44192595340283636
T2_select_target,llama1b:qwen3b,source_target_top_anchor_overlap,6,0,0.5292731365504548,-0.6,0.9711990899532912,0.44192595340283636
T2_select_target,llama1b:qwen3b,source_target_direction_entropy_gap,6,0,0.05515004525679801,0.7714285714285715,0.9711990899532912,0.9160490446964932
T2_select_target,llama1b:qwen3b,source_target_direction_dispersion_gap,6,1,0.0,0.8857142857142857,0.9711990899532912,0.9711990899532912
T2_select_target,llama1b:qwen3b,diagnostic_source_direction_entropy_mean,6,0,0.5292731365504548,0.3086066999241838,0.9711990899532912,0.44192595340283636
T2_select_target,llama1b:qwen3b,diagnostic_target_direction_entropy,6,1,0.0,0.7714285714285715,0.9711990899532912,0.9711990899532912
T2_select_target,llama1b:qwen3b,diagnostic_source_direction_std_mean,6,1,0.0,0.3086066999241838,0.9711990899532912,0.9711990899532912
T2_select_target,llama1b:qwen3b,_z_target_hidden_size,6,0,0.10275403642500858,0.8406680016960503,0.9711990899532912,0.8684450535282826
T2_select_target,llama1b:qwen3b,_z_prior_target_param_b,6,0,0.10275403642500858,0.8116794499134278,0.9711990899532912,0.8684450535282826
T2_select_target,llama1b:qwen3b,_z_log_param_ratio,6,0,0.10275403642500858,0.8116794499134278,0.9711990899532912,0.8684450535282826
T2_select_target,llama1b:qwen3b,_z_neg_direction_rmse,6,0,0.05515004525679801,0.6571428571428571,0.9711990899532912,0.9160490446964932
T2_select_target,llama1b:qwen3b,_z_neg_anchor_js,6,1,0.0,0.8285714285714286,0.9711990899532912,0.9711990899532912
T2_select_target,llama1b:qwen3b,_z_neg_magnitude_rmse,6,1,0.0,0.02857142857142857,0.9711990899532912,0.9711990899532912
T2_select_target,llama1b:qwen3b,_z_neg_subspace_residual,6,0,0.16749195371603443,-0.6,0.9711990899532912,0.8037071362372568
T2_select_target,llama1b:qwen3b,_z_neg_pair_norm_direction_rmse,6,0,0.05515004525679801,0.6571428571428571,0.9711990899532912,0.9160490446964932
T2_select_target,llama1b:qwen3b,_z_neg_target_readability_z2,6,0,0.10275403642500858,0.14285714285714285,0.9711990899532912,0.8684450535282826
T2_select_target,llama1b:qwen3b,_z_neg_target_readability_tail,6,0,0.10275403642500858,0.6571428571428571,0.9711990899532912,0.8684450535282826
T2_select_target,llama1b:qwen3b,_z_neg_target_readability_ce,6,1,0.0,0.7714285714285715,0.9711990899532912,0.9711990899532912
T2_select_target,llama1b:qwen3b,_z_neg_source_to_target_kl,6,1,0.0,0.8285714285714286,0.9711990899532912,0.9711990899532912
T2_select_target,llama1b:qwen3b,_z_target_readability_energy,6,0,0.5292731365504548,-0.7142857142857143,0.9711990899532912,0.44192595340283636
T2_select_target,llama1b:qwen3b,_z_top_anchor_overlap,6,0,0.5292731365504548,-0.6,0.9711990899532912,0.44192595340283636
T2_select_target,llama1b:qwen3b,_z_neg_direction_entropy_gap,6,0,0.05515004525679801,0.7714285714285715,0.9711990899532912,0.9160490446964932
T2_select_target,llama1b:qwen3b,_z_neg_direction_dispersion_gap,6,1,0.0,0.8857142857142857,0.9711990899532912,0.9711990899532912
T2_select_target,llama1b:qwen3b,combined_hidden_direction_score,6,0,0.10275403642500858,0.7714285714285715,0.9711990899532912,0.8684450535282826
T2_select_target,llama1b:qwen3b,combined_hidden_js_score,6,1,0.0,0.8857142857142857,0.9711990899532912,0.9711990899532912
T2_select_target,llama1b:qwen3b,combined_hidden_source_quality_score,6,0,0.10275403642500858,0.8406680016960503,0.9711990899532912,0.8684450535282826
T2_select_target,llama1b:qwen3b,combined_param_direction_score,6,0,0.10275403642500858,0.7142857142857143,0.9711990899532912,0.8684450535282826
T2_select_target,llama1b:qwen3b,combined_ratio_direction_score,6,0,0.05515004525679801,0.7714285714285715,0.9711990899532912,0.9160490446964932
T2_select_target,llama1b:qwen3b,pair_geometry_compatibility_score,6,1,0.0,0.7714285714285715,0.9711990899532912,0.9711990899532912
T2_select_target,llama1b:qwen7b,rel_direction_l1_to_target,6,0,0.1587557799804531,0.37142857142857144,1.1106447887760906,0.9518890087956375
T2_select_target,llama1b:qwen7b,rel_direction_rmse_to_target,6,0,0.1587557799804531,0.37142857142857144,1.1106447887760906,0.9518890087956375
T2_select_target,llama1b:qwen7b,rel_magnitude_l1_to_target,6,1,0.0,0.8285714285714286,1.1106447887760906,1.1106447887760906
T2_select_target,llama1b:qwen7b,rel_magnitude_rmse_to_target,6,0,0.3166525617008039,0.37142857142857144,1.1106447887760906,0.7939922270752867
T2_select_target,llama1b:qwen7b,memory_target_norm_gap,6,0,0.22273813256544917,-0.6571428571428571,1.1106447887760906,0.8879066562106415
T2_select_target,llama1b:qwen7b,anchor_direction_js_to_target,6,0,0.1587557799804531,0.5428571428571428,1.1106447887760906,0.9518890087956375
T2_select_target,llama1b:qwen7b,target_direction_subspace_residual,6,0,0.22273813256544917,-0.42857142857142855,1.1106447887760906,0.8879066562106415
T2_select_target,llama1b:qwen7b,capacity_normalized_direction_rmse,6,0,0.1587557799804531,0.37142857142857144,1.1106447887760906,0.9518890087956375
T2_select_target,llama1b:qwen7b,diagnostic_rel_direction_z2_mean,6,0,0.1587557799804531,0.37142857142857144,1.1106447887760906,0.9518890087956375
T2_select_target,llama1b:qwen7b,diagnostic_rel_magnitude_z_abs_mean,6,0,1.0901101723236077,-0.4857142857142857,1.1106447887760906,0.020534616452482946
T2_select_target,llama1b:qwen7b,diagnostic_target_direction_std_mean,6,0,0.3166525617008039,-0.5428571428571428,1.1106447887760906,0.7939922270752867
T2_select_target,llama1b:qwen7b,diagnostic_target_direction_std_min,6,0,0.617650820441682,-0.7142857142857143,1.1106447887760906,0.49299396833440867
T2_select_target,llama1b:qwen7b,diagnostic_target_magnitude_std_mean,6,0,1.0901101723236077,-0.4857142857142857,1.1106447887760906,0.020534616452482946
T2_select_target,llama1b:qwen7b,diagnostic_target_magnitude_std_min,6,0,1.0901101723236077,-0.4857142857142857,1.1106447887760906,0.020534616452482946
T2_select_target,llama1b:qwen7b,target_text_nll,6,1,0.0,0.2571428571428571,1.1106447887760906,1.1106447887760906
T2_select_target,llama1b:qwen7b,target_minus_source_nll,6,1,0.0,0.2571428571428571,1.1106447887760906,1.1106447887760906
T2_select_target,llama1b:qwen7b,target_hidden_size,6,0,0.1587557799804531,0.8827348295047495,1.1106447887760906,0.9518890087956375
T2_select_target,llama1b:qwen7b,abs_log_hidden_ratio,6,0,0.1587557799804531,0.8827348295047495,1.1106447887760906,0.9518890087956375
T2_select_target,llama1b:qwen7b,prior_same_model_family,6,0,0.617650820441682,-0.8280786712108251,1.1106447887760906,0.49299396833440867
T2_select_target,llama1b:qwen7b,prior_cross_model_family,6,0,0.3166525617008039,0.8280786712108251,1.1106447887760906,0.7939922270752867
T2_select_target,llama1b:qwen7b,prior_target_param_b,6,0,0.1587557799804531,0.6377481392176932,1.1106447887760906,0.9518890087956375
T2_select_target,llama1b:qwen7b,prior_log_param_ratio_target_over_source,6,0,0.1587557799804531,0.6377481392176932,1.1106447887760906,0.9518890087956375
T2_select_target,llama1b:qwen7b,prior_param_tier_jump,6,0,0.3166525617008039,-0.8280786712108251,1.1106447887760906,0.7939922270752867
T2_select_target,llama1b:qwen7b,pair_normalized_direction_rmse,6,0,0.1587557799804531,0.37142857142857144,1.1106447887760906,0.9518890087956375
T2_select_target,llama1b:qwen7b,target_readability_z2_mean,6,0,0.1587557799804531,0.37142857142857144,1.1106447887760906,0.9518890087956375
T2_select_target,llama1b:qwen7b,target_readability_tail_frac,6,0,0.1587557799804531,0.37142857142857144,1.1106447887760906,0.9518890087956375
T2_select_target,llama1b:qwen7b,target_readability_cross_entropy,6,0,0.1587557799804531,0.5428571428571428,1.1106447887760906,0.9518890087956375
T2_select_target,llama1b:qwen7b,source_to_target_anchor_kl,6,0,0.1587557799804531,0.5428571428571428,1.1106447887760906,0.9518890087956375
T2_select_target,llama1b:qwen7b,target_readability_energy,6,0,0.1587557799804531,0.7714285714285715,1.1106447887760906,0.9518890087956375
T2_select_target,llama1b:qwen7b,source_target_top_anchor_overlap,6,1,0.0,1.0,1.1106447887760906,1.1106447887760906
T2_select_target,llama1b:qwen7b,source_target_direction_entropy_gap,6,1,0.0,0.6,1.1106447887760906,1.1106447887760906
T2_select_target,llama1b:qwen7b,source_target_direction_dispersion_gap,6,0,0.1587557799804531,0.5428571428571428,1.1106447887760906,0.9518890087956375
T2_select_target,llama1b:qwen7b,diagnostic_source_direction_entropy_mean,6,1,0.0,0.9258200997725515,1.1106447887760906,1.1106447887760906
T2_select_target,llama1b:qwen7b,diagnostic_target_direction_entropy,6,1,0.0,0.6,1.1106447887760906,1.1106447887760906
T2_select_target,llama1b:qwen7b,diagnostic_source_direction_std_mean,6,0,0.617650820441682,-0.9258200997725515,1.1106447887760906,0.49299396833440867
T2_select_target,llama1b:qwen7b,_z_target_hidden_size,6,0,0.1587557799804531,0.8827348295047495,1.1106447887760906,0.9518890087956375
T2_select_target,llama1b:qwen7b,_z_prior_target_param_b,6,0,0.1587557799804531,0.6377481392176932,1.1106447887760906,0.9518890087956375
T2_select_target,llama1b:qwen7b,_z_log_param_ratio,6,0,0.1587557799804531,0.6377481392176932,1.1106447887760906,0.9518890087956375
T2_select_target,llama1b:qwen7b,_z_neg_direction_rmse,6,0,0.1587557799804531,0.37142857142857144,1.1106447887760906,0.9518890087956375
T2_select_target,llama1b:qwen7b,_z_neg_anchor_js,6,0,0.1587557799804531,0.5428571428571428,1.1106447887760906,0.9518890087956375
T2_select_target,llama1b:qwen7b,_z_neg_magnitude_rmse,6,0,0.3166525617008039,0.37142857142857144,1.1106447887760906,0.7939922270752867
T2_select_target,llama1b:qwen7b,_z_neg_subspace_residual,6,0,0.22273813256544917,-0.42857142857142855,1.1106447887760906,0.8879066562106415
T2_select_target,llama1b:qwen7b,_z_neg_pair_norm_direction_rmse,6,0,0.1587557799804531,0.37142857142857144,1.1106447887760906,0.9518890087956375
T2_select_target,llama1b:qwen7b,_z_neg_target_readability_z2,6,0,0.1587557799804531,0.37142857142857144,1.1106447887760906,0.9518890087956375
T2_select_target,llama1b:qwen7b,_z_neg_target_readability_tail,6,0,0.1587557799804531,0.37142857142857144,1.1106447887760906,0.9518890087956375
T2_select_target,llama1b:qwen7b,_z_neg_target_readability_ce,6,0,0.1587557799804531,0.5428571428571428,1.1106447887760906,0.9518890087956375
T2_select_target,llama1b:qwen7b,_z_neg_source_to_target_kl,6,0,0.1587557799804531,0.5428571428571428,1.1106447887760906,0.9518890087956375
T2_select_target,llama1b:qwen7b,_z_target_readability_energy,6,0,0.1587557799804531,0.7714285714285715,1.1106447887760906,0.9518890087956375
T2_select_target,llama1b:qwen7b,_z_top_anchor_overlap,6,1,0.0,1.0,1.1106447887760906,1.1106447887760906
T2_select_target,llama1b:qwen7b,_z_neg_direction_entropy_gap,6,1,0.0,0.6,1.1106447887760906,1.1106447887760906
T2_select_target,llama1b:qwen7b,_z_neg_direction_dispersion_gap,6,0,0.1587557799804531,0.5428571428571428,1.1106447887760906,0.9518890087956375
T2_select_target,llama1b:qwen7b,combined_hidden_direction_score,6,0,0.1587557799804531,0.6,1.1106447887760906,0.9518890087956375
T2_select_target,llama1b:qwen7b,combined_hidden_js_score,6,0,0.1587557799804531,0.7714285714285715,1.1106447887760906,0.9518890087956375
T2_select_target,llama1b:qwen7b,combined_hidden_source_quality_score,6,0,0.1587557799804531,0.8827348295047495,1.1106447887760906,0.9518890087956375
T2_select_target,llama1b:qwen7b,combined_param_direction_score,6,0,0.1587557799804531,0.42857142857142855,1.1106447887760906,0.9518890087956375
T2_select_target,llama1b:qwen7b,combined_ratio_direction_score,6,0,0.1587557799804531,0.42857142857142855,1.1106447887760906,0.9518890087956375
T2_select_target,llama1b:qwen7b,pair_geometry_compatibility_score,6,0,0.1587557799804531,0.37142857142857144,1.1106447887760906,0.9518890087956375
