task,group,metric,n,top1_hit,regret_at_1,spearman,best_retention,prior_pick_retention
T1_select_source,llama1b,rel_direction_l1_to_target,12,0,0.23489801770099128,-0.006993006993006993,0.686397067462462,0.4514990497614707
T1_select_source,llama1b,rel_direction_rmse_to_target,12,0,0.23489801770099128,0.055944055944055944,0.686397067462462,0.4514990497614707
T1_select_source,llama1b,rel_magnitude_l1_to_target,12,0,0.03610955390921078,0.2867132867132867,0.686397067462462,0.6502875135532512
T1_select_source,llama1b,rel_magnitude_rmse_to_target,12,0,0.03610955390921078,0.2867132867132867,0.686397067462462,0.6502875135532512
T1_select_source,llama1b,memory_target_norm_gap,12,0,0.19924538182404095,0.2867132867132867,0.686397067462462,0.48715168563842104
T1_select_source,llama1b,anchor_direction_js_to_target,12,0,0.23489801770099128,-0.013986013986013986,0.686397067462462,0.4514990497614707
T1_select_source,llama1b,target_direction_subspace_residual,12,0,0.03777790459182462,-0.04895104895104895,0.686397067462462,0.6486191628706374
T1_select_source,llama1b,capacity_normalized_direction_rmse,12,0,0.23489801770099128,0.055944055944055944,0.686397067462462,0.4514990497614707
T1_select_source,llama1b,diagnostic_rel_direction_z2_mean,12,0,0.23489801770099128,0.07692307692307693,0.686397067462462,0.4514990497614707
T1_select_source,llama1b,diagnostic_rel_magnitude_z_abs_mean,12,0,0.03610955390921078,0.3076923076923077,0.686397067462462,0.6502875135532512
T1_select_source,llama1b,diagnostic_target_direction_std_mean,12,0,0.03777790459182462,0.045058049632440256,0.686397067462462,0.6486191628706374
T1_select_source,llama1b,diagnostic_target_direction_std_min,12,0,0.03610955390921078,0.10513544914236059,0.686397067462462,0.6502875135532512
T1_select_source,llama1b,diagnostic_target_magnitude_std_mean,12,0,0.19924538182404095,0.045058049632440256,0.686397067462462,0.48715168563842104
T1_select_source,llama1b,diagnostic_target_magnitude_std_min,12,0,0.19924538182404095,0.045058049632440256,0.686397067462462,0.48715168563842104
T1_select_source,llama1b,source_native_nll,12,0,0.23489801770099128,-0.5734265734265734,0.686397067462462,0.4514990497614707
T1_select_source,llama1b,target_minus_source_nll,12,0,0.03835528148802103,0.5734265734265734,0.686397067462462,0.648041785974441
T1_select_source,llama1b,source_hidden_size,12,0,0.03777790459182462,-0.0645364446988247,0.686397067462462,0.6486191628706374
T1_select_source,llama1b,abs_log_hidden_ratio,12,0,0.2924145431840992,-0.0788778768541191,0.686397067462462,0.3939825242783628
T1_select_source,llama1b,prior_same_model_family,12,0,0.03610955390921078,0.10241831129983783,0.686397067462462,0.6502875135532512
T1_select_source,llama1b,prior_cross_model_family,12,0,0.19924538182404095,-0.10241831129983783,0.686397067462462,0.48715168563842104
T1_select_source,llama1b,prior_source_param_b,12,0,0.03777790459182462,-0.1382924964680298,0.686397067462462,0.6486191628706374
T1_select_source,llama1b,prior_log_param_ratio_target_over_source,12,0,0.03835528148802103,0.1382924964680298,0.686397067462462,0.648041785974441
T1_select_source,llama1b,pair_normalized_direction_rmse,12,0,0.23489801770099128,-0.02097902097902098,0.686397067462462,0.4514990497614707
T1_select_source,llama1b,target_readability_z2_mean,12,0,0.23489801770099128,0.07692307692307693,0.686397067462462,0.4514990497614707
T1_select_source,llama1b,target_readability_tail_frac,12,0,0.23489801770099128,0.11888111888111888,0.686397067462462,0.4514990497614707
T1_select_source,llama1b,target_readability_cross_entropy,12,0,0.23489801770099128,0.006993006993006993,0.686397067462462,0.4514990497614707
T1_select_source,llama1b,source_to_target_anchor_kl,12,0,0.23489801770099128,-0.013986013986013986,0.686397067462462,0.4514990497614707
T1_select_source,llama1b,target_readability_energy,12,0,0.03835528148802103,0.1958041958041958,0.686397067462462,0.648041785974441
T1_select_source,llama1b,source_target_top_anchor_overlap,12,0,0.28472810848830193,0.13286713286713286,0.686397067462462,0.40166895897416005
T1_select_source,llama1b,source_target_direction_entropy_gap,12,0,0.23489801770099128,0.013986013986013986,0.686397067462462,0.4514990497614707
T1_select_source,llama1b,source_target_direction_dispersion_gap,12,0,0.19924538182404095,0.055944055944055944,0.686397067462462,0.48715168563842104
T1_select_source,llama1b,diagnostic_source_direction_entropy_mean,12,0,0.19924538182404095,-0.006993006993006993,0.686397067462462,0.48715168563842104
T1_select_source,llama1b,diagnostic_target_direction_entropy,12,0,0.19924538182404095,-0.045058049632440256,0.686397067462462,0.48715168563842104
T1_select_source,llama1b,diagnostic_source_direction_std_mean,12,0,0.28472810848830193,0.03496503496503497,0.686397067462462,0.40166895897416005
T1_select_source,llama1b,_z_log_param_ratio,12,0,0.03835528148802103,0.1382924964680298,0.686397067462462,0.648041785974441
T1_select_source,llama1b,_z_neg_direction_rmse,12,0,0.23489801770099128,0.055944055944055944,0.686397067462462,0.4514990497614707
T1_select_source,llama1b,_z_neg_anchor_js,12,0,0.23489801770099128,-0.013986013986013986,0.686397067462462,0.4514990497614707
T1_select_source,llama1b,_z_neg_magnitude_rmse,12,0,0.03610955390921078,0.2867132867132867,0.686397067462462,0.6502875135532512
T1_select_source,llama1b,_z_neg_subspace_residual,12,0,0.03777790459182462,-0.04895104895104895,0.686397067462462,0.6486191628706374
T1_select_source,llama1b,_z_neg_pair_norm_direction_rmse,12,0,0.23489801770099128,-0.02097902097902098,0.686397067462462,0.4514990497614707
T1_select_source,llama1b,_z_neg_target_readability_z2,12,0,0.23489801770099128,0.07692307692307693,0.686397067462462,0.4514990497614707
T1_select_source,llama1b,_z_neg_target_readability_tail,12,0,0.23489801770099128,0.11888111888111888,0.686397067462462,0.4514990497614707
T1_select_source,llama1b,_z_neg_target_readability_ce,12,0,0.23489801770099128,0.006993006993006993,0.686397067462462,0.4514990497614707
T1_select_source,llama1b,_z_neg_source_to_target_kl,12,0,0.23489801770099128,-0.013986013986013986,0.686397067462462,0.4514990497614707
T1_select_source,llama1b,_z_target_readability_energy,12,0,0.03835528148802103,0.1958041958041958,0.686397067462462,0.648041785974441
T1_select_source,llama1b,_z_top_anchor_overlap,12,0,0.28472810848830193,0.13286713286713286,0.686397067462462,0.40166895897416005
T1_select_source,llama1b,_z_neg_direction_entropy_gap,12,0,0.23489801770099128,0.013986013986013986,0.686397067462462,0.4514990497614707
T1_select_source,llama1b,_z_neg_direction_dispersion_gap,12,0,0.19924538182404095,0.055944055944055944,0.686397067462462,0.48715168563842104
T1_select_source,llama1b,_z_neg_source_native_nll,12,0,0.23489801770099128,-0.5734265734265734,0.686397067462462,0.4514990497614707
T1_select_source,llama1b,combined_hidden_direction_score,12,0,0.23489801770099128,0.055944055944055944,0.686397067462462,0.4514990497614707
T1_select_source,llama1b,combined_hidden_js_score,12,0,0.23489801770099128,-0.013986013986013986,0.686397067462462,0.4514990497614707
T1_select_source,llama1b,combined_hidden_source_quality_score,12,0,0.23489801770099128,-0.5734265734265734,0.686397067462462,0.4514990497614707
T1_select_source,llama1b,combined_param_direction_score,12,0,0.23489801770099128,0.055944055944055944,0.686397067462462,0.4514990497614707
T1_select_source,llama1b,combined_ratio_direction_score,12,0,0.03835528148802103,0.07692307692307693,0.686397067462462,0.648041785974441
T1_select_source,llama1b,pair_geometry_compatibility_score,12,0,0.03835528148802103,0.27972027972027974,0.686397067462462,0.648041785974441
T1_select_source,llama3b,rel_direction_l1_to_target,12,0,0.13269063116287338,0.18181818181818182,0.6662448757339021,0.5335542445710287
T1_select_source,llama3b,rel_direction_rmse_to_target,12,0,0.13269063116287338,0.18181818181818182,0.6662448757339021,0.5335542445710287
T1_select_source,llama3b,rel_magnitude_l1_to_target,12,0,0.059083034776716725,0.09090909090909091,0.6662448757339021,0.6071618409571854
T1_select_source,llama3b,rel_magnitude_rmse_to_target,12,0,0.059083034776716725,0.09090909090909091,0.6662448757339021,0.6071618409571854
T1_select_source,llama3b,memory_target_norm_gap,12,0,0.07074697684814457,0.08391608391608392,0.6662448757339021,0.5954978988857575
T1_select_source,llama3b,anchor_direction_js_to_target,12,0,0.13269063116287338,0.04895104895104895,0.6662448757339021,0.5335542445710287
T1_select_source,llama3b,target_direction_subspace_residual,12,0,0.056786351428172455,-0.32867132867132864,0.6662448757339021,0.6094585243057297
T1_select_source,llama3b,capacity_normalized_direction_rmse,12,0,0.13269063116287338,0.18181818181818182,0.6662448757339021,0.5335542445710287
T1_select_source,llama3b,diagnostic_rel_direction_z2_mean,12,0,0.13269063116287338,0.09090909090909091,0.6662448757339021,0.5335542445710287
T1_select_source,llama3b,diagnostic_rel_magnitude_z_abs_mean,12,0,0.059083034776716725,-0.02097902097902098,0.6662448757339021,0.6071618409571854
T1_select_source,llama3b,diagnostic_target_direction_std_mean,12,0,0.056786351428172455,-0.09011609926488051,0.6662448757339021,0.6094585243057297
T1_select_source,llama3b,diagnostic_target_direction_std_min,12,0,0.056786351428172455,-0.27034829779464153,0.6662448757339021,0.6094585243057297
T1_select_source,llama3b,diagnostic_target_magnitude_std_mean,12,0,0.07074697684814457,-0.27034829779464153,0.6662448757339021,0.5954978988857575
T1_select_source,llama3b,diagnostic_target_magnitude_std_min,12,0,0.07074697684814457,-0.27034829779464153,0.6662448757339021,0.5954978988857575
T1_select_source,llama3b,source_native_nll,12,0,0.13269063116287338,-0.4965034965034965,0.6662448757339021,0.5335542445710287
T1_select_source,llama3b,target_minus_source_nll,12,0,0.040561637510672544,0.4965034965034965,0.6662448757339021,0.6256832382232296
T1_select_source,llama3b,source_hidden_size,12,0,0.056786351428172455,-0.393041832067032,0.6662448757339021,0.6094585243057297
T1_select_source,llama3b,abs_log_hidden_ratio,12,0,0.08274438931843309,-0.45127025163251827,0.6662448757339021,0.583500486415469
T1_select_source,llama3b,prior_same_model_family,12,0,0.059083034776716725,-0.20483662259967567,0.6662448757339021,0.6071618409571854
T1_select_source,llama3b,prior_cross_model_family,12,0,0.07074697684814457,0.20483662259967567,0.6662448757339021,0.5954978988857575
T1_select_source,llama3b,prior_source_param_b,12,0,0.056786351428172455,-0.24380434664000444,0.6662448757339021,0.6094585243057297
T1_select_source,llama3b,prior_log_param_ratio_target_over_source,12,0,0.059083034776716725,0.24380434664000444,0.6662448757339021,0.6071618409571854
T1_select_source,llama3b,prior_param_tier_jump,12,0,0.059083034776716725,-0.2508726030021272,0.6662448757339021,0.6071618409571854
T1_select_source,llama3b,pair_normalized_direction_rmse,12,0,0.13269063116287338,-0.11888111888111888,0.6662448757339021,0.5335542445710287
T1_select_source,llama3b,target_readability_z2_mean,12,0,0.13269063116287338,0.09090909090909091,0.6662448757339021,0.5335542445710287
T1_select_source,llama3b,target_readability_tail_frac,12,0,0.13269063116287338,0.15384615384615385,0.6662448757339021,0.5335542445710287
T1_select_source,llama3b,target_readability_cross_entropy,12,0,0.13269063116287338,0.2517482517482518,0.6662448757339021,0.5335542445710287
T1_select_source,llama3b,source_to_target_anchor_kl,12,0,0.13269063116287338,0.04895104895104895,0.6662448757339021,0.5335542445710287
T1_select_source,llama3b,target_readability_energy,12,0,0.040561637510672544,0.4405594405594406,0.6662448757339021,0.6256832382232296
T1_select_source,llama3b,source_target_top_anchor_overlap,12,0,0.17116106770943545,0.3006993006993007,0.6662448757339021,0.49508380802446667
T1_select_source,llama3b,source_target_direction_entropy_gap,12,0,0.13269063116287338,0.2727272727272727,0.6662448757339021,0.5335542445710287
T1_select_source,llama3b,source_target_direction_dispersion_gap,12,0,0.059083034776716725,-0.25874125874125875,0.6662448757339021,0.6071618409571854
T1_select_source,llama3b,diagnostic_source_direction_entropy_mean,12,0,0.07074697684814457,-0.46853146853146854,0.6662448757339021,0.5954978988857575
T1_select_source,llama3b,diagnostic_target_direction_entropy,12,0,0.07074697684814457,0.09011609926488051,0.6662448757339021,0.5954978988857575
T1_select_source,llama3b,diagnostic_source_direction_std_mean,12,0,0.059083034776716725,-0.32167832167832167,0.6662448757339021,0.6071618409571854
T1_select_source,llama3b,_z_log_param_ratio,12,0,0.059083034776716725,0.24380434664000444,0.6662448757339021,0.6071618409571854
T1_select_source,llama3b,_z_neg_direction_rmse,12,0,0.13269063116287338,0.18181818181818182,0.6662448757339021,0.5335542445710287
T1_select_source,llama3b,_z_neg_anchor_js,12,0,0.13269063116287338,0.04895104895104895,0.6662448757339021,0.5335542445710287
T1_select_source,llama3b,_z_neg_magnitude_rmse,12,0,0.059083034776716725,0.09090909090909091,0.6662448757339021,0.6071618409571854
T1_select_source,llama3b,_z_neg_subspace_residual,12,0,0.056786351428172455,-0.32867132867132864,0.6662448757339021,0.6094585243057297
T1_select_source,llama3b,_z_neg_pair_norm_direction_rmse,12,0,0.13269063116287338,-0.11888111888111888,0.6662448757339021,0.5335542445710287
T1_select_source,llama3b,_z_neg_target_readability_z2,12,0,0.13269063116287338,0.09090909090909091,0.6662448757339021,0.5335542445710287
T1_select_source,llama3b,_z_neg_target_readability_tail,12,0,0.13269063116287338,0.15384615384615385,0.6662448757339021,0.5335542445710287
T1_select_source,llama3b,_z_neg_target_readability_ce,12,0,0.13269063116287338,0.2517482517482518,0.6662448757339021,0.5335542445710287
T1_select_source,llama3b,_z_neg_source_to_target_kl,12,0,0.13269063116287338,0.04895104895104895,0.6662448757339021,0.5335542445710287
T1_select_source,llama3b,_z_target_readability_energy,12,0,0.040561637510672544,0.4405594405594406,0.6662448757339021,0.6256832382232296
T1_select_source,llama3b,_z_top_anchor_overlap,12,0,0.17116106770943545,0.3006993006993007,0.6662448757339021,0.49508380802446667
T1_select_source,llama3b,_z_neg_direction_entropy_gap,12,0,0.13269063116287338,0.2727272727272727,0.6662448757339021,0.5335542445710287
T1_select_source,llama3b,_z_neg_direction_dispersion_gap,12,0,0.059083034776716725,-0.25874125874125875,0.6662448757339021,0.6071618409571854
T1_select_source,llama3b,_z_neg_source_native_nll,12,0,0.13269063116287338,-0.4965034965034965,0.6662448757339021,0.5335542445710287
T1_select_source,llama3b,combined_hidden_direction_score,12,0,0.13269063116287338,0.18181818181818182,0.6662448757339021,0.5335542445710287
T1_select_source,llama3b,combined_hidden_js_score,12,0,0.13269063116287338,0.04895104895104895,0.6662448757339021,0.5335542445710287
T1_select_source,llama3b,combined_hidden_source_quality_score,12,0,0.13269063116287338,-0.4965034965034965,0.6662448757339021,0.5335542445710287
T1_select_source,llama3b,combined_param_direction_score,12,0,0.13269063116287338,0.18181818181818182,0.6662448757339021,0.5335542445710287
T1_select_source,llama3b,combined_ratio_direction_score,12,0,0.040561637510672544,0.35664335664335667,0.6662448757339021,0.6256832382232296
T1_select_source,llama3b,pair_geometry_compatibility_score,12,0,0.07074697684814457,0.25874125874125875,0.6662448757339021,0.5954978988857575
T1_select_source,llama8b,rel_direction_l1_to_target,11,0,0.15115883537274866,0.22727272727272727,1.1140007170897188,0.9628418817169702
T1_select_source,llama8b,rel_direction_rmse_to_target,11,0,0.15115883537274866,0.14545454545454545,1.1140007170897188,0.9628418817169702
T1_select_source,llama8b,rel_magnitude_l1_to_target,11,0,0.1892822667389885,0.02727272727272727,1.1140007170897188,0.9247184503507303
T1_select_source,llama8b,rel_magnitude_rmse_to_target,11,0,0.1892822667389885,0.02727272727272727,1.1140007170897188,0.9247184503507303
T1_select_source,llama8b,memory_target_norm_gap,11,0,0.6843847563580558,-0.21818181818181817,1.1140007170897188,0.42961596073166297
T1_select_source,llama8b,anchor_direction_js_to_target,11,0,0.6843847563580558,-0.2818181818181818,1.1140007170897188,0.42961596073166297
T1_select_source,llama8b,target_direction_subspace_residual,11,0,0.3175291662452998,-0.17272727272727273,1.1140007170897188,0.796471550844419
T1_select_source,llama8b,capacity_normalized_direction_rmse,11,0,0.15115883537274866,0.14545454545454545,1.1140007170897188,0.9628418817169702
T1_select_source,llama8b,diagnostic_rel_direction_z2_mean,11,0,0.4140164522164479,-0.045454545454545456,1.1140007170897188,0.6999842648732709
T1_select_source,llama8b,diagnostic_rel_magnitude_z_abs_mean,11,0,0.6843847563580558,-0.3,1.1140007170897188,0.42961596073166297
T1_select_source,llama8b,diagnostic_target_direction_std_mean,11,0,0.6843847563580558,-0.3819143697985006,1.1140007170897188,0.42961596073166297
T1_select_source,llama8b,diagnostic_target_direction_std_min,11,0,0.4140164522164479,0.17085642859406605,1.1140007170897188,0.6999842648732709
T1_select_source,llama8b,diagnostic_target_magnitude_std_mean,11,0,0.6843847563580558,-0.17085642859406605,1.1140007170897188,0.42961596073166297
T1_select_source,llama8b,diagnostic_target_magnitude_std_min,11,0,0.6843847563580558,-0.17085642859406605,1.1140007170897188,0.42961596073166297
T1_select_source,llama8b,source_native_nll,11,0,0.3175291662452998,0.6272727272727273,1.1140007170897188,0.796471550844419
T1_select_source,llama8b,target_minus_source_nll,11,0,0.4140164522164479,-0.6272727272727273,1.1140007170897188,0.6999842648732709
T1_select_source,llama8b,source_hidden_size,11,0,0.6843847563580558,-0.31949923296117433,1.1140007170897188,0.42961596073166297
T1_select_source,llama8b,abs_log_hidden_ratio,11,0,0.6843847563580558,-0.31949923296117433,1.1140007170897188,0.42961596073166297
T1_select_source,llama8b,prior_same_model_family,11,0,0.3246450194412006,0.2581988897471611,1.1140007170897188,0.7893556976485182
T1_select_source,llama8b,prior_cross_model_family,11,0,0.6843847563580558,-0.2581988897471611,1.1140007170897188,0.42961596073166297
T1_select_source,llama8b,prior_source_param_b,11,0,0.6843847563580558,-0.3441078798619661,1.1140007170897188,0.42961596073166297
T1_select_source,llama8b,prior_log_param_ratio_target_over_source,11,0,0.1892822667389885,0.3441078798619661,1.1140007170897188,0.9247184503507303
T1_select_source,llama8b,prior_param_tier_jump,11,0,0.3246450194412006,0.3585685828003181,1.1140007170897188,0.7893556976485182
T1_select_source,llama8b,pair_normalized_direction_rmse,11,0,0.15115883537274866,0.1,1.1140007170897188,0.9628418817169702
T1_select_source,llama8b,target_readability_z2_mean,11,0,0.4140164522164479,-0.045454545454545456,1.1140007170897188,0.6999842648732709
T1_select_source,llama8b,target_readability_tail_frac,11,0,0.3934054797243103,0.0956722299914231,1.1140007170897188,0.7205952373654085
T1_select_source,llama8b,target_readability_cross_entropy,11,0,0.3246450194412006,0.22727272727272727,1.1140007170897188,0.7893556976485182
T1_select_source,llama8b,source_to_target_anchor_kl,11,0,0.6843847563580558,-0.2818181818181818,1.1140007170897188,0.42961596073166297
T1_select_source,llama8b,target_readability_energy,11,0,0.6843847563580558,-0.16363636363636364,1.1140007170897188,0.42961596073166297
T1_select_source,llama8b,source_target_top_anchor_overlap,11,0,0.1892822667389885,0.0,1.1140007170897188,0.9247184503507303
T1_select_source,llama8b,source_target_direction_entropy_gap,11,0,0.6843847563580558,-0.39090909090909093,1.1140007170897188,0.42961596073166297
T1_select_source,llama8b,source_target_direction_dispersion_gap,11,0,0.1892822667389885,0.0,1.1140007170897188,0.9247184503507303
T1_select_source,llama8b,diagnostic_source_direction_entropy_mean,11,0,0.6843847563580558,-0.37272727272727274,1.1140007170897188,0.42961596073166297
T1_select_source,llama8b,diagnostic_target_direction_entropy,11,0,0.3246450194412006,0.3819143697985006,1.1140007170897188,0.7893556976485182
T1_select_source,llama8b,diagnostic_source_direction_std_mean,11,0,0.1892822667389885,-0.03636363636363636,1.1140007170897188,0.9247184503507303
T1_select_source,llama8b,_z_log_param_ratio,11,0,0.1892822667389885,0.3441078798619661,1.1140007170897188,0.9247184503507303
T1_select_source,llama8b,_z_neg_direction_rmse,11,0,0.15115883537274866,0.14545454545454545,1.1140007170897188,0.9628418817169702
T1_select_source,llama8b,_z_neg_anchor_js,11,0,0.6843847563580558,-0.2818181818181818,1.1140007170897188,0.42961596073166297
T1_select_source,llama8b,_z_neg_magnitude_rmse,11,0,0.1892822667389885,0.02727272727272727,1.1140007170897188,0.9247184503507303
T1_select_source,llama8b,_z_neg_subspace_residual,11,0,0.3175291662452998,-0.17272727272727273,1.1140007170897188,0.796471550844419
T1_select_source,llama8b,_z_neg_pair_norm_direction_rmse,11,0,0.15115883537274866,0.1,1.1140007170897188,0.9628418817169702
T1_select_source,llama8b,_z_neg_target_readability_z2,11,0,0.4140164522164479,-0.045454545454545456,1.1140007170897188,0.6999842648732709
T1_select_source,llama8b,_z_neg_target_readability_tail,11,0,0.3934054797243103,0.0956722299914231,1.1140007170897188,0.7205952373654085
T1_select_source,llama8b,_z_neg_target_readability_ce,11,0,0.3246450194412006,0.22727272727272727,1.1140007170897188,0.7893556976485182
T1_select_source,llama8b,_z_neg_source_to_target_kl,11,0,0.6843847563580558,-0.2818181818181818,1.1140007170897188,0.42961596073166297
T1_select_source,llama8b,_z_target_readability_energy,11,0,0.6843847563580558,-0.16363636363636364,1.1140007170897188,0.42961596073166297
T1_select_source,llama8b,_z_top_anchor_overlap,11,0,0.1892822667389885,0.0,1.1140007170897188,0.9247184503507303
T1_select_source,llama8b,_z_neg_direction_entropy_gap,11,0,0.6843847563580558,-0.39090909090909093,1.1140007170897188,0.42961596073166297
T1_select_source,llama8b,_z_neg_direction_dispersion_gap,11,0,0.1892822667389885,0.0,1.1140007170897188,0.9247184503507303
T1_select_source,llama8b,_z_neg_source_native_nll,11,0,0.3175291662452998,0.6272727272727273,1.1140007170897188,0.796471550844419
T1_select_source,llama8b,combined_hidden_direction_score,11,0,0.15115883537274866,0.14545454545454545,1.1140007170897188,0.9628418817169702
T1_select_source,llama8b,combined_hidden_js_score,11,0,0.6843847563580558,-0.2818181818181818,1.1140007170897188,0.42961596073166297
T1_select_source,llama8b,combined_hidden_source_quality_score,11,0,0.3175291662452998,0.6272727272727273,1.1140007170897188,0.796471550844419
T1_select_source,llama8b,combined_param_direction_score,11,0,0.15115883537274866,0.14545454545454545,1.1140007170897188,0.9628418817169702
T1_select_source,llama8b,combined_ratio_direction_score,11,0,0.1892822667389885,0.35454545454545455,1.1140007170897188,0.9247184503507303
T1_select_source,llama8b,pair_geometry_compatibility_score,11,0,0.3246450194412006,-0.03636363636363636,1.1140007170897188,0.7893556976485182
T1_select_source,mistral7b,rel_direction_l1_to_target,12,0,0.17621607918420967,-0.3706293706293706,0.7633085866562762,0.5870925074720665
T1_select_source,mistral7b,rel_direction_rmse_to_target,12,0,0.17621607918420967,-0.42657342657342656,0.7633085866562762,0.5870925074720665
T1_select_source,mistral7b,rel_magnitude_l1_to_target,12,0,0.15812361278292275,-0.1048951048951049,0.7633085866562762,0.6051849738733535
T1_select_source,mistral7b,rel_magnitude_rmse_to_target,12,0,0.15812361278292275,-0.04195804195804196,0.7633085866562762,0.6051849738733535
T1_select_source,mistral7b,memory_target_norm_gap,12,0,0.15812361278292275,-0.20279720279720279,0.7633085866562762,0.6051849738733535
T1_select_source,mistral7b,anchor_direction_js_to_target,12,0,0.5444592483634881,-0.2517482517482518,0.7633085866562762,0.21884933829278808
T1_select_source,mistral7b,target_direction_subspace_residual,12,1,0.0,0.04895104895104895,0.7633085866562762,0.7633085866562762
T1_select_source,mistral7b,capacity_normalized_direction_rmse,12,0,0.17621607918420967,-0.42657342657342656,0.7633085866562762,0.5870925074720665
T1_select_source,mistral7b,diagnostic_rel_direction_z2_mean,12,0,0.17621607918420967,-0.46153846153846156,0.7633085866562762,0.5870925074720665
T1_select_source,mistral7b,diagnostic_rel_magnitude_z_abs_mean,12,0,0.15812361278292275,-0.1048951048951049,0.7633085866562762,0.6051849738733535
T1_select_source,mistral7b,diagnostic_target_direction_std_mean,12,0,0.15812361278292275,-0.38624363966821407,0.7633085866562762,0.6051849738733535
T1_select_source,mistral7b,diagnostic_target_direction_std_min,12,0,0.15812361278292275,-0.38624363966821407,0.7633085866562762,0.6051849738733535
T1_select_source,mistral7b,diagnostic_target_magnitude_std_mean,12,0,0.15812361278292275,-0.38624363966821407,0.7633085866562762,0.6051849738733535
T1_select_source,mistral7b,diagnostic_target_magnitude_std_min,12,0,0.15812361278292275,-0.38624363966821407,0.7633085866562762,0.6051849738733535
T1_select_source,mistral7b,source_native_nll,12,0,0.17621607918420967,-0.5734265734265734,0.7633085866562762,0.5870925074720665
T1_select_source,mistral7b,target_minus_source_nll,12,0,0.05497844232771831,0.5734265734265734,0.7633085866562762,0.7083301443285579
T1_select_source,mistral7b,source_hidden_size,12,0,0.15988858197133826,-0.4087308164258898,0.7633085866562762,0.603420004684938
T1_select_source,mistral7b,abs_log_hidden_ratio,12,0,0.15988858197133826,-0.4087308164258898,0.7633085866562762,0.603420004684938
T1_select_source,mistral7b,prior_source_param_b,12,0,0.15988858197133826,-0.29399935918353476,0.7633085866562762,0.603420004684938
T1_select_source,mistral7b,prior_log_param_ratio_target_over_source,12,0,0.15812361278292275,0.29399935918353476,0.7633085866562762,0.6051849738733535
T1_select_source,mistral7b,prior_param_tier_jump,12,0,0.15812361278292275,0.2660905781950872,0.7633085866562762,0.6051849738733535
T1_select_source,mistral7b,pair_normalized_direction_rmse,12,0,0.17621607918420967,-0.5314685314685315,0.7633085866562762,0.5870925074720665
T1_select_source,mistral7b,target_readability_z2_mean,12,0,0.17621607918420967,-0.46153846153846156,0.7633085866562762,0.5870925074720665
T1_select_source,mistral7b,target_readability_tail_frac,12,0,0.15988858197133826,-0.2697026903102633,0.7633085866562762,0.603420004684938
T1_select_source,mistral7b,target_readability_cross_entropy,12,0,0.025071375725063683,-0.06993006993006994,0.7633085866562762,0.7382372109312125
T1_select_source,mistral7b,source_to_target_anchor_kl,12,0,0.5444592483634881,-0.2517482517482518,0.7633085866562762,0.21884933829278808
T1_select_source,mistral7b,target_readability_energy,12,0,0.025071375725063683,-0.06993006993006994,0.7633085866562762,0.7382372109312125
T1_select_source,mistral7b,source_target_top_anchor_overlap,12,0,0.2749033826390204,-0.0979020979020979,0.7633085866562762,0.4884052040172558
T1_select_source,mistral7b,source_target_direction_entropy_gap,12,0,0.5444592483634881,-0.25874125874125875,0.7633085866562762,0.21884933829278808
T1_select_source,mistral7b,source_target_direction_dispersion_gap,12,0,0.15812361278292275,-0.42657342657342656,0.7633085866562762,0.6051849738733535
T1_select_source,mistral7b,diagnostic_source_direction_entropy_mean,12,0,0.5444592483634881,-0.25874125874125875,0.7633085866562762,0.21884933829278808
T1_select_source,mistral7b,diagnostic_target_direction_entropy,12,0,0.15812361278292275,-0.38624363966821407,0.7633085866562762,0.6051849738733535
T1_select_source,mistral7b,diagnostic_source_direction_std_mean,12,0,0.15812361278292275,-0.42657342657342656,0.7633085866562762,0.6051849738733535
T1_select_source,mistral7b,_z_log_param_ratio,12,0,0.15812361278292275,0.29399935918353476,0.7633085866562762,0.6051849738733535
T1_select_source,mistral7b,_z_neg_direction_rmse,12,0,0.17621607918420967,-0.42657342657342656,0.7633085866562762,0.5870925074720665
T1_select_source,mistral7b,_z_neg_anchor_js,12,0,0.5444592483634881,-0.2517482517482518,0.7633085866562762,0.21884933829278808
T1_select_source,mistral7b,_z_neg_magnitude_rmse,12,0,0.15812361278292275,-0.04195804195804196,0.7633085866562762,0.6051849738733535
T1_select_source,mistral7b,_z_neg_subspace_residual,12,1,0.0,0.04895104895104895,0.7633085866562762,0.7633085866562762
T1_select_source,mistral7b,_z_neg_pair_norm_direction_rmse,12,0,0.17621607918420967,-0.5314685314685315,0.7633085866562762,0.5870925074720665
T1_select_source,mistral7b,_z_neg_target_readability_z2,12,0,0.17621607918420967,-0.46153846153846156,0.7633085866562762,0.5870925074720665
T1_select_source,mistral7b,_z_neg_target_readability_tail,12,0,0.15988858197133826,-0.2697026903102633,0.7633085866562762,0.603420004684938
T1_select_source,mistral7b,_z_neg_target_readability_ce,12,0,0.025071375725063683,-0.06993006993006994,0.7633085866562762,0.7382372109312125
T1_select_source,mistral7b,_z_neg_source_to_target_kl,12,0,0.5444592483634881,-0.2517482517482518,0.7633085866562762,0.21884933829278808
T1_select_source,mistral7b,_z_target_readability_energy,12,0,0.025071375725063683,-0.06993006993006994,0.7633085866562762,0.7382372109312125
T1_select_source,mistral7b,_z_top_anchor_overlap,12,0,0.2749033826390204,-0.0979020979020979,0.7633085866562762,0.4884052040172558
T1_select_source,mistral7b,_z_neg_direction_entropy_gap,12,0,0.5444592483634881,-0.25874125874125875,0.7633085866562762,0.21884933829278808
T1_select_source,mistral7b,_z_neg_direction_dispersion_gap,12,0,0.15812361278292275,-0.42657342657342656,0.7633085866562762,0.6051849738733535
T1_select_source,mistral7b,_z_neg_source_native_nll,12,0,0.17621607918420967,-0.5734265734265734,0.7633085866562762,0.5870925074720665
T1_select_source,mistral7b,combined_hidden_direction_score,12,0,0.17621607918420967,-0.42657342657342656,0.7633085866562762,0.5870925074720665
T1_select_source,mistral7b,combined_hidden_js_score,12,0,0.5444592483634881,-0.2517482517482518,0.7633085866562762,0.21884933829278808
T1_select_source,mistral7b,combined_hidden_source_quality_score,12,0,0.17621607918420967,-0.5734265734265734,0.7633085866562762,0.5870925074720665
T1_select_source,mistral7b,combined_param_direction_score,12,0,0.17621607918420967,-0.42657342657342656,0.7633085866562762,0.5870925074720665
T1_select_source,mistral7b,combined_ratio_direction_score,12,0,0.15812361278292275,0.1048951048951049,0.7633085866562762,0.6051849738733535
T1_select_source,mistral7b,pair_geometry_compatibility_score,12,0,0.17621607918420967,-0.2937062937062937,0.7633085866562762,0.5870925074720665
T1_select_source,qwen1.5b,rel_direction_l1_to_target,12,0,0.015198431315938288,-0.32867132867132864,0.34185282760114044,0.32665439628520215
T1_select_source,qwen1.5b,rel_direction_rmse_to_target,12,0,0.015198431315938288,-0.34265734265734266,0.34185282760114044,0.32665439628520215
T1_select_source,qwen1.5b,rel_magnitude_l1_to_target,12,0,0.21800790653863833,-0.20279720279720279,0.34185282760114044,0.12384492106250213
T1_select_source,qwen1.5b,rel_magnitude_rmse_to_target,12,0,0.21800790653863833,-0.20279720279720279,0.34185282760114044,0.12384492106250213
T1_select_source,qwen1.5b,memory_target_norm_gap,12,0,0.2783862025018901,-0.4195804195804196,0.34185282760114044,0.06346662509925033
T1_select_source,qwen1.5b,anchor_direction_js_to_target,12,0,0.2783862025018901,-0.3356643356643357,0.34185282760114044,0.06346662509925033
T1_select_source,qwen1.5b,target_direction_subspace_residual,12,0,0.16324900453522925,-0.11188811188811189,0.34185282760114044,0.1786038230659112
T1_select_source,qwen1.5b,capacity_normalized_direction_rmse,12,0,0.015198431315938288,-0.34265734265734266,0.34185282760114044,0.32665439628520215
T1_select_source,qwen1.5b,diagnostic_rel_direction_z2_mean,12,0,0.015198431315938288,-0.32867132867132864,0.34185282760114044,0.32665439628520215
T1_select_source,qwen1.5b,diagnostic_rel_magnitude_z_abs_mean,12,0,0.12199691715294303,0.27972027972027974,0.34185282760114044,0.2198559104481974
T1_select_source,qwen1.5b,diagnostic_target_direction_std_mean,12,0,0.2783862025018901,0.1679438245519263,0.34185282760114044,0.06346662509925033
T1_select_source,qwen1.5b,diagnostic_target_direction_std_min,12,0,0.2783862025018901,0.1679438245519263,0.34185282760114044,0.06346662509925033
T1_select_source,qwen1.5b,diagnostic_target_magnitude_std_mean,12,0,0.12199691715294303,0.29008478786241815,0.34185282760114044,0.2198559104481974
T1_select_source,qwen1.5b,diagnostic_target_magnitude_std_min,12,0,0.12199691715294303,0.29008478786241815,0.34185282760114044,0.2198559104481974
T1_select_source,qwen1.5b,source_native_nll,12,0,0.015198431315938288,0.5174825174825175,0.34185282760114044,0.32665439628520215
T1_select_source,qwen1.5b,target_minus_source_nll,12,0,0.12199691715294303,-0.5174825174825175,0.34185282760114044,0.2198559104481974
T1_select_source,qwen1.5b,source_hidden_size,12,0,0.2280571541846398,-0.45127025163251827,0.34185282760114044,0.11379567341650064
T1_select_source,qwen1.5b,abs_log_hidden_ratio,12,0,0.21800790653863833,0.45127025163251827,0.34185282760114044,0.12384492106250213
T1_select_source,qwen1.5b,prior_same_model_family,12,0,0.12199691715294303,0.30725493389951347,0.34185282760114044,0.2198559104481974
T1_select_source,qwen1.5b,prior_cross_model_family,12,0,0.21800790653863833,-0.30725493389951347,0.34185282760114044,0.12384492106250213
T1_select_source,qwen1.5b,prior_source_param_b,12,0,0.2280571541846398,-0.40032038451271784,0.34185282760114044,0.11379567341650064
T1_select_source,qwen1.5b,prior_log_param_ratio_target_over_source,12,0,0.21800790653863833,0.40032038451271784,0.34185282760114044,0.12384492106250213
T1_select_source,qwen1.5b,pair_normalized_direction_rmse,12,0,0.015198431315938288,-0.08391608391608392,0.34185282760114044,0.32665439628520215
T1_select_source,qwen1.5b,target_readability_z2_mean,12,0,0.015198431315938288,-0.32867132867132864,0.34185282760114044,0.32665439628520215
T1_select_source,qwen1.5b,target_readability_tail_frac,12,0,0.2783862025018901,-0.3852895575860904,0.34185282760114044,0.06346662509925033
T1_select_source,qwen1.5b,target_readability_cross_entropy,12,0,0.2783862025018901,-0.16783216783216784,0.34185282760114044,0.06346662509925033
T1_select_source,qwen1.5b,source_to_target_anchor_kl,12,0,0.2783862025018901,-0.3356643356643357,0.34185282760114044,0.06346662509925033
T1_select_source,qwen1.5b,target_readability_energy,12,0,0.029889205673246932,0.2867132867132867,0.34185282760114044,0.3119636219278935
T1_select_source,qwen1.5b,source_target_top_anchor_overlap,12,0,0.13713233967303043,0.1048951048951049,0.34185282760114044,0.20472048792811
T1_select_source,qwen1.5b,source_target_direction_entropy_gap,12,1,0.0,0.055944055944055944,0.34185282760114044,0.34185282760114044
T1_select_source,qwen1.5b,source_target_direction_dispersion_gap,12,0,0.21800790653863833,-0.06293706293706294,0.34185282760114044,0.12384492106250213
T1_select_source,qwen1.5b,diagnostic_source_direction_entropy_mean,12,0,0.2783862025018901,-0.4405594405594406,0.34185282760114044,0.06346662509925033
T1_select_source,qwen1.5b,diagnostic_target_direction_entropy,12,0,0.2783862025018901,-0.25954954703479516,0.34185282760114044,0.06346662509925033
T1_select_source,qwen1.5b,diagnostic_source_direction_std_mean,12,0,0.21800790653863833,-0.06293706293706294,0.34185282760114044,0.12384492106250213
T1_select_source,qwen1.5b,_z_log_param_ratio,12,0,0.21800790653863833,0.40032038451271784,0.34185282760114044,0.12384492106250213
T1_select_source,qwen1.5b,_z_neg_direction_rmse,12,0,0.015198431315938288,-0.34265734265734266,0.34185282760114044,0.32665439628520215
T1_select_source,qwen1.5b,_z_neg_anchor_js,12,0,0.2783862025018901,-0.3356643356643357,0.34185282760114044,0.06346662509925033
T1_select_source,qwen1.5b,_z_neg_magnitude_rmse,12,0,0.21800790653863833,-0.20279720279720279,0.34185282760114044,0.12384492106250213
T1_select_source,qwen1.5b,_z_neg_subspace_residual,12,0,0.16324900453522925,-0.11188811188811189,0.34185282760114044,0.1786038230659112
T1_select_source,qwen1.5b,_z_neg_pair_norm_direction_rmse,12,0,0.015198431315938288,-0.08391608391608392,0.34185282760114044,0.32665439628520215
T1_select_source,qwen1.5b,_z_neg_target_readability_z2,12,0,0.015198431315938288,-0.32867132867132864,0.34185282760114044,0.32665439628520215
T1_select_source,qwen1.5b,_z_neg_target_readability_tail,12,0,0.2783862025018901,-0.3852895575860904,0.34185282760114044,0.06346662509925033
T1_select_source,qwen1.5b,_z_neg_target_readability_ce,12,0,0.2783862025018901,-0.16783216783216784,0.34185282760114044,0.06346662509925033
T1_select_source,qwen1.5b,_z_neg_source_to_target_kl,12,0,0.2783862025018901,-0.3356643356643357,0.34185282760114044,0.06346662509925033
T1_select_source,qwen1.5b,_z_target_readability_energy,12,0,0.029889205673246932,0.2867132867132867,0.34185282760114044,0.3119636219278935
T1_select_source,qwen1.5b,_z_top_anchor_overlap,12,0,0.13713233967303043,0.1048951048951049,0.34185282760114044,0.20472048792811
T1_select_source,qwen1.5b,_z_neg_direction_entropy_gap,12,1,0.0,0.055944055944055944,0.34185282760114044,0.34185282760114044
T1_select_source,qwen1.5b,_z_neg_direction_dispersion_gap,12,0,0.21800790653863833,-0.06293706293706294,0.34185282760114044,0.12384492106250213
T1_select_source,qwen1.5b,_z_neg_source_native_nll,12,0,0.015198431315938288,0.5174825174825175,0.34185282760114044,0.32665439628520215
T1_select_source,qwen1.5b,combined_hidden_direction_score,12,0,0.015198431315938288,-0.34265734265734266,0.34185282760114044,0.32665439628520215
T1_select_source,qwen1.5b,combined_hidden_js_score,12,0,0.2783862025018901,-0.3356643356643357,0.34185282760114044,0.06346662509925033
T1_select_source,qwen1.5b,combined_hidden_source_quality_score,12,0,0.015198431315938288,0.5174825174825175,0.34185282760114044,0.32665439628520215
T1_select_source,qwen1.5b,combined_param_direction_score,12,0,0.015198431315938288,-0.34265734265734266,0.34185282760114044,0.32665439628520215
T1_select_source,qwen1.5b,combined_ratio_direction_score,12,0,0.21800790653863833,0.1958041958041958,0.34185282760114044,0.12384492106250213
T1_select_source,qwen1.5b,pair_geometry_compatibility_score,12,0,0.13713233967303043,-0.07692307692307693,0.34185282760114044,0.20472048792811
T1_select_source,qwen3b,rel_direction_l1_to_target,12,0,0.1052675292084808,0.17482517482517482,0.21393859631892198,0.10867106711044118
T1_select_source,qwen3b,rel_direction_rmse_to_target,12,0,0.1052675292084808,0.16083916083916083,0.21393859631892198,0.10867106711044118
T1_select_source,qwen3b,rel_magnitude_l1_to_target,12,1,0.0,0.36363636363636365,0.21393859631892198,0.21393859631892198
T1_select_source,qwen3b,rel_magnitude_rmse_to_target,12,1,0.0,0.36363636363636365,0.21393859631892198,0.21393859631892198
T1_select_source,qwen3b,memory_target_norm_gap,12,0,0.08156121707360192,0.34965034965034963,0.21393859631892198,0.13237737924532006
T1_select_source,qwen3b,anchor_direction_js_to_target,12,0,0.08156121707360192,0.22377622377622378,0.21393859631892198,0.13237737924532006
T1_select_source,qwen3b,target_direction_subspace_residual,12,0,0.03563923841295899,-0.03496503496503497,0.21393859631892198,0.178299357905963
T1_select_source,qwen3b,capacity_normalized_direction_rmse,12,0,0.1052675292084808,0.16083916083916083,0.21393859631892198,0.10867106711044118
T1_select_source,qwen3b,diagnostic_rel_direction_z2_mean,12,0,0.1052675292084808,0.07692307692307693,0.21393859631892198,0.10867106711044118
T1_select_source,qwen3b,diagnostic_rel_magnitude_z_abs_mean,12,0,0.16702351254198666,-0.16083916083916083,0.21393859631892198,0.04691508377693531
T1_select_source,qwen3b,diagnostic_target_direction_std_mean,12,0,0.16702351254198666,-0.45802861241434445,0.21393859631892198,0.04691508377693531
T1_select_source,qwen3b,diagnostic_target_direction_std_min,12,0,0.08156121707360192,-0.36642288993147554,0.21393859631892198,0.13237737924532006
T1_select_source,qwen3b,diagnostic_target_magnitude_std_mean,12,0,0.16702351254198666,-0.45802861241434445,0.21393859631892198,0.04691508377693531
T1_select_source,qwen3b,diagnostic_target_magnitude_std_min,12,0,0.16702351254198666,-0.45802861241434445,0.21393859631892198,0.04691508377693531
T1_select_source,qwen3b,source_native_nll,12,0,0.1052675292084808,0.11888111888111888,0.21393859631892198,0.10867106711044118
T1_select_source,qwen3b,target_minus_source_nll,12,0,0.16702351254198666,-0.11888111888111888,0.21393859631892198,0.04691508377693531
T1_select_source,qwen3b,source_hidden_size,12,0,0.05022294682669076,0.0645364446988247,0.21393859631892198,0.16371564949223122
T1_select_source,qwen3b,abs_log_hidden_ratio,12,1,0.0,0.16492646978588538,0.21393859631892198,0.21393859631892198
T1_select_source,qwen3b,prior_same_model_family,12,0,0.16702351254198666,-0.40967324519935133,0.21393859631892198,0.04691508377693531
T1_select_source,qwen3b,prior_cross_model_family,12,1,0.0,0.40967324519935133,0.21393859631892198,0.21393859631892198
T1_select_source,qwen3b,prior_source_param_b,12,0,0.05022294682669076,-0.1577557537082382,0.21393859631892198,0.16371564949223122
T1_select_source,qwen3b,prior_log_param_ratio_target_over_source,12,1,0.0,0.1577557537082382,0.21393859631892198,0.21393859631892198
T1_select_source,qwen3b,prior_param_tier_jump,12,1,0.0,0.1254363015010636,0.21393859631892198,0.21393859631892198
T1_select_source,qwen3b,pair_normalized_direction_rmse,12,0,0.1052675292084808,0.34265734265734266,0.21393859631892198,0.10867106711044118
T1_select_source,qwen3b,target_readability_z2_mean,12,0,0.1052675292084808,0.07692307692307693,0.21393859631892198,0.10867106711044118
T1_select_source,qwen3b,target_readability_tail_frac,12,0,0.08156121707360192,0.16112108771781963,0.21393859631892198,0.13237737924532006
T1_select_source,qwen3b,target_readability_cross_entropy,12,0,0.08156121707360192,0.3076923076923077,0.21393859631892198,0.13237737924532006
T1_select_source,qwen3b,source_to_target_anchor_kl,12,0,0.08156121707360192,0.24475524475524477,0.21393859631892198,0.13237737924532006
T1_select_source,qwen3b,target_readability_energy,12,0,0.16702351254198666,-0.13286713286713286,0.21393859631892198,0.04691508377693531
T1_select_source,qwen3b,source_target_top_anchor_overlap,12,1,0.0,0.24475524475524477,0.21393859631892198,0.21393859631892198
T1_select_source,qwen3b,source_target_direction_entropy_gap,12,0,0.0717640220220124,0.43356643356643354,0.21393859631892198,0.14217457429690958
T1_select_source,qwen3b,source_target_direction_dispersion_gap,12,1,0.0,0.35664335664335667,0.21393859631892198,0.21393859631892198
T1_select_source,qwen3b,diagnostic_source_direction_entropy_mean,12,0,0.08156121707360192,0.11188811188811189,0.21393859631892198,0.13237737924532006
T1_select_source,qwen3b,diagnostic_target_direction_entropy,12,0,0.08156121707360192,0.2748171674486067,0.21393859631892198,0.13237737924532006
T1_select_source,qwen3b,diagnostic_source_direction_std_mean,12,1,0.0,0.35664335664335667,0.21393859631892198,0.21393859631892198
T1_select_source,qwen3b,_z_log_param_ratio,12,1,0.0,0.1577557537082382,0.21393859631892198,0.21393859631892198
T1_select_source,qwen3b,_z_neg_direction_rmse,12,0,0.1052675292084808,0.16083916083916083,0.21393859631892198,0.10867106711044118
T1_select_source,qwen3b,_z_neg_anchor_js,12,0,0.08156121707360192,0.22377622377622378,0.21393859631892198,0.13237737924532006
T1_select_source,qwen3b,_z_neg_magnitude_rmse,12,1,0.0,0.36363636363636365,0.21393859631892198,0.21393859631892198
T1_select_source,qwen3b,_z_neg_subspace_residual,12,0,0.03563923841295899,-0.03496503496503497,0.21393859631892198,0.178299357905963
T1_select_source,qwen3b,_z_neg_pair_norm_direction_rmse,12,0,0.1052675292084808,0.34265734265734266,0.21393859631892198,0.10867106711044118
T1_select_source,qwen3b,_z_neg_target_readability_z2,12,0,0.1052675292084808,0.07692307692307693,0.21393859631892198,0.10867106711044118
T1_select_source,qwen3b,_z_neg_target_readability_tail,12,0,0.08156121707360192,0.16112108771781963,0.21393859631892198,0.13237737924532006
T1_select_source,qwen3b,_z_neg_target_readability_ce,12,0,0.08156121707360192,0.3076923076923077,0.21393859631892198,0.13237737924532006
T1_select_source,qwen3b,_z_neg_source_to_target_kl,12,0,0.08156121707360192,0.24475524475524477,0.21393859631892198,0.13237737924532006
T1_select_source,qwen3b,_z_target_readability_energy,12,0,0.16702351254198666,-0.13286713286713286,0.21393859631892198,0.04691508377693531
T1_select_source,qwen3b,_z_top_anchor_overlap,12,1,0.0,0.24475524475524477,0.21393859631892198,0.21393859631892198
T1_select_source,qwen3b,_z_neg_direction_entropy_gap,12,0,0.0717640220220124,0.43356643356643354,0.21393859631892198,0.14217457429690958
T1_select_source,qwen3b,_z_neg_direction_dispersion_gap,12,1,0.0,0.35664335664335667,0.21393859631892198,0.21393859631892198
T1_select_source,qwen3b,_z_neg_source_native_nll,12,0,0.1052675292084808,0.11888111888111888,0.21393859631892198,0.10867106711044118
T1_select_source,qwen3b,combined_hidden_direction_score,12,0,0.1052675292084808,0.16083916083916083,0.21393859631892198,0.10867106711044118
T1_select_source,qwen3b,combined_hidden_js_score,12,0,0.08156121707360192,0.22377622377622378,0.21393859631892198,0.13237737924532006
T1_select_source,qwen3b,combined_hidden_source_quality_score,12,0,0.1052675292084808,0.11888111888111888,0.21393859631892198,0.10867106711044118
T1_select_source,qwen3b,combined_param_direction_score,12,0,0.1052675292084808,0.16083916083916083,0.21393859631892198,0.10867106711044118
T1_select_source,qwen3b,combined_ratio_direction_score,12,1,0.0,0.13286713286713286,0.21393859631892198,0.21393859631892198
T1_select_source,qwen3b,pair_geometry_compatibility_score,12,1,0.0,0.32867132867132864,0.21393859631892198,0.21393859631892198
T1_select_source,qwen7b,rel_direction_l1_to_target,12,0,0.29338389319334746,-0.13986013986013987,1.5719847058526615,1.278600812659314
T1_select_source,qwen7b,rel_direction_rmse_to_target,12,0,0.29338389319334746,-0.16783216783216784,1.5719847058526615,1.278600812659314
T1_select_source,qwen7b,rel_magnitude_l1_to_target,12,0,0.28720692527067615,-0.07692307692307693,1.5719847058526615,1.2847777805819853
T1_select_source,qwen7b,rel_magnitude_rmse_to_target,12,0,0.28720692527067615,-0.07692307692307693,1.5719847058526615,1.2847777805819853
T1_select_source,qwen7b,memory_target_norm_gap,12,0,0.33230699341291703,-0.36363636363636365,1.5719847058526615,1.2396777124397445
T1_select_source,qwen7b,anchor_direction_js_to_target,12,0,1.0224101131758676,-0.6993006993006993,1.5719847058526615,0.5495745926767938
T1_select_source,qwen7b,target_direction_subspace_residual,12,0,0.6719502599155598,-0.03496503496503497,1.5719847058526615,0.9000344459371017
T1_select_source,qwen7b,capacity_normalized_direction_rmse,12,0,0.29338389319334746,-0.16783216783216784,1.5719847058526615,1.278600812659314
T1_select_source,qwen7b,diagnostic_rel_direction_z2_mean,12,0,0.29338389319334746,-0.5104895104895105,1.5719847058526615,1.278600812659314
T1_select_source,qwen7b,diagnostic_rel_magnitude_z_abs_mean,12,0,0.16364232895035724,0.6013986013986014,1.5719847058526615,1.4083423769023042
T1_select_source,qwen7b,diagnostic_target_direction_std_mean,12,0,0.33230699341291703,-0.6107048165524592,1.5719847058526615,1.2396777124397445
T1_select_source,qwen7b,diagnostic_target_direction_std_min,12,0,0.28720692527067615,-0.3379631847096873,1.5719847058526615,1.2847777805819853
T1_select_source,qwen7b,diagnostic_target_magnitude_std_mean,12,0,0.16364232895035724,0.4885638532419674,1.5719847058526615,1.4083423769023042
T1_select_source,qwen7b,diagnostic_target_magnitude_std_min,12,0,0.16364232895035724,0.4885638532419674,1.5719847058526615,1.4083423769023042
T1_select_source,qwen7b,source_native_nll,12,0,0.6719502599155598,-0.6153846153846154,1.5719847058526615,0.9000344459371017
T1_select_source,qwen7b,target_minus_source_nll,12,0,0.16364232895035724,0.6153846153846154,1.5719847058526615,1.4083423769023042
T1_select_source,qwen7b,source_hidden_size,12,0,0.29338389319334746,-0.6332340627746628,1.5719847058526615,1.278600812659314
T1_select_source,qwen7b,abs_log_hidden_ratio,12,0,0.29338389319334746,-0.6332340627746628,1.5719847058526615,1.278600812659314
T1_select_source,qwen7b,prior_same_model_family,12,0,0.16364232895035724,0.6145098677990269,1.5719847058526615,1.4083423769023042
T1_select_source,qwen7b,prior_cross_model_family,12,0,0.28720692527067615,-0.6145098677990269,1.5719847058526615,1.2847777805819853
T1_select_source,qwen7b,prior_source_param_b,12,0,0.29338389319334746,-0.4230722485811842,1.5719847058526615,1.278600812659314
T1_select_source,qwen7b,prior_log_param_ratio_target_over_source,12,0,0.28720692527067615,0.4230722485811842,1.5719847058526615,1.2847777805819853
T1_select_source,qwen7b,prior_param_tier_jump,12,0,0.28720692527067615,0.5026155365907202,1.5719847058526615,1.2847777805819853
T1_select_source,qwen7b,pair_normalized_direction_rmse,12,0,0.7123071198239337,-0.3006993006993007,1.5719847058526615,0.8596775860287278
T1_select_source,qwen7b,target_readability_z2_mean,12,0,0.29338389319334746,-0.5104895104895105,1.5719847058526615,1.278600812659314
T1_select_source,qwen7b,target_readability_tail_frac,12,1,0.0,-0.47338455408838365,1.5719847058526615,1.5719847058526615
T1_select_source,qwen7b,target_magnitude_tail_frac,12,0,0.16364232895035724,0.333285168648392,1.5719847058526615,1.4083423769023042
T1_select_source,qwen7b,target_readability_cross_entropy,12,0,0.28720692527067615,0.027972027972027972,1.5719847058526615,1.2847777805819853
T1_select_source,qwen7b,source_to_target_anchor_kl,12,0,1.0224101131758676,-0.6993006993006993,1.5719847058526615,0.5495745926767938
T1_select_source,qwen7b,target_readability_energy,12,0,0.16364232895035724,-0.22377622377622378,1.5719847058526615,1.4083423769023042
T1_select_source,qwen7b,source_target_top_anchor_overlap,12,0,0.33230699341291703,-0.5104895104895105,1.5719847058526615,1.2396777124397445
T1_select_source,qwen7b,source_target_direction_entropy_gap,12,0,0.33230699341291703,-0.6783216783216783,1.5719847058526615,1.2396777124397445
T1_select_source,qwen7b,source_target_direction_dispersion_gap,12,0,0.28720692527067615,-0.5594405594405595,1.5719847058526615,1.2847777805819853
T1_select_source,qwen7b,diagnostic_source_direction_entropy_mean,12,0,0.33230699341291703,-0.6783216783216783,1.5719847058526615,1.2396777124397445
T1_select_source,qwen7b,diagnostic_target_direction_entropy,12,0,0.28720692527067615,-0.1526762041381148,1.5719847058526615,1.2847777805819853
T1_select_source,qwen7b,diagnostic_source_direction_std_mean,12,0,0.28720692527067615,-0.5594405594405595,1.5719847058526615,1.2847777805819853
T1_select_source,qwen7b,_z_log_param_ratio,12,0,0.28720692527067615,0.4230722485811842,1.5719847058526615,1.2847777805819853
T1_select_source,qwen7b,_z_neg_direction_rmse,12,0,0.29338389319334746,-0.16783216783216784,1.5719847058526615,1.278600812659314
T1_select_source,qwen7b,_z_neg_anchor_js,12,0,1.0224101131758676,-0.6993006993006993,1.5719847058526615,0.5495745926767938
T1_select_source,qwen7b,_z_neg_magnitude_rmse,12,0,0.28720692527067615,-0.07692307692307693,1.5719847058526615,1.2847777805819853
T1_select_source,qwen7b,_z_neg_subspace_residual,12,0,0.6719502599155598,-0.03496503496503497,1.5719847058526615,0.9000344459371017
T1_select_source,qwen7b,_z_neg_pair_norm_direction_rmse,12,0,0.7123071198239337,-0.3006993006993007,1.5719847058526615,0.8596775860287278
T1_select_source,qwen7b,_z_neg_target_readability_z2,12,0,0.29338389319334746,-0.5104895104895105,1.5719847058526615,1.278600812659314
T1_select_source,qwen7b,_z_neg_target_readability_tail,12,1,0.0,-0.47338455408838365,1.5719847058526615,1.5719847058526615
T1_select_source,qwen7b,_z_neg_target_magnitude_tail,12,0,0.16364232895035724,0.333285168648392,1.5719847058526615,1.4083423769023042
T1_select_source,qwen7b,_z_neg_target_readability_ce,12,0,0.28720692527067615,0.027972027972027972,1.5719847058526615,1.2847777805819853
T1_select_source,qwen7b,_z_neg_source_to_target_kl,12,0,1.0224101131758676,-0.6993006993006993,1.5719847058526615,0.5495745926767938
T1_select_source,qwen7b,_z_target_readability_energy,12,0,0.16364232895035724,-0.22377622377622378,1.5719847058526615,1.4083423769023042
T1_select_source,qwen7b,_z_top_anchor_overlap,12,0,0.33230699341291703,-0.5104895104895105,1.5719847058526615,1.2396777124397445
T1_select_source,qwen7b,_z_neg_direction_entropy_gap,12,0,0.33230699341291703,-0.6783216783216783,1.5719847058526615,1.2396777124397445
T1_select_source,qwen7b,_z_neg_direction_dispersion_gap,12,0,0.28720692527067615,-0.5594405594405595,1.5719847058526615,1.2847777805819853
T1_select_source,qwen7b,_z_neg_source_native_nll,12,0,0.6719502599155598,-0.6153846153846154,1.5719847058526615,0.9000344459371017
T1_select_source,qwen7b,combined_hidden_direction_score,12,0,0.29338389319334746,-0.16783216783216784,1.5719847058526615,1.278600812659314
T1_select_source,qwen7b,combined_hidden_js_score,12,0,1.0224101131758676,-0.6993006993006993,1.5719847058526615,0.5495745926767938
T1_select_source,qwen7b,combined_hidden_source_quality_score,12,0,0.6719502599155598,-0.6153846153846154,1.5719847058526615,0.9000344459371017
T1_select_source,qwen7b,combined_param_direction_score,12,0,0.29338389319334746,-0.16783216783216784,1.5719847058526615,1.278600812659314
T1_select_source,qwen7b,combined_ratio_direction_score,12,0,0.28720692527067615,0.36363636363636365,1.5719847058526615,1.2847777805819853
T1_select_source,qwen7b,pair_geometry_compatibility_score,12,0,0.16364232895035724,-0.13286713286713286,1.5719847058526615,1.4083423769023042
T2_select_target,gpt2:llama1b,rel_direction_l1_to_target,5,1,0.0,0.4,1.2847777805819853,1.2847777805819853
T2_select_target,gpt2:llama1b,rel_direction_rmse_to_target,5,1,0.0,0.4,1.2847777805819853,1.2847777805819853
T2_select_target,gpt2:llama1b,rel_magnitude_l1_to_target,5,0,0.6795928067086319,-0.3,1.2847777805819853,0.6051849738733535
T2_select_target,gpt2:llama1b,rel_magnitude_rmse_to_target,5,0,0.6795928067086319,-0.6,1.2847777805819853,0.6051849738733535
T2_select_target,gpt2:llama1b,memory_target_norm_gap,5,0,1.0708391842630633,-0.3,1.2847777805819853,0.21393859631892198
T2_select_target,gpt2:llama1b,anchor_direction_js_to_target,5,1,0.0,0.4,1.2847777805819853,1.2847777805819853
T2_select_target,gpt2:llama1b,target_direction_subspace_residual,5,0,0.6776159396247999,-0.4,1.2847777805819853,0.6071618409571854
T2_select_target,gpt2:llama1b,capacity_normalized_direction_rmse,5,1,0.0,0.4,1.2847777805819853,1.2847777805819853
T2_select_target,gpt2:llama1b,diagnostic_rel_direction_z2_mean,5,1,0.0,0.4,1.2847777805819853,1.2847777805819853
T2_select_target,gpt2:llama1b,diagnostic_rel_magnitude_z_abs_mean,5,1,0.0,0.8,1.2847777805819853,1.2847777805819853
T2_select_target,gpt2:llama1b,diagnostic_target_direction_std_mean,5,0,0.6776159396247999,-0.2,1.2847777805819853,0.6071618409571854
T2_select_target,gpt2:llama1b,diagnostic_target_direction_std_min,5,1,0.0,0.0,1.2847777805819853,1.2847777805819853
T2_select_target,gpt2:llama1b,diagnostic_target_magnitude_std_mean,5,1,0.0,0.8,1.2847777805819853,1.2847777805819853
T2_select_target,gpt2:llama1b,diagnostic_target_magnitude_std_min,5,1,0.0,0.8,1.2847777805819853,1.2847777805819853
T2_select_target,gpt2:llama1b,target_text_nll,5,0,0.6795928067086319,0.2,1.2847777805819853,0.6051849738733535
T2_select_target,gpt2:llama1b,source_native_nll,5,0,1.0708391842630633,0.2,1.2847777805819853,0.21393859631892198
T2_select_target,gpt2:llama1b,target_minus_source_nll,5,0,0.6795928067086319,0.2,1.2847777805819853,0.6051849738733535
T2_select_target,gpt2:llama1b,target_hidden_size,5,0,0.6795928067086319,0.7,1.2847777805819853,0.6051849738733535
T2_select_target,gpt2:llama1b,abs_log_hidden_ratio,5,0,1.0708391842630633,-0.6,1.2847777805819853,0.21393859631892198
T2_select_target,gpt2:llama1b,prior_same_model_family,5,0,0.6776159396247999,0.35355339059327373,1.2847777805819853,0.6071618409571854
T2_select_target,gpt2:llama1b,prior_cross_model_family,5,0,0.6795928067086319,-0.35355339059327373,1.2847777805819853,0.6051849738733535
T2_select_target,gpt2:llama1b,prior_target_param_b,5,0,0.6795928067086319,0.7378647873726218,1.2847777805819853,0.6051849738733535
T2_select_target,gpt2:llama1b,prior_log_param_ratio_target_over_source,5,0,0.6795928067086319,0.7378647873726218,1.2847777805819853,0.6051849738733535
T2_select_target,gpt2:llama1b,prior_param_tier_jump,5,0,0.6776159396247999,0.7071067811865475,1.2847777805819853,0.6071618409571854
T2_select_target,gpt2:llama1b,pair_normalized_direction_rmse,5,1,0.0,0.4,1.2847777805819853,1.2847777805819853
T2_select_target,gpt2:llama1b,target_readability_z2_mean,5,1,0.0,0.4,1.2847777805819853,1.2847777805819853
T2_select_target,gpt2:llama1b,target_readability_tail_frac,5,1,0.0,0.4,1.2847777805819853,1.2847777805819853
T2_select_target,gpt2:llama1b,target_readability_cross_entropy,5,0,0.6795928067086319,0.2,1.2847777805819853,0.6051849738733535
T2_select_target,gpt2:llama1b,source_to_target_anchor_kl,5,1,0.0,0.4,1.2847777805819853,1.2847777805819853
T2_select_target,gpt2:llama1b,target_readability_energy,5,0,0.6776159396247999,-0.4,1.2847777805819853,0.6071618409571854
T2_select_target,gpt2:llama1b,source_target_top_anchor_overlap,5,0,1.0708391842630633,-0.6,1.2847777805819853,0.21393859631892198
T2_select_target,gpt2:llama1b,source_target_direction_entropy_gap,5,0,1.0708391842630633,0.0,1.2847777805819853,0.21393859631892198
T2_select_target,gpt2:llama1b,source_target_direction_dispersion_gap,5,0,0.6795928067086319,0.2,1.2847777805819853,0.6051849738733535
T2_select_target,gpt2:llama1b,diagnostic_source_direction_entropy_mean,5,0,0.6776159396247999,0.22360679774997896,1.2847777805819853,0.6071618409571854
T2_select_target,gpt2:llama1b,diagnostic_target_direction_entropy,5,0,0.6795928067086319,0.2,1.2847777805819853,0.6051849738733535
T2_select_target,gpt2:llama1b,diagnostic_source_direction_std_mean,5,0,0.6795928067086319,-0.22360679774997896,1.2847777805819853,0.6051849738733535
T2_select_target,gpt2:llama1b,_z_target_hidden_size,5,0,0.6795928067086319,0.7,1.2847777805819853,0.6051849738733535
T2_select_target,gpt2:llama1b,_z_prior_target_param_b,5,0,0.6795928067086319,0.7378647873726218,1.2847777805819853,0.6051849738733535
T2_select_target,gpt2:llama1b,_z_log_param_ratio,5,0,0.6795928067086319,0.7378647873726218,1.2847777805819853,0.6051849738733535
T2_select_target,gpt2:llama1b,_z_neg_direction_rmse,5,1,0.0,0.4,1.2847777805819853,1.2847777805819853
T2_select_target,gpt2:llama1b,_z_neg_anchor_js,5,1,0.0,0.4,1.2847777805819853,1.2847777805819853
T2_select_target,gpt2:llama1b,_z_neg_magnitude_rmse,5,0,0.6795928067086319,-0.6,1.2847777805819853,0.6051849738733535
T2_select_target,gpt2:llama1b,_z_neg_subspace_residual,5,0,0.6776159396247999,-0.4,1.2847777805819853,0.6071618409571854
T2_select_target,gpt2:llama1b,_z_neg_pair_norm_direction_rmse,5,1,0.0,0.4,1.2847777805819853,1.2847777805819853
T2_select_target,gpt2:llama1b,_z_neg_target_readability_z2,5,1,0.0,0.4,1.2847777805819853,1.2847777805819853
T2_select_target,gpt2:llama1b,_z_neg_target_readability_tail,5,1,0.0,0.4,1.2847777805819853,1.2847777805819853
T2_select_target,gpt2:llama1b,_z_neg_target_readability_ce,5,0,0.6795928067086319,0.2,1.2847777805819853,0.6051849738733535
T2_select_target,gpt2:llama1b,_z_neg_source_to_target_kl,5,1,0.0,0.4,1.2847777805819853,1.2847777805819853
T2_select_target,gpt2:llama1b,_z_target_readability_energy,5,0,0.6776159396247999,-0.4,1.2847777805819853,0.6071618409571854
T2_select_target,gpt2:llama1b,_z_top_anchor_overlap,5,0,1.0708391842630633,-0.6,1.2847777805819853,0.21393859631892198
T2_select_target,gpt2:llama1b,_z_neg_direction_entropy_gap,5,0,1.0708391842630633,0.0,1.2847777805819853,0.21393859631892198
T2_select_target,gpt2:llama1b,_z_neg_direction_dispersion_gap,5,0,0.6795928067086319,0.2,1.2847777805819853,0.6051849738733535
T2_select_target,gpt2:llama1b,_z_neg_source_native_nll,5,0,1.0708391842630633,0.2,1.2847777805819853,0.21393859631892198
T2_select_target,gpt2:llama1b,combined_hidden_direction_score,5,0,0.6795928067086319,0.5,1.2847777805819853,0.6051849738733535
T2_select_target,gpt2:llama1b,combined_hidden_js_score,5,0,0.6795928067086319,0.5,1.2847777805819853,0.6051849738733535
T2_select_target,gpt2:llama1b,combined_hidden_source_quality_score,5,0,0.6795928067086319,0.7,1.2847777805819853,0.6051849738733535
T2_select_target,gpt2:llama1b,combined_param_direction_score,5,1,0.0,0.4,1.2847777805819853,1.2847777805819853
T2_select_target,gpt2:llama1b,combined_ratio_direction_score,5,1,0.0,0.4,1.2847777805819853,1.2847777805819853
T2_select_target,gpt2:llama1b,pair_geometry_compatibility_score,5,1,0.0,0.4,1.2847777805819853,1.2847777805819853
T2_select_target,gpt2:llama3b,rel_direction_l1_to_target,6,1,0.0,0.7714285714285715,1.5719847058526615,1.5719847058526615
T2_select_target,gpt2:llama3b,rel_direction_rmse_to_target,6,1,0.0,0.7714285714285715,1.5719847058526615,1.5719847058526615
T2_select_target,gpt2:llama3b,rel_magnitude_l1_to_target,6,0,0.833747494921449,-0.42857142857142855,1.5719847058526615,0.7382372109312125
T2_select_target,gpt2:llama3b,rel_magnitude_rmse_to_target,6,0,0.833747494921449,-0.42857142857142855,1.5719847058526615,0.7382372109312125
T2_select_target,gpt2:llama3b,memory_target_norm_gap,6,0,1.4630216541329262,-0.7714285714285715,1.5719847058526615,0.10896305171973521
T2_select_target,gpt2:llama3b,anchor_direction_js_to_target,6,0,0.833747494921449,0.5428571428571428,1.5719847058526615,0.7382372109312125
T2_select_target,gpt2:llama3b,target_direction_subspace_residual,6,0,0.9216971922994103,-0.7142857142857143,1.5719847058526615,0.6502875135532512
T2_select_target,gpt2:llama3b,capacity_normalized_direction_rmse,6,1,0.0,0.7714285714285715,1.5719847058526615,1.5719847058526615
T2_select_target,gpt2:llama3b,diagnostic_rel_direction_z2_mean,6,1,0.0,0.7142857142857143,1.5719847058526615,1.5719847058526615
T2_select_target,gpt2:llama3b,diagnostic_rel_magnitude_z_abs_mean,6,0,0.7826290082041433,0.9428571428571428,1.5719847058526615,0.7893556976485182
T2_select_target,gpt2:llama3b,diagnostic_target_direction_std_mean,6,0,0.9216971922994103,-0.6,1.5719847058526615,0.6502875135532512
T2_select_target,gpt2:llama3b,diagnostic_target_direction_std_min,6,1,0.0,-0.08571428571428572,1.5719847058526615,1.5719847058526615
T2_select_target,gpt2:llama3b,diagnostic_target_magnitude_std_mean,6,0,0.7826290082041433,0.9428571428571428,1.5719847058526615,0.7893556976485182
T2_select_target,gpt2:llama3b,diagnostic_target_magnitude_std_min,6,0,0.7826290082041433,0.9428571428571428,1.5719847058526615,0.7893556976485182
T2_select_target,gpt2:llama3b,target_text_nll,6,0,0.833747494921449,0.37142857142857144,1.5719847058526615,0.7382372109312125
T2_select_target,gpt2:llama3b,source_native_nll,6,0,1.4630216541329262,-0.8857142857142857,1.5719847058526615,0.10896305171973521
T2_select_target,gpt2:llama3b,target_minus_source_nll,6,0,0.833747494921449,0.37142857142857144,1.5719847058526615,0.7382372109312125
T2_select_target,gpt2:llama3b,target_hidden_size,6,0,0.7826290082041433,0.7061878636037996,1.5719847058526615,0.7893556976485182
T2_select_target,gpt2:llama3b,abs_log_hidden_ratio,6,1,0.0,0.8827348295047495,1.5719847058526615,1.5719847058526615
T2_select_target,gpt2:llama3b,prior_same_model_family,6,0,0.9216971922994103,0.20701966780270628,1.5719847058526615,0.6502875135532512
T2_select_target,gpt2:llama3b,prior_cross_model_family,6,0,0.833747494921449,-0.20701966780270628,1.5719847058526615,0.7382372109312125
T2_select_target,gpt2:llama3b,prior_target_param_b,6,0,0.7826290082041433,0.6667366910003157,1.5719847058526615,0.7893556976485182
T2_select_target,gpt2:llama3b,prior_log_param_ratio_target_over_source,6,0,0.7826290082041433,0.6667366910003157,1.5719847058526615,0.7893556976485182
T2_select_target,gpt2:llama3b,prior_param_tier_jump,6,0,0.7826290082041433,0.6761234037828133,1.5719847058526615,0.7893556976485182
T2_select_target,gpt2:llama3b,pair_normalized_direction_rmse,6,1,0.0,0.7714285714285715,1.5719847058526615,1.5719847058526615
T2_select_target,gpt2:llama3b,target_readability_z2_mean,6,1,0.0,0.7142857142857143,1.5719847058526615,1.5719847058526615
T2_select_target,gpt2:llama3b,target_readability_tail_frac,6,1,0.0,0.7142857142857143,1.5719847058526615,1.5719847058526615
T2_select_target,gpt2:llama3b,target_readability_cross_entropy,6,0,0.833747494921449,0.5428571428571428,1.5719847058526615,0.7382372109312125
T2_select_target,gpt2:llama3b,source_to_target_anchor_kl,6,0,0.833747494921449,0.5428571428571428,1.5719847058526615,0.7382372109312125
T2_select_target,gpt2:llama3b,target_readability_energy,6,0,0.9216971922994103,-0.08571428571428572,1.5719847058526615,0.6502875135532512
T2_select_target,gpt2:llama3b,source_target_top_anchor_overlap,6,0,0.7826290082041433,0.14285714285714285,1.5719847058526615,0.7893556976485182
T2_select_target,gpt2:llama3b,source_target_direction_entropy_gap,6,1,0.0,0.7142857142857143,1.5719847058526615,1.5719847058526615
T2_select_target,gpt2:llama3b,source_target_direction_dispersion_gap,6,0,0.7826290082041433,0.6,1.5719847058526615,0.7893556976485182
T2_select_target,gpt2:llama3b,diagnostic_source_direction_entropy_mean,6,0,0.9216971922994103,0.2125118592516207,1.5719847058526615,0.6502875135532512
T2_select_target,gpt2:llama3b,diagnostic_target_direction_entropy,6,0,0.7826290082041433,0.6,1.5719847058526615,0.7893556976485182
T2_select_target,gpt2:llama3b,diagnostic_source_direction_std_mean,6,0,1.4549935373049068,-0.39466488146729556,1.5719847058526615,0.11699116854775463
T2_select_target,gpt2:llama3b,_z_target_hidden_size,6,0,0.7826290082041433,0.7061878636037996,1.5719847058526615,0.7893556976485182
T2_select_target,gpt2:llama3b,_z_prior_target_param_b,6,0,0.7826290082041433,0.6667366910003157,1.5719847058526615,0.7893556976485182
T2_select_target,gpt2:llama3b,_z_log_param_ratio,6,0,0.7826290082041433,0.6667366910003157,1.5719847058526615,0.7893556976485182
T2_select_target,gpt2:llama3b,_z_neg_direction_rmse,6,1,0.0,0.7714285714285715,1.5719847058526615,1.5719847058526615
T2_select_target,gpt2:llama3b,_z_neg_anchor_js,6,0,0.833747494921449,0.5428571428571428,1.5719847058526615,0.7382372109312125
T2_select_target,gpt2:llama3b,_z_neg_magnitude_rmse,6,0,0.833747494921449,-0.42857142857142855,1.5719847058526615,0.7382372109312125
T2_select_target,gpt2:llama3b,_z_neg_subspace_residual,6,0,0.9216971922994103,-0.7142857142857143,1.5719847058526615,0.6502875135532512
T2_select_target,gpt2:llama3b,_z_neg_pair_norm_direction_rmse,6,1,0.0,0.7714285714285715,1.5719847058526615,1.5719847058526615
T2_select_target,gpt2:llama3b,_z_neg_target_readability_z2,6,1,0.0,0.7142857142857143,1.5719847058526615,1.5719847058526615
T2_select_target,gpt2:llama3b,_z_neg_target_readability_tail,6,1,0.0,0.7142857142857143,1.5719847058526615,1.5719847058526615
T2_select_target,gpt2:llama3b,_z_neg_target_readability_ce,6,0,0.833747494921449,0.5428571428571428,1.5719847058526615,0.7382372109312125
T2_select_target,gpt2:llama3b,_z_neg_source_to_target_kl,6,0,0.833747494921449,0.5428571428571428,1.5719847058526615,0.7382372109312125
T2_select_target,gpt2:llama3b,_z_target_readability_energy,6,0,0.9216971922994103,-0.08571428571428572,1.5719847058526615,0.6502875135532512
T2_select_target,gpt2:llama3b,_z_top_anchor_overlap,6,0,0.7826290082041433,0.14285714285714285,1.5719847058526615,0.7893556976485182
T2_select_target,gpt2:llama3b,_z_neg_direction_entropy_gap,6,1,0.0,0.7142857142857143,1.5719847058526615,1.5719847058526615
T2_select_target,gpt2:llama3b,_z_neg_direction_dispersion_gap,6,0,0.7826290082041433,0.6,1.5719847058526615,0.7893556976485182
T2_select_target,gpt2:llama3b,_z_neg_source_native_nll,6,0,1.4630216541329262,-0.8857142857142857,1.5719847058526615,0.10896305171973521
T2_select_target,gpt2:llama3b,combined_hidden_direction_score,6,0,0.7826290082041433,0.6,1.5719847058526615,0.7893556976485182
T2_select_target,gpt2:llama3b,combined_hidden_js_score,6,0,0.833747494921449,0.5428571428571428,1.5719847058526615,0.7382372109312125
T2_select_target,gpt2:llama3b,combined_hidden_source_quality_score,6,0,0.7826290082041433,0.6571428571428571,1.5719847058526615,0.7893556976485182
T2_select_target,gpt2:llama3b,combined_param_direction_score,6,0,0.7826290082041433,0.7142857142857143,1.5719847058526615,0.7893556976485182
T2_select_target,gpt2:llama3b,combined_ratio_direction_score,6,0,0.7826290082041433,0.7142857142857143,1.5719847058526615,0.7893556976485182
T2_select_target,gpt2:llama3b,pair_geometry_compatibility_score,6,0,0.7826290082041433,0.6,1.5719847058526615,0.7893556976485182
T2_select_target,gpt2:llama8b,rel_direction_l1_to_target,6,1,0.0,0.14285714285714285,1.278600812659314,1.278600812659314
T2_select_target,gpt2:llama8b,rel_direction_rmse_to_target,6,1,0.0,0.14285714285714285,1.278600812659314,1.278600812659314
T2_select_target,gpt2:llama8b,rel_magnitude_l1_to_target,6,0,1.1148851631670829,-0.14285714285714285,1.278600812659314,0.16371564949223122
T2_select_target,gpt2:llama8b,rel_magnitude_rmse_to_target,6,0,1.1148851631670829,-0.14285714285714285,1.278600812659314,0.16371564949223122
T2_select_target,gpt2:llama8b,memory_target_norm_gap,6,0,1.1148851631670829,-0.42857142857142855,1.278600812659314,0.16371564949223122
T2_select_target,gpt2:llama8b,anchor_direction_js_to_target,6,0,0.6751808079743761,-0.02857142857142857,1.278600812659314,0.603420004684938
T2_select_target,gpt2:llama8b,target_direction_subspace_residual,6,0,0.6691422883535844,-0.14285714285714285,1.278600812659314,0.6094585243057297
T2_select_target,gpt2:llama8b,capacity_normalized_direction_rmse,6,1,0.0,0.14285714285714285,1.278600812659314,1.278600812659314
T2_select_target,gpt2:llama8b,diagnostic_rel_direction_z2_mean,6,1,0.0,0.14285714285714285,1.278600812659314,1.278600812659314
T2_select_target,gpt2:llama8b,diagnostic_rel_magnitude_z_abs_mean,6,1,0.0,0.7142857142857143,1.278600812659314,1.278600812659314
T2_select_target,gpt2:llama8b,diagnostic_target_direction_std_mean,6,0,0.6299816497886767,0.08571428571428572,1.278600812659314,0.6486191628706374
T2_select_target,gpt2:llama8b,diagnostic_target_direction_std_min,6,1,0.0,0.02857142857142857,1.278600812659314,1.278600812659314
T2_select_target,gpt2:llama8b,diagnostic_target_magnitude_std_mean,6,1,0.0,0.7142857142857143,1.278600812659314,1.278600812659314
T2_select_target,gpt2:llama8b,diagnostic_target_magnitude_std_min,6,1,0.0,0.7142857142857143,1.278600812659314,1.278600812659314
T2_select_target,gpt2:llama8b,target_text_nll,6,0,0.6751808079743761,-0.08571428571428572,1.278600812659314,0.603420004684938
T2_select_target,gpt2:llama8b,source_native_nll,6,1,0.0,0.08571428571428572,1.278600812659314,1.278600812659314
T2_select_target,gpt2:llama8b,target_minus_source_nll,6,0,0.6751808079743761,-0.08571428571428572,1.278600812659314,0.603420004684938
T2_select_target,gpt2:llama8b,target_hidden_size,6,0,0.6751808079743761,0.5217939320872036,1.278600812659314,0.603420004684938
T2_select_target,gpt2:llama8b,abs_log_hidden_ratio,6,0,0.6751808079743761,0.5217939320872036,1.278600812659314,0.603420004684938
T2_select_target,gpt2:llama8b,prior_same_model_family,6,0,0.6299816497886767,0.41403933560541256,1.278600812659314,0.6486191628706374
T2_select_target,gpt2:llama8b,prior_cross_model_family,6,0,0.6751808079743761,-0.41403933560541256,1.278600812659314,0.603420004684938
T2_select_target,gpt2:llama8b,prior_target_param_b,6,0,0.6751808079743761,0.23539595453459985,1.278600812659314,0.603420004684938
T2_select_target,gpt2:llama8b,prior_log_param_ratio_target_over_source,6,0,0.6751808079743761,0.23539595453459985,1.278600812659314,0.603420004684938
T2_select_target,gpt2:llama8b,prior_param_tier_jump,6,0,0.6299816497886767,-0.41403933560541256,1.278600812659314,0.6486191628706374
T2_select_target,gpt2:llama8b,pair_normalized_direction_rmse,6,1,0.0,0.14285714285714285,1.278600812659314,1.278600812659314
T2_select_target,gpt2:llama8b,target_readability_z2_mean,6,1,0.0,0.14285714285714285,1.278600812659314,1.278600812659314
T2_select_target,gpt2:llama8b,target_readability_tail_frac,6,0,0.6751808079743761,0.057977103565244846,1.278600812659314,0.603420004684938
T2_select_target,gpt2:llama8b,target_readability_cross_entropy,6,0,0.6751808079743761,-0.02857142857142857,1.278600812659314,0.603420004684938
T2_select_target,gpt2:llama8b,source_to_target_anchor_kl,6,0,0.6751808079743761,-0.02857142857142857,1.278600812659314,0.603420004684938
T2_select_target,gpt2:llama8b,target_readability_energy,6,0,0.6751808079743761,-0.02857142857142857,1.278600812659314,0.603420004684938
T2_select_target,gpt2:llama8b,source_target_top_anchor_overlap,6,1,0.0,0.7714285714285715,1.278600812659314,1.278600812659314
T2_select_target,gpt2:llama8b,source_target_direction_entropy_gap,6,0,0.6751808079743761,-0.02857142857142857,1.278600812659314,0.603420004684938
T2_select_target,gpt2:llama8b,source_target_direction_dispersion_gap,6,0,0.6751808079743761,-0.08571428571428572,1.278600812659314,0.603420004684938
T2_select_target,gpt2:llama8b,diagnostic_source_direction_entropy_mean,6,0,0.6751808079743761,0.18516401995451032,1.278600812659314,0.603420004684938
T2_select_target,gpt2:llama8b,diagnostic_target_direction_entropy,6,0,0.6751808079743761,-0.02857142857142857,1.278600812659314,0.603420004684938
T2_select_target,gpt2:llama8b,diagnostic_source_direction_std_mean,6,0,0.6751808079743761,-0.37032803990902063,1.278600812659314,0.603420004684938
T2_select_target,gpt2:llama8b,_z_target_hidden_size,6,0,0.6751808079743761,0.5217939320872036,1.278600812659314,0.603420004684938
T2_select_target,gpt2:llama8b,_z_prior_target_param_b,6,0,0.6751808079743761,0.23539595453459985,1.278600812659314,0.603420004684938
T2_select_target,gpt2:llama8b,_z_log_param_ratio,6,0,0.6751808079743761,0.23539595453459985,1.278600812659314,0.603420004684938
T2_select_target,gpt2:llama8b,_z_neg_direction_rmse,6,1,0.0,0.14285714285714285,1.278600812659314,1.278600812659314
T2_select_target,gpt2:llama8b,_z_neg_anchor_js,6,0,0.6751808079743761,-0.02857142857142857,1.278600812659314,0.603420004684938
T2_select_target,gpt2:llama8b,_z_neg_magnitude_rmse,6,0,1.1148851631670829,-0.14285714285714285,1.278600812659314,0.16371564949223122
T2_select_target,gpt2:llama8b,_z_neg_subspace_residual,6,0,0.6691422883535844,-0.14285714285714285,1.278600812659314,0.6094585243057297
T2_select_target,gpt2:llama8b,_z_neg_pair_norm_direction_rmse,6,1,0.0,0.14285714285714285,1.278600812659314,1.278600812659314
T2_select_target,gpt2:llama8b,_z_neg_target_readability_z2,6,1,0.0,0.14285714285714285,1.278600812659314,1.278600812659314
T2_select_target,gpt2:llama8b,_z_neg_target_readability_tail,6,0,0.6751808079743761,0.057977103565244846,1.278600812659314,0.603420004684938
T2_select_target,gpt2:llama8b,_z_neg_target_readability_ce,6,0,0.6751808079743761,-0.02857142857142857,1.278600812659314,0.603420004684938
T2_select_target,gpt2:llama8b,_z_neg_source_to_target_kl,6,0,0.6751808079743761,-0.02857142857142857,1.278600812659314,0.603420004684938
T2_select_target,gpt2:llama8b,_z_target_readability_energy,6,0,0.6751808079743761,-0.02857142857142857,1.278600812659314,0.603420004684938
T2_select_target,gpt2:llama8b,_z_top_anchor_overlap,6,1,0.0,0.7714285714285715,1.278600812659314,1.278600812659314
T2_select_target,gpt2:llama8b,_z_neg_direction_entropy_gap,6,0,0.6751808079743761,-0.02857142857142857,1.278600812659314,0.603420004684938
T2_select_target,gpt2:llama8b,_z_neg_direction_dispersion_gap,6,0,0.6751808079743761,-0.08571428571428572,1.278600812659314,0.603420004684938
T2_select_target,gpt2:llama8b,_z_neg_source_native_nll,6,1,0.0,0.08571428571428572,1.278600812659314,1.278600812659314
T2_select_target,gpt2:llama8b,combined_hidden_direction_score,6,0,0.6751808079743761,0.08571428571428572,1.278600812659314,0.603420004684938
T2_select_target,gpt2:llama8b,combined_hidden_js_score,6,0,0.6751808079743761,-0.08571428571428572,1.278600812659314,0.603420004684938
T2_select_target,gpt2:llama8b,combined_hidden_source_quality_score,6,0,0.6751808079743761,0.42857142857142855,1.278600812659314,0.603420004684938
T2_select_target,gpt2:llama8b,combined_param_direction_score,6,1,0.0,0.08571428571428572,1.278600812659314,1.278600812659314
T2_select_target,gpt2:llama8b,combined_ratio_direction_score,6,1,0.0,0.08571428571428572,1.278600812659314,1.278600812659314
T2_select_target,gpt2:llama8b,pair_geometry_compatibility_score,6,1,0.0,0.14285714285714285,1.278600812659314,1.278600812659314
T2_select_target,gpt2:mistral7b,rel_direction_l1_to_target,6,1,0.0,0.08571428571428572,1.2396777124397445,1.2396777124397445
T2_select_target,gpt2:mistral7b,rel_direction_rmse_to_target,6,1,0.0,0.08571428571428572,1.2396777124397445,1.2396777124397445
T2_select_target,gpt2:mistral7b,rel_magnitude_l1_to_target,6,0,1.176211087340494,-0.6571428571428571,1.2396777124397445,0.06346662509925033
T2_select_target,gpt2:mistral7b,rel_magnitude_rmse_to_target,6,0,1.176211087340494,-0.8285714285714286,1.2396777124397445,0.06346662509925033
T2_select_target,gpt2:mistral7b,memory_target_norm_gap,6,0,1.1073003331944244,-0.3142857142857143,1.2396777124397445,0.13237737924532006
T2_select_target,gpt2:mistral7b,anchor_direction_js_to_target,6,0,0.8100617517080815,-0.08571428571428572,1.2396777124397445,0.42961596073166297
T2_select_target,gpt2:mistral7b,target_direction_subspace_residual,6,0,0.6441798135539869,-0.08571428571428572,1.2396777124397445,0.5954978988857575
T2_select_target,gpt2:mistral7b,capacity_normalized_direction_rmse,6,1,0.0,0.08571428571428572,1.2396777124397445,1.2396777124397445
T2_select_target,gpt2:mistral7b,diagnostic_rel_direction_z2_mean,6,0,1.1073003331944244,-0.6,1.2396777124397445,0.13237737924532006
T2_select_target,gpt2:mistral7b,diagnostic_rel_magnitude_z_abs_mean,6,1,0.0,0.5428571428571428,1.2396777124397445,1.2396777124397445
T2_select_target,gpt2:mistral7b,diagnostic_target_direction_std_mean,6,0,1.176211087340494,-0.5428571428571428,1.2396777124397445,0.06346662509925033
T2_select_target,gpt2:mistral7b,diagnostic_target_direction_std_min,6,0,1.176211087340494,-0.8285714285714286,1.2396777124397445,0.06346662509925033
T2_select_target,gpt2:mistral7b,diagnostic_target_magnitude_std_mean,6,1,0.0,0.5428571428571428,1.2396777124397445,1.2396777124397445
T2_select_target,gpt2:mistral7b,diagnostic_target_magnitude_std_min,6,1,0.0,0.5428571428571428,1.2396777124397445,1.2396777124397445
T2_select_target,gpt2:mistral7b,target_text_nll,6,1,0.0,0.08571428571428572,1.2396777124397445,1.2396777124397445
T2_select_target,gpt2:mistral7b,source_native_nll,6,0,0.7525260268013234,0.6571428571428571,1.2396777124397445,0.48715168563842104
T2_select_target,gpt2:mistral7b,target_minus_source_nll,6,1,0.0,0.08571428571428572,1.2396777124397445,1.2396777124397445
T2_select_target,gpt2:mistral7b,target_hidden_size,6,0,0.8100617517080815,0.6087595874350709,1.2396777124397445,0.42961596073166297
T2_select_target,gpt2:mistral7b,abs_log_hidden_ratio,6,0,0.8100617517080815,0.6087595874350709,1.2396777124397445,0.42961596073166297
T2_select_target,gpt2:mistral7b,prior_target_param_b,6,0,0.8100617517080815,0.28988551782622424,1.2396777124397445,0.42961596073166297
T2_select_target,gpt2:mistral7b,prior_log_param_ratio_target_over_source,6,0,0.8100617517080815,0.28988551782622424,1.2396777124397445,0.42961596073166297
T2_select_target,gpt2:mistral7b,prior_param_tier_jump,6,0,0.7525260268013234,-0.41403933560541256,1.2396777124397445,0.48715168563842104
T2_select_target,gpt2:mistral7b,pair_normalized_direction_rmse,6,1,0.0,0.08571428571428572,1.2396777124397445,1.2396777124397445
T2_select_target,gpt2:mistral7b,target_readability_z2_mean,6,0,1.1073003331944244,-0.6,1.2396777124397445,0.13237737924532006
T2_select_target,gpt2:mistral7b,target_readability_tail_frac,6,0,1.176211087340494,-0.6377481392176932,1.2396777124397445,0.06346662509925033
T2_select_target,gpt2:mistral7b,target_readability_cross_entropy,6,0,0.8100617517080815,-0.08571428571428572,1.2396777124397445,0.42961596073166297
T2_select_target,gpt2:mistral7b,source_to_target_anchor_kl,6,0,0.8100617517080815,-0.08571428571428572,1.2396777124397445,0.42961596073166297
T2_select_target,gpt2:mistral7b,target_readability_energy,6,0,0.8100617517080815,0.6571428571428571,1.2396777124397445,0.42961596073166297
T2_select_target,gpt2:mistral7b,source_target_top_anchor_overlap,6,1,0.0,0.7142857142857143,1.2396777124397445,1.2396777124397445
T2_select_target,gpt2:mistral7b,source_target_direction_entropy_gap,6,1,0.0,0.08571428571428572,1.2396777124397445,1.2396777124397445
T2_select_target,gpt2:mistral7b,source_target_direction_dispersion_gap,6,0,0.8100617517080815,0.6571428571428571,1.2396777124397445,0.42961596073166297
T2_select_target,gpt2:mistral7b,diagnostic_source_direction_entropy_mean,6,0,1.176211087340494,-0.29277002188455997,1.2396777124397445,0.06346662509925033
T2_select_target,gpt2:mistral7b,diagnostic_target_direction_entropy,6,0,0.8100617517080815,-0.08571428571428572,1.2396777124397445,0.42961596073166297
T2_select_target,gpt2:mistral7b,diagnostic_source_direction_std_mean,6,0,0.7525260268013234,0.29277002188455997,1.2396777124397445,0.48715168563842104
T2_select_target,gpt2:mistral7b,_z_target_hidden_size,6,0,0.8100617517080815,0.6087595874350709,1.2396777124397445,0.42961596073166297
T2_select_target,gpt2:mistral7b,_z_prior_target_param_b,6,0,0.8100617517080815,0.28988551782622424,1.2396777124397445,0.42961596073166297
T2_select_target,gpt2:mistral7b,_z_log_param_ratio,6,0,0.8100617517080815,0.28988551782622424,1.2396777124397445,0.42961596073166297
T2_select_target,gpt2:mistral7b,_z_neg_direction_rmse,6,1,0.0,0.08571428571428572,1.2396777124397445,1.2396777124397445
T2_select_target,gpt2:mistral7b,_z_neg_anchor_js,6,0,0.8100617517080815,-0.08571428571428572,1.2396777124397445,0.42961596073166297
T2_select_target,gpt2:mistral7b,_z_neg_magnitude_rmse,6,0,1.176211087340494,-0.8285714285714286,1.2396777124397445,0.06346662509925033
T2_select_target,gpt2:mistral7b,_z_neg_subspace_residual,6,0,0.6441798135539869,-0.08571428571428572,1.2396777124397445,0.5954978988857575
T2_select_target,gpt2:mistral7b,_z_neg_pair_norm_direction_rmse,6,1,0.0,0.08571428571428572,1.2396777124397445,1.2396777124397445
T2_select_target,gpt2:mistral7b,_z_neg_target_readability_z2,6,0,1.1073003331944244,-0.6,1.2396777124397445,0.13237737924532006
T2_select_target,gpt2:mistral7b,_z_neg_target_readability_tail,6,0,1.176211087340494,-0.6377481392176932,1.2396777124397445,0.06346662509925033
T2_select_target,gpt2:mistral7b,_z_neg_target_readability_ce,6,0,0.8100617517080815,-0.08571428571428572,1.2396777124397445,0.42961596073166297
T2_select_target,gpt2:mistral7b,_z_neg_source_to_target_kl,6,0,0.8100617517080815,-0.08571428571428572,1.2396777124397445,0.42961596073166297
T2_select_target,gpt2:mistral7b,_z_target_readability_energy,6,0,0.8100617517080815,0.6571428571428571,1.2396777124397445,0.42961596073166297
T2_select_target,gpt2:mistral7b,_z_top_anchor_overlap,6,1,0.0,0.7142857142857143,1.2396777124397445,1.2396777124397445
T2_select_target,gpt2:mistral7b,_z_neg_direction_entropy_gap,6,1,0.0,0.08571428571428572,1.2396777124397445,1.2396777124397445
T2_select_target,gpt2:mistral7b,_z_neg_direction_dispersion_gap,6,0,0.8100617517080815,0.6571428571428571,1.2396777124397445,0.42961596073166297
T2_select_target,gpt2:mistral7b,_z_neg_source_native_nll,6,0,0.7525260268013234,0.6571428571428571,1.2396777124397445,0.48715168563842104
T2_select_target,gpt2:mistral7b,combined_hidden_direction_score,6,0,0.8100617517080815,0.2,1.2396777124397445,0.42961596073166297
T2_select_target,gpt2:mistral7b,combined_hidden_js_score,6,0,0.8100617517080815,0.5428571428571428,1.2396777124397445,0.42961596073166297
T2_select_target,gpt2:mistral7b,combined_hidden_source_quality_score,6,0,0.8100617517080815,0.6571428571428571,1.2396777124397445,0.42961596073166297
T2_select_target,gpt2:mistral7b,combined_param_direction_score,6,0,0.8100617517080815,-0.02857142857142857,1.2396777124397445,0.42961596073166297
T2_select_target,gpt2:mistral7b,combined_ratio_direction_score,6,1,0.0,0.14285714285714285,1.2396777124397445,1.2396777124397445
T2_select_target,gpt2:mistral7b,pair_geometry_compatibility_score,6,1,0.0,0.08571428571428572,1.2396777124397445,1.2396777124397445
T2_select_target,gpt2:qwen1.5b,rel_direction_l1_to_target,6,1,0.0,0.7714285714285715,1.4083423769023042,1.4083423769023042
T2_select_target,gpt2:qwen1.5b,rel_direction_rmse_to_target,6,1,0.0,0.7714285714285715,1.4083423769023042,1.4083423769023042
T2_select_target,gpt2:qwen1.5b,rel_magnitude_l1_to_target,6,0,0.7000122325737463,-0.02857142857142857,1.4083423769023042,0.7083301443285579
T2_select_target,gpt2:qwen1.5b,rel_magnitude_rmse_to_target,6,0,0.7000122325737463,-0.02857142857142857,1.4083423769023042,0.7083301443285579
T2_select_target,gpt2:qwen1.5b,memory_target_norm_gap,6,0,0.7826591386790747,-0.7714285714285715,1.4083423769023042,0.6256832382232296
T2_select_target,gpt2:qwen1.5b,anchor_direction_js_to_target,6,1,0.0,0.7714285714285715,1.4083423769023042,1.4083423769023042
T2_select_target,gpt2:qwen1.5b,target_direction_subspace_residual,6,0,0.7826591386790747,-0.7714285714285715,1.4083423769023042,0.6256832382232296
T2_select_target,gpt2:qwen1.5b,capacity_normalized_direction_rmse,6,1,0.0,0.7714285714285715,1.4083423769023042,1.4083423769023042
T2_select_target,gpt2:qwen1.5b,diagnostic_rel_direction_z2_mean,6,0,0.7083581120290333,-0.08571428571428572,1.4083423769023042,0.6999842648732709
T2_select_target,gpt2:qwen1.5b,diagnostic_rel_magnitude_z_abs_mean,6,1,0.0,0.3142857142857143,1.4083423769023042,1.4083423769023042
T2_select_target,gpt2:qwen1.5b,diagnostic_target_direction_std_mean,6,0,0.7603005909278633,-0.5428571428571428,1.4083423769023042,0.648041785974441
T2_select_target,gpt2:qwen1.5b,diagnostic_target_direction_std_min,6,0,1.361427293125369,-0.6,1.4083423769023042,0.04691508377693531
T2_select_target,gpt2:qwen1.5b,diagnostic_target_magnitude_std_mean,6,1,0.0,0.3142857142857143,1.4083423769023042,1.4083423769023042
T2_select_target,gpt2:qwen1.5b,diagnostic_target_magnitude_std_min,6,1,0.0,0.3142857142857143,1.4083423769023042,1.4083423769023042
T2_select_target,gpt2:qwen1.5b,target_text_nll,6,0,0.7000122325737463,0.5428571428571428,1.4083423769023042,0.7083301443285579
T2_select_target,gpt2:qwen1.5b,source_native_nll,6,0,0.7826591386790747,-0.5428571428571428,1.4083423769023042,0.6256832382232296
T2_select_target,gpt2:qwen1.5b,target_minus_source_nll,6,0,0.7000122325737463,0.5428571428571428,1.4083423769023042,0.7083301443285579
T2_select_target,gpt2:qwen1.5b,target_hidden_size,6,0,0.7083581120290333,0.7061878636037996,1.4083423769023042,0.6999842648732709
T2_select_target,gpt2:qwen1.5b,abs_log_hidden_ratio,6,0,0.7603005909278633,-0.7061878636037996,1.4083423769023042,0.648041785974441
T2_select_target,gpt2:qwen1.5b,prior_same_model_family,6,0,1.361427293125369,0.0,1.4083423769023042,0.04691508377693531
T2_select_target,gpt2:qwen1.5b,prior_cross_model_family,6,0,0.7603005909278633,0.0,1.4083423769023042,0.648041785974441
T2_select_target,gpt2:qwen1.5b,prior_target_param_b,6,0,0.7083581120290333,0.6179143806533246,1.4083423769023042,0.6999842648732709
T2_select_target,gpt2:qwen1.5b,prior_log_param_ratio_target_over_source,6,0,0.7083581120290333,0.6179143806533246,1.4083423769023042,0.6999842648732709
T2_select_target,gpt2:qwen1.5b,prior_param_tier_jump,6,0,0.7083581120290333,0.8783100656536799,1.4083423769023042,0.6999842648732709
T2_select_target,gpt2:qwen1.5b,pair_normalized_direction_rmse,6,1,0.0,0.7714285714285715,1.4083423769023042,1.4083423769023042
T2_select_target,gpt2:qwen1.5b,target_readability_z2_mean,6,0,0.7083581120290333,-0.08571428571428572,1.4083423769023042,0.6999842648732709
T2_select_target,gpt2:qwen1.5b,target_readability_tail_frac,6,0,0.7083581120290333,0.6,1.4083423769023042,0.6999842648732709
T2_select_target,gpt2:qwen1.5b,target_magnitude_tail_frac,6,1,0.0,0.6546536707079772,1.4083423769023042,1.4083423769023042
T2_select_target,gpt2:qwen1.5b,target_readability_cross_entropy,6,0,0.7000122325737463,0.7714285714285715,1.4083423769023042,0.7083301443285579
T2_select_target,gpt2:qwen1.5b,source_to_target_anchor_kl,6,1,0.0,0.7714285714285715,1.4083423769023042,1.4083423769023042
T2_select_target,gpt2:qwen1.5b,target_readability_energy,6,0,0.7826591386790747,-0.7714285714285715,1.4083423769023042,0.6256832382232296
T2_select_target,gpt2:qwen1.5b,source_target_top_anchor_overlap,6,0,0.7603005909278633,-0.7142857142857143,1.4083423769023042,0.648041785974441
T2_select_target,gpt2:qwen1.5b,source_target_direction_entropy_gap,6,0,0.7083581120290333,0.6571428571428571,1.4083423769023042,0.6999842648732709
T2_select_target,gpt2:qwen1.5b,source_target_direction_dispersion_gap,6,0,0.7083581120290333,0.5428571428571428,1.4083423769023042,0.6999842648732709
T2_select_target,gpt2:qwen1.5b,diagnostic_source_direction_entropy_mean,6,0,0.7603005909278633,-0.37032803990902063,1.4083423769023042,0.648041785974441
T2_select_target,gpt2:qwen1.5b,diagnostic_target_direction_entropy,6,0,0.7000122325737463,0.6571428571428571,1.4083423769023042,0.7083301443285579
T2_select_target,gpt2:qwen1.5b,diagnostic_source_direction_std_mean,6,0,1.361427293125369,-0.18516401995451032,1.4083423769023042,0.04691508377693531
T2_select_target,gpt2:qwen1.5b,_z_target_hidden_size,6,0,0.7083581120290333,0.7061878636037996,1.4083423769023042,0.6999842648732709
T2_select_target,gpt2:qwen1.5b,_z_prior_target_param_b,6,0,0.7083581120290333,0.6179143806533246,1.4083423769023042,0.6999842648732709
T2_select_target,gpt2:qwen1.5b,_z_log_param_ratio,6,0,0.7083581120290333,0.6179143806533246,1.4083423769023042,0.6999842648732709
T2_select_target,gpt2:qwen1.5b,_z_neg_direction_rmse,6,1,0.0,0.7714285714285715,1.4083423769023042,1.4083423769023042
T2_select_target,gpt2:qwen1.5b,_z_neg_anchor_js,6,1,0.0,0.7714285714285715,1.4083423769023042,1.4083423769023042
T2_select_target,gpt2:qwen1.5b,_z_neg_magnitude_rmse,6,0,0.7000122325737463,-0.02857142857142857,1.4083423769023042,0.7083301443285579
T2_select_target,gpt2:qwen1.5b,_z_neg_subspace_residual,6,0,0.7826591386790747,-0.7714285714285715,1.4083423769023042,0.6256832382232296
T2_select_target,gpt2:qwen1.5b,_z_neg_pair_norm_direction_rmse,6,1,0.0,0.7714285714285715,1.4083423769023042,1.4083423769023042
T2_select_target,gpt2:qwen1.5b,_z_neg_target_readability_z2,6,0,0.7083581120290333,-0.08571428571428572,1.4083423769023042,0.6999842648732709
T2_select_target,gpt2:qwen1.5b,_z_neg_target_readability_tail,6,0,0.7083581120290333,0.6,1.4083423769023042,0.6999842648732709
T2_select_target,gpt2:qwen1.5b,_z_neg_target_magnitude_tail,6,1,0.0,0.6546536707079772,1.4083423769023042,1.4083423769023042
T2_select_target,gpt2:qwen1.5b,_z_neg_target_readability_ce,6,0,0.7000122325737463,0.7714285714285715,1.4083423769023042,0.7083301443285579
T2_select_target,gpt2:qwen1.5b,_z_neg_source_to_target_kl,6,1,0.0,0.7714285714285715,1.4083423769023042,1.4083423769023042
T2_select_target,gpt2:qwen1.5b,_z_target_readability_energy,6,0,0.7826591386790747,-0.7714285714285715,1.4083423769023042,0.6256832382232296
T2_select_target,gpt2:qwen1.5b,_z_top_anchor_overlap,6,0,0.7603005909278633,-0.7142857142857143,1.4083423769023042,0.648041785974441
T2_select_target,gpt2:qwen1.5b,_z_neg_direction_entropy_gap,6,0,0.7083581120290333,0.6571428571428571,1.4083423769023042,0.6999842648732709
T2_select_target,gpt2:qwen1.5b,_z_neg_direction_dispersion_gap,6,0,0.7083581120290333,0.5428571428571428,1.4083423769023042,0.6999842648732709
T2_select_target,gpt2:qwen1.5b,_z_neg_source_native_nll,6,0,0.7826591386790747,-0.5428571428571428,1.4083423769023042,0.6256832382232296
T2_select_target,gpt2:qwen1.5b,combined_hidden_direction_score,6,0,0.7083581120290333,0.5428571428571428,1.4083423769023042,0.6999842648732709
T2_select_target,gpt2:qwen1.5b,combined_hidden_js_score,6,0,0.7083581120290333,0.6,1.4083423769023042,0.6999842648732709
T2_select_target,gpt2:qwen1.5b,combined_hidden_source_quality_score,6,0,0.7000122325737463,0.6571428571428571,1.4083423769023042,0.7083301443285579
T2_select_target,gpt2:qwen1.5b,combined_param_direction_score,6,0,0.7083581120290333,0.6,1.4083423769023042,0.6999842648732709
T2_select_target,gpt2:qwen1.5b,combined_ratio_direction_score,6,0,0.7083581120290333,0.6,1.4083423769023042,0.6999842648732709
T2_select_target,gpt2:qwen1.5b,pair_geometry_compatibility_score,6,1,0.0,0.37142857142857144,1.4083423769023042,1.4083423769023042
T2_select_target,gpt2:qwen3b,rel_direction_l1_to_target,6,1,0.0,0.7142857142857143,1.3336509098251017,1.3336509098251017
T2_select_target,gpt2:qwen3b,rel_direction_rmse_to_target,6,1,0.0,0.7142857142857143,1.3336509098251017,1.3336509098251017
T2_select_target,gpt2:qwen3b,rel_magnitude_l1_to_target,6,0,0.6310888054066487,0.08571428571428572,1.3336509098251017,0.702562104418453
T2_select_target,gpt2:qwen3b,rel_magnitude_rmse_to_target,6,0,0.6310888054066487,-0.08571428571428572,1.3336509098251017,0.702562104418453
T2_select_target,gpt2:qwen3b,memory_target_norm_gap,6,0,0.7730520671930424,-0.6571428571428571,1.3336509098251017,0.5605988426320593
T2_select_target,gpt2:qwen3b,anchor_direction_js_to_target,6,0,0.6310888054066487,0.7714285714285715,1.3336509098251017,0.702562104418453
T2_select_target,gpt2:qwen3b,target_direction_subspace_residual,6,0,0.7730520671930424,-0.6571428571428571,1.3336509098251017,0.5605988426320593
T2_select_target,gpt2:qwen3b,capacity_normalized_direction_rmse,6,1,0.0,0.7142857142857143,1.3336509098251017,1.3336509098251017
T2_select_target,gpt2:qwen3b,diagnostic_rel_direction_z2_mean,6,0,0.6921338801265826,0.5428571428571428,1.3336509098251017,0.6415170296985191
T2_select_target,gpt2:qwen3b,diagnostic_rel_magnitude_z_abs_mean,6,1,0.0,0.37142857142857144,1.3336509098251017,1.3336509098251017
T2_select_target,gpt2:qwen3b,diagnostic_target_direction_std_mean,6,0,0.9396683855467389,-0.7142857142857143,1.3336509098251017,0.3939825242783628
T2_select_target,gpt2:qwen3b,diagnostic_target_direction_std_min,6,0,1.1137949993769043,-0.7714285714285715,1.3336509098251017,0.2198559104481974
T2_select_target,gpt2:qwen3b,diagnostic_target_magnitude_std_mean,6,1,0.0,0.37142857142857144,1.3336509098251017,1.3336509098251017
T2_select_target,gpt2:qwen3b,diagnostic_target_magnitude_std_min,6,1,0.0,0.37142857142857144,1.3336509098251017,1.3336509098251017
T2_select_target,gpt2:qwen3b,target_text_nll,6,0,0.6310888054066487,0.7714285714285715,1.3336509098251017,0.702562104418453
T2_select_target,gpt2:qwen3b,source_native_nll,6,0,0.9396683855467389,-0.37142857142857144,1.3336509098251017,0.3939825242783628
T2_select_target,gpt2:qwen3b,target_minus_source_nll,6,0,0.6310888054066487,0.7714285714285715,1.3336509098251017,0.702562104418453
T2_select_target,gpt2:qwen3b,target_hidden_size,6,0,0.6921338801265826,0.8116794499134278,1.3336509098251017,0.6415170296985191
T2_select_target,gpt2:qwen3b,abs_log_hidden_ratio,6,0,0.9396683855467389,-0.753702346348183,1.3336509098251017,0.3939825242783628
T2_select_target,gpt2:qwen3b,prior_same_model_family,6,0,1.1137949993769043,0.0,1.3336509098251017,0.2198559104481974
T2_select_target,gpt2:qwen3b,prior_cross_model_family,6,0,0.9396683855467389,0.0,1.3336509098251017,0.3939825242783628
T2_select_target,gpt2:qwen3b,prior_target_param_b,6,0,0.6921338801265826,0.753702346348183,1.3336509098251017,0.6415170296985191
T2_select_target,gpt2:qwen3b,prior_log_param_ratio_target_over_source,6,0,0.6921338801265826,0.753702346348183,1.3336509098251017,0.6415170296985191
T2_select_target,gpt2:qwen3b,prior_param_tier_jump,6,0,0.6921338801265826,0.16903085094570333,1.3336509098251017,0.6415170296985191
T2_select_target,gpt2:qwen3b,pair_normalized_direction_rmse,6,1,0.0,0.7142857142857143,1.3336509098251017,1.3336509098251017
T2_select_target,gpt2:qwen3b,target_readability_z2_mean,6,0,0.6921338801265826,0.5428571428571428,1.3336509098251017,0.6415170296985191
T2_select_target,gpt2:qwen3b,target_readability_tail_frac,6,0,0.6921338801265826,0.5428571428571428,1.3336509098251017,0.6415170296985191
T2_select_target,gpt2:qwen3b,target_magnitude_tail_frac,6,1,0.0,0.6546536707079772,1.3336509098251017,1.3336509098251017
T2_select_target,gpt2:qwen3b,target_readability_cross_entropy,6,0,0.6310888054066487,0.7714285714285715,1.3336509098251017,0.702562104418453
T2_select_target,gpt2:qwen3b,source_to_target_anchor_kl,6,0,0.6310888054066487,0.7714285714285715,1.3336509098251017,0.702562104418453
T2_select_target,gpt2:qwen3b,target_readability_energy,6,0,1.1137949993769043,-0.9428571428571428,1.3336509098251017,0.2198559104481974
T2_select_target,gpt2:qwen3b,source_target_top_anchor_overlap,6,0,0.6310888054066487,0.14285714285714285,1.3336509098251017,0.702562104418453
T2_select_target,gpt2:qwen3b,source_target_direction_entropy_gap,6,0,0.6310888054066487,0.8857142857142857,1.3336509098251017,0.702562104418453
T2_select_target,gpt2:qwen3b,source_target_direction_dispersion_gap,6,0,0.6310888054066487,0.6571428571428571,1.3336509098251017,0.702562104418453
T2_select_target,gpt2:qwen3b,diagnostic_source_direction_entropy_mean,6,0,0.6310888054066487,0.37032803990902063,1.3336509098251017,0.702562104418453
T2_select_target,gpt2:qwen3b,diagnostic_target_direction_entropy,6,0,0.6310888054066487,0.7714285714285715,1.3336509098251017,0.702562104418453
T2_select_target,gpt2:qwen3b,diagnostic_source_direction_std_mean,6,0,1.1137949993769043,0.18516401995451032,1.3336509098251017,0.2198559104481974
T2_select_target,gpt2:qwen3b,_z_target_hidden_size,6,0,0.6921338801265826,0.8116794499134278,1.3336509098251017,0.6415170296985191
T2_select_target,gpt2:qwen3b,_z_prior_target_param_b,6,0,0.6921338801265826,0.753702346348183,1.3336509098251017,0.6415170296985191
T2_select_target,gpt2:qwen3b,_z_log_param_ratio,6,0,0.6921338801265826,0.753702346348183,1.3336509098251017,0.6415170296985191
T2_select_target,gpt2:qwen3b,_z_neg_direction_rmse,6,1,0.0,0.7142857142857143,1.3336509098251017,1.3336509098251017
T2_select_target,gpt2:qwen3b,_z_neg_anchor_js,6,0,0.6310888054066487,0.7714285714285715,1.3336509098251017,0.702562104418453
T2_select_target,gpt2:qwen3b,_z_neg_magnitude_rmse,6,0,0.6310888054066487,-0.08571428571428572,1.3336509098251017,0.702562104418453
T2_select_target,gpt2:qwen3b,_z_neg_subspace_residual,6,0,0.7730520671930424,-0.6571428571428571,1.3336509098251017,0.5605988426320593
T2_select_target,gpt2:qwen3b,_z_neg_pair_norm_direction_rmse,6,1,0.0,0.7142857142857143,1.3336509098251017,1.3336509098251017
T2_select_target,gpt2:qwen3b,_z_neg_target_readability_z2,6,0,0.6921338801265826,0.5428571428571428,1.3336509098251017,0.6415170296985191
T2_select_target,gpt2:qwen3b,_z_neg_target_readability_tail,6,0,0.6921338801265826,0.5428571428571428,1.3336509098251017,0.6415170296985191
T2_select_target,gpt2:qwen3b,_z_neg_target_magnitude_tail,6,1,0.0,0.6546536707079772,1.3336509098251017,1.3336509098251017
T2_select_target,gpt2:qwen3b,_z_neg_target_readability_ce,6,0,0.6310888054066487,0.7714285714285715,1.3336509098251017,0.702562104418453
T2_select_target,gpt2:qwen3b,_z_neg_source_to_target_kl,6,0,0.6310888054066487,0.7714285714285715,1.3336509098251017,0.702562104418453
T2_select_target,gpt2:qwen3b,_z_target_readability_energy,6,0,1.1137949993769043,-0.9428571428571428,1.3336509098251017,0.2198559104481974
T2_select_target,gpt2:qwen3b,_z_top_anchor_overlap,6,0,0.6310888054066487,0.14285714285714285,1.3336509098251017,0.702562104418453
T2_select_target,gpt2:qwen3b,_z_neg_direction_entropy_gap,6,0,0.6310888054066487,0.8857142857142857,1.3336509098251017,0.702562104418453
T2_select_target,gpt2:qwen3b,_z_neg_direction_dispersion_gap,6,0,0.6310888054066487,0.6571428571428571,1.3336509098251017,0.702562104418453
T2_select_target,gpt2:qwen3b,_z_neg_source_native_nll,6,0,0.9396683855467389,-0.37142857142857144,1.3336509098251017,0.3939825242783628
T2_select_target,gpt2:qwen3b,combined_hidden_direction_score,6,0,0.6921338801265826,0.7714285714285715,1.3336509098251017,0.6415170296985191
T2_select_target,gpt2:qwen3b,combined_hidden_js_score,6,0,0.6310888054066487,0.8285714285714286,1.3336509098251017,0.702562104418453
T2_select_target,gpt2:qwen3b,combined_hidden_source_quality_score,6,0,0.6921338801265826,0.7714285714285715,1.3336509098251017,0.6415170296985191
T2_select_target,gpt2:qwen3b,combined_param_direction_score,6,0,0.6921338801265826,0.6571428571428571,1.3336509098251017,0.6415170296985191
T2_select_target,gpt2:qwen3b,combined_ratio_direction_score,6,1,0.0,0.7714285714285715,1.3336509098251017,1.3336509098251017
T2_select_target,gpt2:qwen3b,pair_geometry_compatibility_score,6,0,0.6921338801265826,0.5428571428571428,1.3336509098251017,0.6415170296985191
T2_select_target,gpt2:qwen7b,rel_direction_l1_to_target,6,0,0.042713349290867675,0.42857142857142855,0.7633085866562762,0.7205952373654085
T2_select_target,gpt2:qwen7b,rel_direction_rmse_to_target,6,0,0.042713349290867675,0.42857142857142855,0.7633085866562762,0.7205952373654085
T2_select_target,gpt2:qwen7b,rel_magnitude_l1_to_target,6,1,0.0,0.9428571428571428,0.7633085866562762,0.7633085866562762
T2_select_target,gpt2:qwen7b,rel_magnitude_rmse_to_target,6,0,0.07691151919381423,0.5428571428571428,0.7633085866562762,0.686397067462462
T2_select_target,gpt2:qwen7b,memory_target_norm_gap,6,0,0.17980810024080718,-0.8285714285714286,0.7633085866562762,0.583500486415469
T2_select_target,gpt2:qwen7b,anchor_direction_js_to_target,6,1,0.0,0.6571428571428571,0.7633085866562762,0.7633085866562762
T2_select_target,gpt2:qwen7b,target_direction_subspace_residual,6,0,0.17980810024080718,-0.5428571428571428,0.7633085866562762,0.583500486415469
T2_select_target,gpt2:qwen7b,capacity_normalized_direction_rmse,6,0,0.042713349290867675,0.42857142857142855,0.7633085866562762,0.7205952373654085
T2_select_target,gpt2:qwen7b,diagnostic_rel_direction_z2_mean,6,0,0.042713349290867675,0.42857142857142855,0.7633085866562762,0.7205952373654085
T2_select_target,gpt2:qwen7b,diagnostic_rel_magnitude_z_abs_mean,6,0,0.6825723710558912,-0.5428571428571428,0.7633085866562762,0.08073621560038499
T2_select_target,gpt2:qwen7b,diagnostic_target_direction_std_mean,6,0,0.07691151919381423,-0.42857142857142855,0.7633085866562762,0.686397067462462
T2_select_target,gpt2:qwen7b,diagnostic_target_direction_std_min,6,0,0.6245334939820462,-0.5428571428571428,0.7633085866562762,0.13877509267423
T2_select_target,gpt2:qwen7b,diagnostic_target_magnitude_std_mean,6,0,0.6825723710558912,-0.5428571428571428,0.7633085866562762,0.08073621560038499
T2_select_target,gpt2:qwen7b,diagnostic_target_magnitude_std_min,6,0,0.6825723710558912,-0.5428571428571428,0.7633085866562762,0.08073621560038499
T2_select_target,gpt2:qwen7b,target_text_nll,6,1,0.0,0.2,0.7633085866562762,0.7633085866562762
T2_select_target,gpt2:qwen7b,source_native_nll,6,0,0.6825723710558912,-0.4857142857142857,0.7633085866562762,0.08073621560038499
T2_select_target,gpt2:qwen7b,target_minus_source_nll,6,1,0.0,0.2,0.7633085866562762,0.7633085866562762
T2_select_target,gpt2:qwen7b,target_hidden_size,6,0,0.042713349290867675,0.7944613465542745,0.7633085866562762,0.7205952373654085
T2_select_target,gpt2:qwen7b,abs_log_hidden_ratio,6,0,0.042713349290867675,0.7944613465542745,0.7633085866562762,0.7205952373654085
T2_select_target,gpt2:qwen7b,prior_same_model_family,6,0,0.6245334939820462,-0.8280786712108251,0.7633085866562762,0.13877509267423
T2_select_target,gpt2:qwen7b,prior_cross_model_family,6,0,0.07691151919381423,0.8280786712108251,0.7633085866562762,0.686397067462462
T2_select_target,gpt2:qwen7b,prior_target_param_b,6,0,0.042713349290867675,0.49280538030458115,0.7633085866562762,0.7205952373654085
T2_select_target,gpt2:qwen7b,prior_log_param_ratio_target_over_source,6,0,0.042713349290867675,0.49280538030458115,0.7633085866562762,0.7205952373654085
T2_select_target,gpt2:qwen7b,prior_param_tier_jump,6,0,0.07691151919381423,-0.8280786712108251,0.7633085866562762,0.686397067462462
T2_select_target,gpt2:qwen7b,pair_normalized_direction_rmse,6,0,0.042713349290867675,0.42857142857142855,0.7633085866562762,0.7205952373654085
T2_select_target,gpt2:qwen7b,target_readability_z2_mean,6,0,0.042713349290867675,0.42857142857142855,0.7633085866562762,0.7205952373654085
T2_select_target,gpt2:qwen7b,target_readability_tail_frac,6,0,0.042713349290867675,0.42857142857142855,0.7633085866562762,0.7205952373654085
T2_select_target,gpt2:qwen7b,target_readability_cross_entropy,6,0,0.042713349290867675,0.6,0.7633085866562762,0.7205952373654085
T2_select_target,gpt2:qwen7b,source_to_target_anchor_kl,6,1,0.0,0.6571428571428571,0.7633085866562762,0.7633085866562762
T2_select_target,gpt2:qwen7b,target_readability_energy,6,0,0.07691151919381423,0.42857142857142855,0.7633085866562762,0.686397067462462
T2_select_target,gpt2:qwen7b,source_target_top_anchor_overlap,6,0,0.17980810024080718,0.17393131069573453,0.7633085866562762,0.583500486415469
T2_select_target,gpt2:qwen7b,source_target_direction_entropy_gap,6,1,0.0,0.6571428571428571,0.7633085866562762,0.7633085866562762
T2_select_target,gpt2:qwen7b,source_target_direction_dispersion_gap,6,0,0.042713349290867675,0.5428571428571428,0.7633085866562762,0.7205952373654085
T2_select_target,gpt2:qwen7b,diagnostic_source_direction_entropy_mean,6,1,0.0,0.9258200997725515,0.7633085866562762,0.7633085866562762
T2_select_target,gpt2:qwen7b,diagnostic_target_direction_entropy,6,1,0.0,0.6571428571428571,0.7633085866562762,0.7633085866562762
T2_select_target,gpt2:qwen7b,diagnostic_source_direction_std_mean,6,0,0.07691151919381423,0.5554920598635309,0.7633085866562762,0.686397067462462
T2_select_target,gpt2:qwen7b,_z_target_hidden_size,6,0,0.042713349290867675,0.7944613465542745,0.7633085866562762,0.7205952373654085
T2_select_target,gpt2:qwen7b,_z_prior_target_param_b,6,0,0.042713349290867675,0.49280538030458115,0.7633085866562762,0.7205952373654085
T2_select_target,gpt2:qwen7b,_z_log_param_ratio,6,0,0.042713349290867675,0.49280538030458115,0.7633085866562762,0.7205952373654085
T2_select_target,gpt2:qwen7b,_z_neg_direction_rmse,6,0,0.042713349290867675,0.42857142857142855,0.7633085866562762,0.7205952373654085
T2_select_target,gpt2:qwen7b,_z_neg_anchor_js,6,1,0.0,0.6571428571428571,0.7633085866562762,0.7633085866562762
T2_select_target,gpt2:qwen7b,_z_neg_magnitude_rmse,6,0,0.07691151919381423,0.5428571428571428,0.7633085866562762,0.686397067462462
T2_select_target,gpt2:qwen7b,_z_neg_subspace_residual,6,0,0.17980810024080718,-0.5428571428571428,0.7633085866562762,0.583500486415469
T2_select_target,gpt2:qwen7b,_z_neg_pair_norm_direction_rmse,6,0,0.042713349290867675,0.42857142857142855,0.7633085866562762,0.7205952373654085
T2_select_target,gpt2:qwen7b,_z_neg_target_readability_z2,6,0,0.042713349290867675,0.42857142857142855,0.7633085866562762,0.7205952373654085
T2_select_target,gpt2:qwen7b,_z_neg_target_readability_tail,6,0,0.042713349290867675,0.42857142857142855,0.7633085866562762,0.7205952373654085
T2_select_target,gpt2:qwen7b,_z_neg_target_readability_ce,6,0,0.042713349290867675,0.6,0.7633085866562762,0.7205952373654085
T2_select_target,gpt2:qwen7b,_z_neg_source_to_target_kl,6,1,0.0,0.6571428571428571,0.7633085866562762,0.7633085866562762
T2_select_target,gpt2:qwen7b,_z_target_readability_energy,6,0,0.07691151919381423,0.42857142857142855,0.7633085866562762,0.686397067462462
T2_select_target,gpt2:qwen7b,_z_top_anchor_overlap,6,0,0.17980810024080718,0.17393131069573453,0.7633085866562762,0.583500486415469
T2_select_target,gpt2:qwen7b,_z_neg_direction_entropy_gap,6,1,0.0,0.6571428571428571,0.7633085866562762,0.7633085866562762
T2_select_target,gpt2:qwen7b,_z_neg_direction_dispersion_gap,6,0,0.042713349290867675,0.5428571428571428,0.7633085866562762,0.7205952373654085
T2_select_target,gpt2:qwen7b,_z_neg_source_native_nll,6,0,0.6825723710558912,-0.4857142857142857,0.7633085866562762,0.08073621560038499
T2_select_target,gpt2:qwen7b,combined_hidden_direction_score,6,0,0.042713349290867675,0.5428571428571428,0.7633085866562762,0.7205952373654085
T2_select_target,gpt2:qwen7b,combined_hidden_js_score,6,1,0.0,0.7142857142857143,0.7633085866562762,0.7633085866562762
T2_select_target,gpt2:qwen7b,combined_hidden_source_quality_score,6,0,0.042713349290867675,0.6571428571428571,0.7633085866562762,0.7205952373654085
T2_select_target,gpt2:qwen7b,combined_param_direction_score,6,0,0.042713349290867675,0.37142857142857144,0.7633085866562762,0.7205952373654085
T2_select_target,gpt2:qwen7b,combined_ratio_direction_score,6,0,0.042713349290867675,0.37142857142857144,0.7633085866562762,0.7205952373654085
T2_select_target,gpt2:qwen7b,pair_geometry_compatibility_score,6,1,0.0,0.6,0.7633085866562762,0.7633085866562762
T2_select_target,llama1b:llama1b,rel_direction_l1_to_target,6,1,0.0,0.7714285714285715,1.1311391271399538,1.1311391271399538
T2_select_target,llama1b:llama1b,rel_direction_rmse_to_target,6,1,0.0,0.7714285714285715,1.1311391271399538,1.1311391271399538
T2_select_target,llama1b:llama1b,rel_magnitude_l1_to_target,6,0,0.5010825416125001,-0.2,1.1311391271399538,0.6300565855274537
T2_select_target,llama1b:llama1b,rel_magnitude_rmse_to_target,6,0,0.5010825416125001,-0.42857142857142855,1.1311391271399538,0.6300565855274537
T2_select_target,llama1b:llama1b,memory_target_norm_gap,6,0,0.9889645528430442,-0.7142857142857143,1.1311391271399538,0.14217457429690958
T2_select_target,llama1b:llama1b,anchor_direction_js_to_target,6,0,0.5010825416125001,0.5428571428571428,1.1311391271399538,0.6300565855274537
T2_select_target,llama1b:llama1b,target_direction_subspace_residual,6,0,0.7085271832621293,-0.7142857142857143,1.1311391271399538,0.4226119438778245
T2_select_target,llama1b:llama1b,capacity_normalized_direction_rmse,6,1,0.0,0.7714285714285715,1.1311391271399538,1.1311391271399538
T2_select_target,llama1b:llama1b,diagnostic_rel_direction_z2_mean,6,1,0.0,0.7142857142857143,1.1311391271399538,1.1311391271399538
T2_select_target,llama1b:llama1b,diagnostic_rel_magnitude_z_abs_mean,6,0,0.2064206767892235,0.9428571428571428,1.1311391271399538,0.9247184503507303
T2_select_target,llama1b:llama1b,diagnostic_target_direction_std_mean,6,0,0.7085271832621293,-0.6,1.1311391271399538,0.4226119438778245
T2_select_target,llama1b:llama1b,diagnostic_target_direction_std_min,6,1,0.0,-0.02857142857142857,1.1311391271399538,1.1311391271399538
T2_select_target,llama1b:llama1b,diagnostic_target_magnitude_std_mean,6,0,0.2064206767892235,0.9428571428571428,1.1311391271399538,0.9247184503507303
T2_select_target,llama1b:llama1b,diagnostic_target_magnitude_std_min,6,0,0.2064206767892235,0.9428571428571428,1.1311391271399538,0.9247184503507303
T2_select_target,llama1b:llama1b,target_text_nll,6,0,0.5010825416125001,0.37142857142857144,1.1311391271399538,0.6300565855274537
T2_select_target,llama1b:llama1b,target_minus_source_nll,6,0,0.5010825416125001,0.37142857142857144,1.1311391271399538,0.6300565855274537
T2_select_target,llama1b:llama1b,target_hidden_size,6,0,0.2064206767892235,0.753702346348183,1.1311391271399538,0.9247184503507303
T2_select_target,llama1b:llama1b,abs_log_hidden_ratio,6,0,0.9889645528430442,-0.8116794499134278,1.1311391271399538,0.14217457429690958
T2_select_target,llama1b:llama1b,prior_same_model_family,6,0,0.7085271832621293,0.20701966780270628,1.1311391271399538,0.4226119438778245
T2_select_target,llama1b:llama1b,prior_cross_model_family,6,0,0.5010825416125001,-0.20701966780270628,1.1311391271399538,0.6300565855274537
T2_select_target,llama1b:llama1b,prior_target_param_b,6,0,0.2064206767892235,0.7944613465542745,1.1311391271399538,0.9247184503507303
T2_select_target,llama1b:llama1b,prior_log_param_ratio_target_over_source,6,0,0.2064206767892235,0.7944613465542745,1.1311391271399538,0.9247184503507303
T2_select_target,llama1b:llama1b,prior_param_tier_jump,6,0,0.7085271832621293,0.3927922024247863,1.1311391271399538,0.4226119438778245
T2_select_target,llama1b:llama1b,pair_normalized_direction_rmse,6,1,0.0,0.7714285714285715,1.1311391271399538,1.1311391271399538
T2_select_target,llama1b:llama1b,target_readability_z2_mean,6,1,0.0,0.7142857142857143,1.1311391271399538,1.1311391271399538
T2_select_target,llama1b:llama1b,target_readability_tail_frac,6,1,0.0,0.7714285714285715,1.1311391271399538,1.1311391271399538
T2_select_target,llama1b:llama1b,target_readability_cross_entropy,6,0,0.5010825416125001,0.5428571428571428,1.1311391271399538,0.6300565855274537
T2_select_target,llama1b:llama1b,source_to_target_anchor_kl,6,0,0.5010825416125001,0.5428571428571428,1.1311391271399538,0.6300565855274537
T2_select_target,llama1b:llama1b,target_readability_energy,6,0,0.5010825416125001,0.7142857142857143,1.1311391271399538,0.6300565855274537
T2_select_target,llama1b:llama1b,source_target_top_anchor_overlap,6,0,0.2064206767892235,-0.08571428571428572,1.1311391271399538,0.9247184503507303
T2_select_target,llama1b:llama1b,source_target_direction_entropy_gap,6,0,0.9889645528430442,0.02857142857142857,1.1311391271399538,0.14217457429690958
T2_select_target,llama1b:llama1b,source_target_direction_dispersion_gap,6,0,0.2064206767892235,0.6,1.1311391271399538,0.9247184503507303
T2_select_target,llama1b:llama1b,diagnostic_source_direction_entropy_mean,6,0,0.7085271832621293,0.2125118592516207,1.1311391271399538,0.4226119438778245
T2_select_target,llama1b:llama1b,diagnostic_target_direction_entropy,6,0,0.2064206767892235,0.6,1.1311391271399538,0.9247184503507303
T2_select_target,llama1b:llama1b,diagnostic_source_direction_std_mean,6,0,0.7892862995388134,-0.2125118592516207,1.1311391271399538,0.34185282760114044
T2_select_target,llama1b:llama1b,_z_target_hidden_size,6,0,0.2064206767892235,0.753702346348183,1.1311391271399538,0.9247184503507303
T2_select_target,llama1b:llama1b,_z_prior_target_param_b,6,0,0.2064206767892235,0.7944613465542745,1.1311391271399538,0.9247184503507303
T2_select_target,llama1b:llama1b,_z_log_param_ratio,6,0,0.2064206767892235,0.7944613465542745,1.1311391271399538,0.9247184503507303
T2_select_target,llama1b:llama1b,_z_neg_direction_rmse,6,1,0.0,0.7714285714285715,1.1311391271399538,1.1311391271399538
T2_select_target,llama1b:llama1b,_z_neg_anchor_js,6,0,0.5010825416125001,0.5428571428571428,1.1311391271399538,0.6300565855274537
T2_select_target,llama1b:llama1b,_z_neg_magnitude_rmse,6,0,0.5010825416125001,-0.42857142857142855,1.1311391271399538,0.6300565855274537
T2_select_target,llama1b:llama1b,_z_neg_subspace_residual,6,0,0.7085271832621293,-0.7142857142857143,1.1311391271399538,0.4226119438778245
T2_select_target,llama1b:llama1b,_z_neg_pair_norm_direction_rmse,6,1,0.0,0.7714285714285715,1.1311391271399538,1.1311391271399538
T2_select_target,llama1b:llama1b,_z_neg_target_readability_z2,6,1,0.0,0.7142857142857143,1.1311391271399538,1.1311391271399538
T2_select_target,llama1b:llama1b,_z_neg_target_readability_tail,6,1,0.0,0.7714285714285715,1.1311391271399538,1.1311391271399538
T2_select_target,llama1b:llama1b,_z_neg_target_readability_ce,6,0,0.5010825416125001,0.5428571428571428,1.1311391271399538,0.6300565855274537
T2_select_target,llama1b:llama1b,_z_neg_source_to_target_kl,6,0,0.5010825416125001,0.5428571428571428,1.1311391271399538,0.6300565855274537
T2_select_target,llama1b:llama1b,_z_target_readability_energy,6,0,0.5010825416125001,0.7142857142857143,1.1311391271399538,0.6300565855274537
T2_select_target,llama1b:llama1b,_z_top_anchor_overlap,6,0,0.2064206767892235,-0.08571428571428572,1.1311391271399538,0.9247184503507303
T2_select_target,llama1b:llama1b,_z_neg_direction_entropy_gap,6,0,0.9889645528430442,0.02857142857142857,1.1311391271399538,0.14217457429690958
T2_select_target,llama1b:llama1b,_z_neg_direction_dispersion_gap,6,0,0.2064206767892235,0.6,1.1311391271399538,0.9247184503507303
T2_select_target,llama1b:llama1b,combined_hidden_direction_score,6,0,0.2064206767892235,0.6571428571428571,1.1311391271399538,0.9247184503507303
T2_select_target,llama1b:llama1b,combined_hidden_js_score,6,0,0.5010825416125001,0.6,1.1311391271399538,0.6300565855274537
T2_select_target,llama1b:llama1b,combined_hidden_source_quality_score,6,0,0.2064206767892235,0.753702346348183,1.1311391271399538,0.9247184503507303
T2_select_target,llama1b:llama1b,combined_param_direction_score,6,0,0.2064206767892235,0.7142857142857143,1.1311391271399538,0.9247184503507303
T2_select_target,llama1b:llama1b,combined_ratio_direction_score,6,0,0.2064206767892235,0.7142857142857143,1.1311391271399538,0.9247184503507303
T2_select_target,llama1b:llama1b,pair_geometry_compatibility_score,6,0,0.2064206767892235,0.6,1.1311391271399538,0.9247184503507303
T2_select_target,llama1b:llama3b,rel_direction_l1_to_target,6,0,0.10316429568824237,0.7142857142857143,0.9628418817169702,0.8596775860287278
T2_select_target,llama1b:llama3b,rel_direction_rmse_to_target,6,0,0.10316429568824237,0.7142857142857143,0.9628418817169702,0.8596775860287278
T2_select_target,llama1b:llama3b,rel_magnitude_l1_to_target,6,0,0.3757493742449036,-0.37142857142857144,0.9628418817169702,0.5870925074720665
T2_select_target,llama1b:llama3b,rel_magnitude_rmse_to_target,6,0,0.3757493742449036,-0.5428571428571428,0.9628418817169702,0.5870925074720665
T2_select_target,llama1b:llama3b,memory_target_norm_gap,6,0,0.7778163895494323,-0.8285714285714286,0.9628418817169702,0.18502549216753789
T2_select_target,llama1b:llama3b,anchor_direction_js_to_target,6,0,0.3757493742449036,0.6,0.9628418817169702,0.5870925074720665
T2_select_target,llama1b:llama3b,target_direction_subspace_residual,6,0,0.5611729227428102,-0.7142857142857143,0.9628418817169702,0.40166895897416005
T2_select_target,llama1b:llama3b,capacity_normalized_direction_rmse,6,0,0.10316429568824237,0.7142857142857143,0.9628418817169702,0.8596775860287278
T2_select_target,llama1b:llama3b,diagnostic_rel_direction_z2_mean,6,0,0.10316429568824237,0.3142857142857143,0.9628418817169702,0.8596775860287278
T2_select_target,llama1b:llama3b,diagnostic_rel_magnitude_z_abs_mean,6,1,0.0,1.0,0.9628418817169702,0.9628418817169702
T2_select_target,llama1b:llama3b,diagnostic_target_direction_std_mean,6,0,0.5611729227428102,-0.7142857142857143,0.9628418817169702,0.40166895897416005
T2_select_target,llama1b:llama3b,diagnostic_target_direction_std_min,6,0,0.10316429568824237,-0.37142857142857144,0.9628418817169702,0.8596775860287278
T2_select_target,llama1b:llama3b,diagnostic_target_magnitude_std_mean,6,1,0.0,1.0,0.9628418817169702,0.9628418817169702
T2_select_target,llama1b:llama3b,diagnostic_target_magnitude_std_min,6,1,0.0,1.0,0.9628418817169702,0.9628418817169702
T2_select_target,llama1b:llama3b,target_text_nll,6,0,0.3757493742449036,0.2571428571428571,0.9628418817169702,0.5870925074720665
T2_select_target,llama1b:llama3b,target_minus_source_nll,6,0,0.3757493742449036,0.2571428571428571,0.9628418817169702,0.5870925074720665
T2_select_target,llama1b:llama3b,target_hidden_size,6,1,0.0,0.7944613465542745,0.9628418817169702,0.9628418817169702
T2_select_target,llama1b:llama3b,abs_log_hidden_ratio,6,0,0.10316429568824237,0.7944613465542745,0.9628418817169702,0.8596775860287278
T2_select_target,llama1b:llama3b,prior_same_model_family,6,0,0.5611729227428102,0.41403933560541256,0.9628418817169702,0.40166895897416005
T2_select_target,llama1b:llama3b,prior_cross_model_family,6,0,0.3757493742449036,-0.41403933560541256,0.9628418817169702,0.5870925074720665
T2_select_target,llama1b:llama3b,prior_target_param_b,6,1,0.0,0.753702346348183,0.9628418817169702,0.9628418817169702
T2_select_target,llama1b:llama3b,prior_log_param_ratio_target_over_source,6,1,0.0,0.753702346348183,0.9628418817169702,0.9628418817169702
T2_select_target,llama1b:llama3b,prior_param_tier_jump,6,1,0.0,0.8451542547285166,0.9628418817169702,0.9628418817169702
T2_select_target,llama1b:llama3b,pair_normalized_direction_rmse,6,0,0.10316429568824237,0.7142857142857143,0.9628418817169702,0.8596775860287278
T2_select_target,llama1b:llama3b,target_readability_z2_mean,6,0,0.10316429568824237,0.3142857142857143,0.9628418817169702,0.8596775860287278
T2_select_target,llama1b:llama3b,target_readability_tail_frac,6,0,0.10316429568824237,0.6,0.9628418817169702,0.8596775860287278
T2_select_target,llama1b:llama3b,target_readability_cross_entropy,6,0,0.3757493742449036,0.6,0.9628418817169702,0.5870925074720665
T2_select_target,llama1b:llama3b,source_to_target_anchor_kl,6,0,0.3757493742449036,0.6,0.9628418817169702,0.5870925074720665
T2_select_target,llama1b:llama3b,target_readability_energy,6,0,0.5611729227428102,-0.7714285714285715,0.9628418817169702,0.40166895897416005
T2_select_target,llama1b:llama3b,source_target_top_anchor_overlap,6,0,0.5611729227428102,-0.42857142857142855,0.9628418817169702,0.40166895897416005
T2_select_target,llama1b:llama3b,source_target_direction_entropy_gap,6,0,0.10316429568824237,0.7142857142857143,0.9628418817169702,0.8596775860287278
T2_select_target,llama1b:llama3b,source_target_direction_dispersion_gap,6,1,0.0,0.7142857142857143,0.9628418817169702,0.9628418817169702
T2_select_target,llama1b:llama3b,diagnostic_source_direction_entropy_mean,6,0,0.5611729227428102,0.15179418517972906,0.9628418817169702,0.40166895897416005
T2_select_target,llama1b:llama3b,diagnostic_target_direction_entropy,6,1,0.0,0.7142857142857143,0.9628418817169702,0.9628418817169702
T2_select_target,llama1b:llama3b,diagnostic_source_direction_std_mean,6,0,0.3757493742449036,-0.2732295333235123,0.9628418817169702,0.5870925074720665
T2_select_target,llama1b:llama3b,_z_target_hidden_size,6,1,0.0,0.7944613465542745,0.9628418817169702,0.9628418817169702
T2_select_target,llama1b:llama3b,_z_prior_target_param_b,6,1,0.0,0.753702346348183,0.9628418817169702,0.9628418817169702
T2_select_target,llama1b:llama3b,_z_log_param_ratio,6,1,0.0,0.753702346348183,0.9628418817169702,0.9628418817169702
T2_select_target,llama1b:llama3b,_z_neg_direction_rmse,6,0,0.10316429568824237,0.7142857142857143,0.9628418817169702,0.8596775860287278
T2_select_target,llama1b:llama3b,_z_neg_anchor_js,6,0,0.3757493742449036,0.6,0.9628418817169702,0.5870925074720665
T2_select_target,llama1b:llama3b,_z_neg_magnitude_rmse,6,0,0.3757493742449036,-0.5428571428571428,0.9628418817169702,0.5870925074720665
T2_select_target,llama1b:llama3b,_z_neg_subspace_residual,6,0,0.5611729227428102,-0.7142857142857143,0.9628418817169702,0.40166895897416005
T2_select_target,llama1b:llama3b,_z_neg_pair_norm_direction_rmse,6,0,0.10316429568824237,0.7142857142857143,0.9628418817169702,0.8596775860287278
T2_select_target,llama1b:llama3b,_z_neg_target_readability_z2,6,0,0.10316429568824237,0.3142857142857143,0.9628418817169702,0.8596775860287278
T2_select_target,llama1b:llama3b,_z_neg_target_readability_tail,6,0,0.10316429568824237,0.6,0.9628418817169702,0.8596775860287278
T2_select_target,llama1b:llama3b,_z_neg_target_readability_ce,6,0,0.3757493742449036,0.6,0.9628418817169702,0.5870925074720665
T2_select_target,llama1b:llama3b,_z_neg_source_to_target_kl,6,0,0.3757493742449036,0.6,0.9628418817169702,0.5870925074720665
T2_select_target,llama1b:llama3b,_z_target_readability_energy,6,0,0.5611729227428102,-0.7714285714285715,0.9628418817169702,0.40166895897416005
T2_select_target,llama1b:llama3b,_z_top_anchor_overlap,6,0,0.5611729227428102,-0.42857142857142855,0.9628418817169702,0.40166895897416005
T2_select_target,llama1b:llama3b,_z_neg_direction_entropy_gap,6,0,0.10316429568824237,0.7142857142857143,0.9628418817169702,0.8596775860287278
T2_select_target,llama1b:llama3b,_z_neg_direction_dispersion_gap,6,1,0.0,0.7142857142857143,0.9628418817169702,0.9628418817169702
T2_select_target,llama1b:llama3b,combined_hidden_direction_score,6,1,0.0,0.7142857142857143,0.9628418817169702,0.9628418817169702
T2_select_target,llama1b:llama3b,combined_hidden_js_score,6,0,0.3757493742449036,0.6,0.9628418817169702,0.5870925074720665
T2_select_target,llama1b:llama3b,combined_hidden_source_quality_score,6,1,0.0,0.7944613465542745,0.9628418817169702,0.9628418817169702
T2_select_target,llama1b:llama3b,combined_param_direction_score,6,1,0.0,0.7714285714285715,0.9628418817169702,0.9628418817169702
T2_select_target,llama1b:llama3b,combined_ratio_direction_score,6,1,0.0,0.7714285714285715,0.9628418817169702,0.9628418817169702
T2_select_target,llama1b:llama3b,pair_geometry_compatibility_score,6,0,0.3757493742449036,0.6,0.9628418817169702,0.5870925074720665
T2_select_target,llama1b:llama8b,rel_direction_l1_to_target,6,1,0.0,0.02857142857142857,0.5495745926767938,0.5495745926767938
T2_select_target,llama1b:llama8b,rel_direction_rmse_to_target,6,1,0.0,0.02857142857142857,0.5495745926767938,0.5495745926767938
T2_select_target,llama1b:llama8b,rel_magnitude_l1_to_target,6,0,0.41124649230026145,-0.14285714285714285,0.5495745926767938,0.13832810037653231
T2_select_target,llama1b:llama8b,rel_magnitude_rmse_to_target,6,0,0.5273157848658647,-0.42857142857142855,0.5495745926767938,0.022258807810928993
T2_select_target,llama1b:llama8b,memory_target_norm_gap,6,0,0.5273157848658647,-0.42857142857142855,0.5495745926767938,0.022258807810928993
T2_select_target,llama1b:llama8b,anchor_direction_js_to_target,6,0,0.3307252543840057,-0.14285714285714285,0.5495745926767938,0.21884933829278808
T2_select_target,llama1b:llama8b,target_direction_subspace_residual,6,0,0.21026847402799187,-0.02857142857142857,0.5495745926767938,0.3393061186488019
T2_select_target,llama1b:llama8b,capacity_normalized_direction_rmse,6,1,0.0,0.02857142857142857,0.5495745926767938,0.5495745926767938
T2_select_target,llama1b:llama8b,diagnostic_rel_direction_z2_mean,6,1,0.0,0.02857142857142857,0.5495745926767938,0.5495745926767938
T2_select_target,llama1b:llama8b,diagnostic_rel_magnitude_z_abs_mean,6,1,0.0,0.8285714285714286,0.5495745926767938,0.5495745926767938
T2_select_target,llama1b:llama8b,diagnostic_target_direction_std_mean,6,0,0.2307971633032352,0.08571428571428572,0.5495745926767938,0.3187774293735586
T2_select_target,llama1b:llama8b,diagnostic_target_direction_std_min,6,1,0.0,-0.02857142857142857,0.5495745926767938,0.5495745926767938
T2_select_target,llama1b:llama8b,diagnostic_target_magnitude_std_mean,6,1,0.0,0.8285714285714286,0.5495745926767938,0.5495745926767938
T2_select_target,llama1b:llama8b,diagnostic_target_magnitude_std_min,6,1,0.0,0.8285714285714286,0.5495745926767938,0.5495745926767938
T2_select_target,llama1b:llama8b,target_text_nll,6,0,0.3307252543840057,-0.08571428571428572,0.5495745926767938,0.21884933829278808
T2_select_target,llama1b:llama8b,target_minus_source_nll,6,0,0.3307252543840057,-0.08571428571428572,0.5495745926767938,0.21884933829278808
T2_select_target,llama1b:llama8b,target_hidden_size,6,0,0.3307252543840057,0.5217939320872036,0.5495745926767938,0.21884933829278808
T2_select_target,llama1b:llama8b,abs_log_hidden_ratio,6,0,0.3307252543840057,0.5217939320872036,0.5495745926767938,0.21884933829278808
T2_select_target,llama1b:llama8b,prior_same_model_family,6,0,0.2307971633032352,0.41403933560541256,0.5495745926767938,0.3187774293735586
T2_select_target,llama1b:llama8b,prior_cross_model_family,6,0,0.3307252543840057,-0.41403933560541256,0.5495745926767938,0.21884933829278808
T2_select_target,llama1b:llama8b,prior_target_param_b,6,0,0.3307252543840057,0.29424494316824984,0.5495745926767938,0.21884933829278808
T2_select_target,llama1b:llama8b,prior_log_param_ratio_target_over_source,6,0,0.3307252543840057,0.29424494316824984,0.5495745926767938,0.21884933829278808
T2_select_target,llama1b:llama8b,prior_param_tier_jump,6,0,0.2307971633032352,-0.41403933560541256,0.5495745926767938,0.3187774293735586
T2_select_target,llama1b:llama8b,pair_normalized_direction_rmse,6,1,0.0,0.02857142857142857,0.5495745926767938,0.5495745926767938
T2_select_target,llama1b:llama8b,target_readability_z2_mean,6,1,0.0,0.02857142857142857,0.5495745926767938,0.5495745926767938
T2_select_target,llama1b:llama8b,target_readability_tail_frac,6,1,0.0,0.02857142857142857,0.5495745926767938,0.5495745926767938
T2_select_target,llama1b:llama8b,target_readability_cross_entropy,6,0,0.3307252543840057,-0.14285714285714285,0.5495745926767938,0.21884933829278808
T2_select_target,llama1b:llama8b,source_to_target_anchor_kl,6,0,0.3307252543840057,-0.14285714285714285,0.5495745926767938,0.21884933829278808
T2_select_target,llama1b:llama8b,target_readability_energy,6,0,0.3307252543840057,-0.14285714285714285,0.5495745926767938,0.21884933829278808
T2_select_target,llama1b:llama8b,source_target_top_anchor_overlap,6,1,0.0,0.37142857142857144,0.5495745926767938,0.5495745926767938
T2_select_target,llama1b:llama8b,source_target_direction_entropy_gap,6,0,0.3307252543840057,-0.14285714285714285,0.5495745926767938,0.21884933829278808
T2_select_target,llama1b:llama8b,source_target_direction_dispersion_gap,6,0,0.3307252543840057,-0.08571428571428572,0.5495745926767938,0.21884933829278808
T2_select_target,llama1b:llama8b,diagnostic_source_direction_entropy_mean,6,0,0.3307252543840057,-0.37032803990902063,0.5495745926767938,0.21884933829278808
T2_select_target,llama1b:llama8b,diagnostic_target_direction_entropy,6,0,0.3307252543840057,-0.14285714285714285,0.5495745926767938,0.21884933829278808
T2_select_target,llama1b:llama8b,diagnostic_source_direction_std_mean,6,0,0.41124649230026145,-0.37032803990902063,0.5495745926767938,0.13832810037653231
T2_select_target,llama1b:llama8b,_z_target_hidden_size,6,0,0.3307252543840057,0.5217939320872036,0.5495745926767938,0.21884933829278808
T2_select_target,llama1b:llama8b,_z_prior_target_param_b,6,0,0.3307252543840057,0.29424494316824984,0.5495745926767938,0.21884933829278808
T2_select_target,llama1b:llama8b,_z_log_param_ratio,6,0,0.3307252543840057,0.29424494316824984,0.5495745926767938,0.21884933829278808
T2_select_target,llama1b:llama8b,_z_neg_direction_rmse,6,1,0.0,0.02857142857142857,0.5495745926767938,0.5495745926767938
T2_select_target,llama1b:llama8b,_z_neg_anchor_js,6,0,0.3307252543840057,-0.14285714285714285,0.5495745926767938,0.21884933829278808
T2_select_target,llama1b:llama8b,_z_neg_magnitude_rmse,6,0,0.5273157848658647,-0.42857142857142855,0.5495745926767938,0.022258807810928993
T2_select_target,llama1b:llama8b,_z_neg_subspace_residual,6,0,0.21026847402799187,-0.02857142857142857,0.5495745926767938,0.3393061186488019
T2_select_target,llama1b:llama8b,_z_neg_pair_norm_direction_rmse,6,1,0.0,0.02857142857142857,0.5495745926767938,0.5495745926767938
T2_select_target,llama1b:llama8b,_z_neg_target_readability_z2,6,1,0.0,0.02857142857142857,0.5495745926767938,0.5495745926767938
T2_select_target,llama1b:llama8b,_z_neg_target_readability_tail,6,1,0.0,0.02857142857142857,0.5495745926767938,0.5495745926767938
T2_select_target,llama1b:llama8b,_z_neg_target_readability_ce,6,0,0.3307252543840057,-0.14285714285714285,0.5495745926767938,0.21884933829278808
T2_select_target,llama1b:llama8b,_z_neg_source_to_target_kl,6,0,0.3307252543840057,-0.14285714285714285,0.5495745926767938,0.21884933829278808
T2_select_target,llama1b:llama8b,_z_target_readability_energy,6,0,0.3307252543840057,-0.14285714285714285,0.5495745926767938,0.21884933829278808
T2_select_target,llama1b:llama8b,_z_top_anchor_overlap,6,1,0.0,0.37142857142857144,0.5495745926767938,0.5495745926767938
T2_select_target,llama1b:llama8b,_z_neg_direction_entropy_gap,6,0,0.3307252543840057,-0.14285714285714285,0.5495745926767938,0.21884933829278808
T2_select_target,llama1b:llama8b,_z_neg_direction_dispersion_gap,6,0,0.3307252543840057,-0.08571428571428572,0.5495745926767938,0.21884933829278808
T2_select_target,llama1b:llama8b,combined_hidden_direction_score,6,0,0.3307252543840057,0.08571428571428572,0.5495745926767938,0.21884933829278808
T2_select_target,llama1b:llama8b,combined_hidden_js_score,6,0,0.3307252543840057,-0.08571428571428572,0.5495745926767938,0.21884933829278808
T2_select_target,llama1b:llama8b,combined_hidden_source_quality_score,6,0,0.3307252543840057,0.5217939320872036,0.5495745926767938,0.21884933829278808
T2_select_target,llama1b:llama8b,combined_param_direction_score,6,1,0.0,0.08571428571428572,0.5495745926767938,0.5495745926767938
T2_select_target,llama1b:llama8b,combined_ratio_direction_score,6,1,0.0,0.08571428571428572,0.5495745926767938,0.5495745926767938
T2_select_target,llama1b:llama8b,pair_geometry_compatibility_score,6,1,0.0,0.02857142857142857,0.5495745926767938,0.5495745926767938
T2_select_target,llama1b:mistral7b,rel_direction_l1_to_target,6,1,0.0,0.42857142857142855,0.9000344459371017,0.9000344459371017
T2_select_target,llama1b:mistral7b,rel_direction_rmse_to_target,6,1,0.0,0.42857142857142855,0.9000344459371017,0.9000344459371017
T2_select_target,llama1b:mistral7b,rel_magnitude_l1_to_target,6,0,0.5733800496518995,-0.8857142857142857,0.9000344459371017,0.32665439628520215
T2_select_target,llama1b:mistral7b,rel_magnitude_rmse_to_target,6,0,0.5733800496518995,-0.8857142857142857,0.9000344459371017,0.32665439628520215
T2_select_target,llama1b:mistral7b,memory_target_norm_gap,6,0,0.7913633788266605,-0.7714285714285715,0.9000344459371017,0.10867106711044118
T2_select_target,llama1b:mistral7b,anchor_direction_js_to_target,6,0,0.10356289509268268,0.37142857142857144,0.9000344459371017,0.796471550844419
T2_select_target,llama1b:mistral7b,target_direction_subspace_residual,6,0,0.36648020136607296,-0.42857142857142855,0.9000344459371017,0.5335542445710287
T2_select_target,llama1b:mistral7b,capacity_normalized_direction_rmse,6,1,0.0,0.42857142857142855,0.9000344459371017,0.9000344459371017
T2_select_target,llama1b:mistral7b,diagnostic_rel_direction_z2_mean,6,0,0.7913633788266605,-0.4857142857142857,0.9000344459371017,0.10867106711044118
T2_select_target,llama1b:mistral7b,diagnostic_rel_magnitude_z_abs_mean,6,1,0.0,0.7714285714285715,0.9000344459371017,0.9000344459371017
T2_select_target,llama1b:mistral7b,diagnostic_target_direction_std_mean,6,0,0.5733800496518995,-0.7714285714285715,0.9000344459371017,0.32665439628520215
T2_select_target,llama1b:mistral7b,diagnostic_target_direction_std_min,6,0,0.5733800496518995,-0.9428571428571428,0.9000344459371017,0.32665439628520215
T2_select_target,llama1b:mistral7b,diagnostic_target_magnitude_std_mean,6,1,0.0,0.7714285714285715,0.9000344459371017,0.9000344459371017
T2_select_target,llama1b:mistral7b,diagnostic_target_magnitude_std_min,6,1,0.0,0.7714285714285715,0.9000344459371017,0.9000344459371017
T2_select_target,llama1b:mistral7b,target_text_nll,6,1,0.0,0.2571428571428571,0.9000344459371017,0.9000344459371017
T2_select_target,llama1b:mistral7b,target_minus_source_nll,6,1,0.0,0.2571428571428571,0.9000344459371017,0.9000344459371017
T2_select_target,llama1b:mistral7b,target_hidden_size,6,0,0.10356289509268268,0.8406680016960503,0.9000344459371017,0.796471550844419
T2_select_target,llama1b:mistral7b,abs_log_hidden_ratio,6,0,0.10356289509268268,0.8406680016960503,0.9000344459371017,0.796471550844419
T2_select_target,llama1b:mistral7b,prior_target_param_b,6,0,0.10356289509268268,0.6377481392176932,0.9000344459371017,0.796471550844419
T2_select_target,llama1b:mistral7b,prior_log_param_ratio_target_over_source,6,0,0.10356289509268268,0.6377481392176932,0.9000344459371017,0.796471550844419
T2_select_target,llama1b:mistral7b,prior_param_tier_jump,6,0,0.448535396175631,-0.8280786712108251,0.9000344459371017,0.4514990497614707
T2_select_target,llama1b:mistral7b,pair_normalized_direction_rmse,6,1,0.0,0.42857142857142855,0.9000344459371017,0.9000344459371017
T2_select_target,llama1b:mistral7b,target_readability_z2_mean,6,0,0.7913633788266605,-0.4857142857142857,0.9000344459371017,0.10867106711044118
T2_select_target,llama1b:mistral7b,target_readability_tail_frac,6,0,0.5733800496518995,-0.46381682852195877,0.9000344459371017,0.32665439628520215
T2_select_target,llama1b:mistral7b,target_readability_cross_entropy,6,0,0.10356289509268268,0.42857142857142855,0.9000344459371017,0.796471550844419
T2_select_target,llama1b:mistral7b,source_to_target_anchor_kl,6,0,0.10356289509268268,0.42857142857142855,0.9000344459371017,0.796471550844419
T2_select_target,llama1b:mistral7b,target_readability_energy,6,0,0.36648020136607296,0.4857142857142857,0.9000344459371017,0.5335542445710287
T2_select_target,llama1b:mistral7b,source_target_top_anchor_overlap,6,0,0.5733800496518995,-0.6,0.9000344459371017,0.32665439628520215
T2_select_target,llama1b:mistral7b,source_target_direction_entropy_gap,6,1,0.0,0.42857142857142855,0.9000344459371017,0.9000344459371017
T2_select_target,llama1b:mistral7b,source_target_direction_dispersion_gap,6,0,0.10356289509268268,0.7714285714285715,0.9000344459371017,0.796471550844419
T2_select_target,llama1b:mistral7b,diagnostic_source_direction_entropy_mean,6,0,0.5733800496518995,-0.29277002188455997,0.9000344459371017,0.32665439628520215
T2_select_target,llama1b:mistral7b,diagnostic_target_direction_entropy,6,0,0.10356289509268268,0.37142857142857144,0.9000344459371017,0.796471550844419
T2_select_target,llama1b:mistral7b,diagnostic_source_direction_std_mean,6,0,0.5733800496518995,-0.29277002188455997,0.9000344459371017,0.32665439628520215
T2_select_target,llama1b:mistral7b,_z_target_hidden_size,6,0,0.10356289509268268,0.8406680016960503,0.9000344459371017,0.796471550844419
T2_select_target,llama1b:mistral7b,_z_prior_target_param_b,6,0,0.10356289509268268,0.6377481392176932,0.9000344459371017,0.796471550844419
T2_select_target,llama1b:mistral7b,_z_log_param_ratio,6,0,0.10356289509268268,0.6377481392176932,0.9000344459371017,0.796471550844419
T2_select_target,llama1b:mistral7b,_z_neg_direction_rmse,6,1,0.0,0.42857142857142855,0.9000344459371017,0.9000344459371017
T2_select_target,llama1b:mistral7b,_z_neg_anchor_js,6,0,0.10356289509268268,0.37142857142857144,0.9000344459371017,0.796471550844419
T2_select_target,llama1b:mistral7b,_z_neg_magnitude_rmse,6,0,0.5733800496518995,-0.8857142857142857,0.9000344459371017,0.32665439628520215
T2_select_target,llama1b:mistral7b,_z_neg_subspace_residual,6,0,0.36648020136607296,-0.42857142857142855,0.9000344459371017,0.5335542445710287
T2_select_target,llama1b:mistral7b,_z_neg_pair_norm_direction_rmse,6,1,0.0,0.42857142857142855,0.9000344459371017,0.9000344459371017
T2_select_target,llama1b:mistral7b,_z_neg_target_readability_z2,6,0,0.7913633788266605,-0.4857142857142857,0.9000344459371017,0.10867106711044118
T2_select_target,llama1b:mistral7b,_z_neg_target_readability_tail,6,0,0.5733800496518995,-0.46381682852195877,0.9000344459371017,0.32665439628520215
T2_select_target,llama1b:mistral7b,_z_neg_target_readability_ce,6,0,0.10356289509268268,0.42857142857142855,0.9000344459371017,0.796471550844419
T2_select_target,llama1b:mistral7b,_z_neg_source_to_target_kl,6,0,0.10356289509268268,0.42857142857142855,0.9000344459371017,0.796471550844419
T2_select_target,llama1b:mistral7b,_z_target_readability_energy,6,0,0.36648020136607296,0.4857142857142857,0.9000344459371017,0.5335542445710287
T2_select_target,llama1b:mistral7b,_z_top_anchor_overlap,6,0,0.5733800496518995,-0.6,0.9000344459371017,0.32665439628520215
T2_select_target,llama1b:mistral7b,_z_neg_direction_entropy_gap,6,1,0.0,0.42857142857142855,0.9000344459371017,0.9000344459371017
T2_select_target,llama1b:mistral7b,_z_neg_direction_dispersion_gap,6,0,0.10356289509268268,0.7714285714285715,0.9000344459371017,0.796471550844419
T2_select_target,llama1b:mistral7b,combined_hidden_direction_score,6,0,0.10356289509268268,0.5428571428571428,0.9000344459371017,0.796471550844419
T2_select_target,llama1b:mistral7b,combined_hidden_js_score,6,0,0.10356289509268268,0.7714285714285715,0.9000344459371017,0.796471550844419
T2_select_target,llama1b:mistral7b,combined_hidden_source_quality_score,6,0,0.10356289509268268,0.8406680016960503,0.9000344459371017,0.796471550844419
T2_select_target,llama1b:mistral7b,combined_param_direction_score,6,0,0.10356289509268268,0.42857142857142855,0.9000344459371017,0.796471550844419
T2_select_target,llama1b:mistral7b,combined_ratio_direction_score,6,1,0.0,0.4857142857142857,0.9000344459371017,0.9000344459371017
T2_select_target,llama1b:mistral7b,pair_geometry_compatibility_score,6,1,0.0,0.42857142857142855,0.9000344459371017,0.9000344459371017
T2_select_target,llama1b:qwen1.5b,rel_direction_l1_to_target,6,1,0.0,0.7714285714285715,1.4756363886879542,1.4756363886879542
T2_select_target,llama1b:qwen1.5b,rel_direction_rmse_to_target,6,1,0.0,0.7714285714285715,1.4756363886879542,1.4756363886879542
T2_select_target,llama1b:qwen1.5b,rel_magnitude_l1_to_target,6,0,0.847099793222104,-0.02857142857142857,1.4756363886879542,0.6285365954658502
T2_select_target,llama1b:qwen1.5b,rel_magnitude_rmse_to_target,6,0,0.847099793222104,-0.2571428571428571,1.4756363886879542,0.6285365954658502
T2_select_target,llama1b:qwen1.5b,memory_target_norm_gap,6,0,0.8712240887565129,-0.6,1.4756363886879542,0.6044122999314413
T2_select_target,llama1b:qwen1.5b,anchor_direction_js_to_target,6,1,0.0,0.7142857142857143,1.4756363886879542,1.4756363886879542
T2_select_target,llama1b:qwen1.5b,target_direction_subspace_residual,6,0,0.8712240887565129,-0.7714285714285715,1.4756363886879542,0.6044122999314413
T2_select_target,llama1b:qwen1.5b,capacity_normalized_direction_rmse,6,1,0.0,0.7714285714285715,1.4756363886879542,1.4756363886879542
T2_select_target,llama1b:qwen1.5b,diagnostic_rel_direction_z2_mean,6,0,0.46555300402448085,0.3142857142857143,1.4756363886879542,1.0100833846634734
T2_select_target,llama1b:qwen1.5b,diagnostic_rel_magnitude_z_abs_mean,6,1,0.0,0.42857142857142855,1.4756363886879542,1.4756363886879542
T2_select_target,llama1b:qwen1.5b,diagnostic_target_direction_std_mean,6,0,0.9599850501494419,-0.6571428571428571,1.4756363886879542,0.5156513385385123
T2_select_target,llama1b:qwen1.5b,diagnostic_target_direction_std_min,6,0,1.4537353359385812,-0.8285714285714286,1.4756363886879542,0.02190105274937308
T2_select_target,llama1b:qwen1.5b,diagnostic_target_magnitude_std_mean,6,1,0.0,0.42857142857142855,1.4756363886879542,1.4756363886879542
T2_select_target,llama1b:qwen1.5b,diagnostic_target_magnitude_std_min,6,1,0.0,0.42857142857142855,1.4756363886879542,1.4756363886879542
T2_select_target,llama1b:qwen1.5b,target_text_nll,6,0,0.847099793222104,0.42857142857142855,1.4756363886879542,0.6285365954658502
T2_select_target,llama1b:qwen1.5b,target_minus_source_nll,6,0,0.847099793222104,0.42857142857142855,1.4756363886879542,0.6285365954658502
T2_select_target,llama1b:qwen1.5b,target_hidden_size,6,0,0.46555300402448085,0.7944613465542745,1.4756363886879542,1.0100833846634734
T2_select_target,llama1b:qwen1.5b,abs_log_hidden_ratio,6,0,0.9599850501494419,-0.7944613465542745,1.4756363886879542,0.5156513385385123
T2_select_target,llama1b:qwen1.5b,prior_same_model_family,6,0,1.4537353359385812,0.0,1.4756363886879542,0.02190105274937308
T2_select_target,llama1b:qwen1.5b,prior_cross_model_family,6,0,0.9599850501494419,0.0,1.4756363886879542,0.5156513385385123
T2_select_target,llama1b:qwen1.5b,prior_target_param_b,6,0,0.46555300402448085,0.7944613465542745,1.4756363886879542,1.0100833846634734
T2_select_target,llama1b:qwen1.5b,prior_log_param_ratio_target_over_source,6,0,0.46555300402448085,0.7944613465542745,1.4756363886879542,1.0100833846634734
T2_select_target,llama1b:qwen1.5b,prior_param_tier_jump,6,0,0.46555300402448085,0.8783100656536799,1.4756363886879542,1.0100833846634734
T2_select_target,llama1b:qwen1.5b,pair_normalized_direction_rmse,6,1,0.0,0.7714285714285715,1.4756363886879542,1.4756363886879542
T2_select_target,llama1b:qwen1.5b,target_readability_z2_mean,6,0,0.46555300402448085,0.3142857142857143,1.4756363886879542,1.0100833846634734
T2_select_target,llama1b:qwen1.5b,target_readability_tail_frac,6,0,0.46555300402448085,0.7142857142857143,1.4756363886879542,1.0100833846634734
T2_select_target,llama1b:qwen1.5b,target_readability_cross_entropy,6,0,0.847099793222104,0.5428571428571428,1.4756363886879542,0.6285365954658502
T2_select_target,llama1b:qwen1.5b,source_to_target_anchor_kl,6,0,0.847099793222104,0.6,1.4756363886879542,0.6285365954658502
T2_select_target,llama1b:qwen1.5b,target_readability_energy,6,0,0.9599850501494419,-0.8285714285714286,1.4756363886879542,0.5156513385385123
T2_select_target,llama1b:qwen1.5b,source_target_top_anchor_overlap,6,0,0.46555300402448085,-0.42857142857142855,1.4756363886879542,1.0100833846634734
T2_select_target,llama1b:qwen1.5b,source_target_direction_entropy_gap,6,1,0.0,0.7714285714285715,1.4756363886879542,1.4756363886879542
T2_select_target,llama1b:qwen1.5b,source_target_direction_dispersion_gap,6,0,0.46555300402448085,0.6571428571428571,1.4756363886879542,1.0100833846634734
T2_select_target,llama1b:qwen1.5b,diagnostic_source_direction_entropy_mean,6,0,1.4537353359385812,-0.06172133998483677,1.4756363886879542,0.02190105274937308
T2_select_target,llama1b:qwen1.5b,diagnostic_target_direction_entropy,6,0,0.847099793222104,0.5428571428571428,1.4756363886879542,0.6285365954658502
T2_select_target,llama1b:qwen1.5b,diagnostic_source_direction_std_mean,6,0,1.4537353359385812,-0.06172133998483677,1.4756363886879542,0.02190105274937308
T2_select_target,llama1b:qwen1.5b,_z_target_hidden_size,6,0,0.46555300402448085,0.7944613465542745,1.4756363886879542,1.0100833846634734
T2_select_target,llama1b:qwen1.5b,_z_prior_target_param_b,6,0,0.46555300402448085,0.7944613465542745,1.4756363886879542,1.0100833846634734
T2_select_target,llama1b:qwen1.5b,_z_log_param_ratio,6,0,0.46555300402448085,0.7944613465542745,1.4756363886879542,1.0100833846634734
T2_select_target,llama1b:qwen1.5b,_z_neg_direction_rmse,6,1,0.0,0.7714285714285715,1.4756363886879542,1.4756363886879542
T2_select_target,llama1b:qwen1.5b,_z_neg_anchor_js,6,1,0.0,0.7142857142857143,1.4756363886879542,1.4756363886879542
T2_select_target,llama1b:qwen1.5b,_z_neg_magnitude_rmse,6,0,0.847099793222104,-0.2571428571428571,1.4756363886879542,0.6285365954658502
T2_select_target,llama1b:qwen1.5b,_z_neg_subspace_residual,6,0,0.8712240887565129,-0.7714285714285715,1.4756363886879542,0.6044122999314413
T2_select_target,llama1b:qwen1.5b,_z_neg_pair_norm_direction_rmse,6,1,0.0,0.7714285714285715,1.4756363886879542,1.4756363886879542
T2_select_target,llama1b:qwen1.5b,_z_neg_target_readability_z2,6,0,0.46555300402448085,0.3142857142857143,1.4756363886879542,1.0100833846634734
T2_select_target,llama1b:qwen1.5b,_z_neg_target_readability_tail,6,0,0.46555300402448085,0.7142857142857143,1.4756363886879542,1.0100833846634734
T2_select_target,llama1b:qwen1.5b,_z_neg_target_readability_ce,6,0,0.847099793222104,0.5428571428571428,1.4756363886879542,0.6285365954658502
T2_select_target,llama1b:qwen1.5b,_z_neg_source_to_target_kl,6,0,0.847099793222104,0.6,1.4756363886879542,0.6285365954658502
T2_select_target,llama1b:qwen1.5b,_z_target_readability_energy,6,0,0.9599850501494419,-0.8285714285714286,1.4756363886879542,0.5156513385385123
T2_select_target,llama1b:qwen1.5b,_z_top_anchor_overlap,6,0,0.46555300402448085,-0.42857142857142855,1.4756363886879542,1.0100833846634734
T2_select_target,llama1b:qwen1.5b,_z_neg_direction_entropy_gap,6,1,0.0,0.7714285714285715,1.4756363886879542,1.4756363886879542
T2_select_target,llama1b:qwen1.5b,_z_neg_direction_dispersion_gap,6,0,0.46555300402448085,0.6571428571428571,1.4756363886879542,1.0100833846634734
T2_select_target,llama1b:qwen1.5b,combined_hidden_direction_score,6,0,0.46555300402448085,0.6571428571428571,1.4756363886879542,1.0100833846634734
T2_select_target,llama1b:qwen1.5b,combined_hidden_js_score,6,0,0.847099793222104,0.7142857142857143,1.4756363886879542,0.6285365954658502
T2_select_target,llama1b:qwen1.5b,combined_hidden_source_quality_score,6,0,0.46555300402448085,0.7944613465542745,1.4756363886879542,1.0100833846634734
T2_select_target,llama1b:qwen1.5b,combined_param_direction_score,6,0,0.46555300402448085,0.7714285714285715,1.4756363886879542,1.0100833846634734
T2_select_target,llama1b:qwen1.5b,combined_ratio_direction_score,6,0,0.46555300402448085,0.7714285714285715,1.4756363886879542,1.0100833846634734
T2_select_target,llama1b:qwen1.5b,pair_geometry_compatibility_score,6,0,0.46555300402448085,0.6,1.4756363886879542,1.0100833846634734
T2_select_target,llama1b:qwen3b,rel_direction_l1_to_target,6,1,0.0,0.7714285714285715,1.3657228479900794,1.3657228479900794
T2_select_target,llama1b:qwen3b,rel_direction_rmse_to_target,6,1,0.0,0.7714285714285715,1.3657228479900794,1.3657228479900794
T2_select_target,llama1b:qwen3b,rel_magnitude_l1_to_target,6,0,0.6717450778447304,0.02857142857142857,1.3657228479900794,0.693977770145349
T2_select_target,llama1b:qwen3b,rel_magnitude_rmse_to_target,6,0,0.6717450778447304,-0.2571428571428571,1.3657228479900794,0.693977770145349
T2_select_target,llama1b:qwen3b,memory_target_norm_gap,6,0,0.6994779722561772,-0.6,1.3657228479900794,0.6662448757339021
T2_select_target,llama1b:qwen3b,anchor_direction_js_to_target,6,0,0.6717450778447304,0.7714285714285715,1.3657228479900794,0.693977770145349
T2_select_target,llama1b:qwen3b,target_direction_subspace_residual,6,0,0.6994779722561772,-0.7714285714285715,1.3657228479900794,0.6662448757339021
T2_select_target,llama1b:qwen3b,capacity_normalized_direction_rmse,6,1,0.0,0.7714285714285715,1.3657228479900794,1.3657228479900794
T2_select_target,llama1b:qwen3b,diagnostic_rel_direction_z2_mean,6,0,0.25172213090036055,0.3142857142857143,1.3657228479900794,1.1140007170897188
T2_select_target,llama1b:qwen3b,diagnostic_rel_magnitude_z_abs_mean,6,1,0.0,0.42857142857142855,1.3657228479900794,1.3657228479900794
T2_select_target,llama1b:qwen3b,diagnostic_target_direction_std_mean,6,0,1.0404414311948744,-0.7714285714285715,1.3657228479900794,0.32528141679520495
T2_select_target,llama1b:qwen3b,diagnostic_target_direction_std_min,6,0,1.0537592260621857,-0.8285714285714286,1.3657228479900794,0.3119636219278935
T2_select_target,llama1b:qwen3b,diagnostic_target_magnitude_std_mean,6,1,0.0,0.42857142857142855,1.3657228479900794,1.3657228479900794
T2_select_target,llama1b:qwen3b,diagnostic_target_magnitude_std_min,6,1,0.0,0.42857142857142855,1.3657228479900794,1.3657228479900794
T2_select_target,llama1b:qwen3b,target_text_nll,6,0,0.6717450778447304,0.6571428571428571,1.3657228479900794,0.693977770145349
T2_select_target,llama1b:qwen3b,target_minus_source_nll,6,0,0.6717450778447304,0.6571428571428571,1.3657228479900794,0.693977770145349
T2_select_target,llama1b:qwen3b,target_hidden_size,6,0,0.25172213090036055,0.8116794499134278,1.3657228479900794,1.1140007170897188
T2_select_target,llama1b:qwen3b,abs_log_hidden_ratio,6,0,1.0404414311948744,-0.753702346348183,1.3657228479900794,0.32528141679520495
T2_select_target,llama1b:qwen3b,prior_same_model_family,6,0,1.0537592260621857,0.0,1.3657228479900794,0.3119636219278935
T2_select_target,llama1b:qwen3b,prior_cross_model_family,6,0,1.0404414311948744,0.0,1.3657228479900794,0.32528141679520495
T2_select_target,llama1b:qwen3b,prior_target_param_b,6,0,0.25172213090036055,0.8406680016960503,1.3657228479900794,1.1140007170897188
T2_select_target,llama1b:qwen3b,prior_log_param_ratio_target_over_source,6,0,0.25172213090036055,0.8406680016960503,1.3657228479900794,1.1140007170897188
T2_select_target,llama1b:qwen3b,prior_param_tier_jump,6,0,0.25172213090036055,0.33806170189140666,1.3657228479900794,1.1140007170897188
T2_select_target,llama1b:qwen3b,pair_normalized_direction_rmse,6,1,0.0,0.7714285714285715,1.3657228479900794,1.3657228479900794
T2_select_target,llama1b:qwen3b,target_readability_z2_mean,6,0,0.25172213090036055,0.3142857142857143,1.3657228479900794,1.1140007170897188
T2_select_target,llama1b:qwen3b,target_readability_tail_frac,6,0,0.25172213090036055,0.6,1.3657228479900794,1.1140007170897188
T2_select_target,llama1b:qwen3b,target_readability_cross_entropy,6,0,0.6717450778447304,0.7142857142857143,1.3657228479900794,0.693977770145349
T2_select_target,llama1b:qwen3b,source_to_target_anchor_kl,6,0,0.6717450778447304,0.7714285714285715,1.3657228479900794,0.693977770145349
T2_select_target,llama1b:qwen3b,target_readability_energy,6,0,1.0537592260621857,-1.0,1.3657228479900794,0.3119636219278935
T2_select_target,llama1b:qwen3b,source_target_top_anchor_overlap,6,0,0.6994779722561772,0.02857142857142857,1.3657228479900794,0.6662448757339021
T2_select_target,llama1b:qwen3b,source_target_direction_entropy_gap,6,0,0.6717450778447304,0.7714285714285715,1.3657228479900794,0.693977770145349
T2_select_target,llama1b:qwen3b,source_target_direction_dispersion_gap,6,0,0.6717450778447304,0.6,1.3657228479900794,0.693977770145349
T2_select_target,llama1b:qwen3b,diagnostic_source_direction_entropy_mean,6,0,0.6717450778447304,0.12344267996967354,1.3657228479900794,0.693977770145349
T2_select_target,llama1b:qwen3b,diagnostic_target_direction_entropy,6,0,0.6717450778447304,0.7142857142857143,1.3657228479900794,0.693977770145349
T2_select_target,llama1b:qwen3b,diagnostic_source_direction_std_mean,6,0,1.0537592260621857,0.06172133998483677,1.3657228479900794,0.3119636219278935
T2_select_target,llama1b:qwen3b,_z_target_hidden_size,6,0,0.25172213090036055,0.8116794499134278,1.3657228479900794,1.1140007170897188
T2_select_target,llama1b:qwen3b,_z_prior_target_param_b,6,0,0.25172213090036055,0.8406680016960503,1.3657228479900794,1.1140007170897188
T2_select_target,llama1b:qwen3b,_z_log_param_ratio,6,0,0.25172213090036055,0.8406680016960503,1.3657228479900794,1.1140007170897188
T2_select_target,llama1b:qwen3b,_z_neg_direction_rmse,6,1,0.0,0.7714285714285715,1.3657228479900794,1.3657228479900794
T2_select_target,llama1b:qwen3b,_z_neg_anchor_js,6,0,0.6717450778447304,0.7714285714285715,1.3657228479900794,0.693977770145349
T2_select_target,llama1b:qwen3b,_z_neg_magnitude_rmse,6,0,0.6717450778447304,-0.2571428571428571,1.3657228479900794,0.693977770145349
T2_select_target,llama1b:qwen3b,_z_neg_subspace_residual,6,0,0.6994779722561772,-0.7714285714285715,1.3657228479900794,0.6662448757339021
T2_select_target,llama1b:qwen3b,_z_neg_pair_norm_direction_rmse,6,1,0.0,0.7714285714285715,1.3657228479900794,1.3657228479900794
T2_select_target,llama1b:qwen3b,_z_neg_target_readability_z2,6,0,0.25172213090036055,0.3142857142857143,1.3657228479900794,1.1140007170897188
T2_select_target,llama1b:qwen3b,_z_neg_target_readability_tail,6,0,0.25172213090036055,0.6,1.3657228479900794,1.1140007170897188
T2_select_target,llama1b:qwen3b,_z_neg_target_readability_ce,6,0,0.6717450778447304,0.7142857142857143,1.3657228479900794,0.693977770145349
T2_select_target,llama1b:qwen3b,_z_neg_source_to_target_kl,6,0,0.6717450778447304,0.7714285714285715,1.3657228479900794,0.693977770145349
T2_select_target,llama1b:qwen3b,_z_target_readability_energy,6,0,1.0537592260621857,-1.0,1.3657228479900794,0.3119636219278935
T2_select_target,llama1b:qwen3b,_z_top_anchor_overlap,6,0,0.6994779722561772,0.02857142857142857,1.3657228479900794,0.6662448757339021
T2_select_target,llama1b:qwen3b,_z_neg_direction_entropy_gap,6,0,0.6717450778447304,0.7714285714285715,1.3657228479900794,0.693977770145349
T2_select_target,llama1b:qwen3b,_z_neg_direction_dispersion_gap,6,0,0.6717450778447304,0.6,1.3657228479900794,0.693977770145349
T2_select_target,llama1b:qwen3b,combined_hidden_direction_score,6,0,0.25172213090036055,0.8285714285714286,1.3657228479900794,1.1140007170897188
T2_select_target,llama1b:qwen3b,combined_hidden_js_score,6,0,0.6717450778447304,0.7714285714285715,1.3657228479900794,0.693977770145349
T2_select_target,llama1b:qwen3b,combined_hidden_source_quality_score,6,0,0.25172213090036055,0.8116794499134278,1.3657228479900794,1.1140007170897188
T2_select_target,llama1b:qwen3b,combined_param_direction_score,6,0,0.25172213090036055,0.7714285714285715,1.3657228479900794,1.1140007170897188
T2_select_target,llama1b:qwen3b,combined_ratio_direction_score,6,1,0.0,0.8285714285714286,1.3657228479900794,1.3657228479900794
T2_select_target,llama1b:qwen3b,pair_geometry_compatibility_score,6,0,0.25172213090036055,0.6,1.3657228479900794,1.1140007170897188
T2_select_target,llama1b:qwen7b,rel_direction_l1_to_target,6,1,0.0,0.2,0.8727368004927692,0.8727368004927692
T2_select_target,llama1b:qwen7b,rel_direction_rmse_to_target,6,1,0.0,0.2,0.8727368004927692,0.8727368004927692
T2_select_target,llama1b:qwen7b,rel_magnitude_l1_to_target,6,0,0.38433159647551346,0.5428571428571428,0.8727368004927692,0.4884052040172558
T2_select_target,llama1b:qwen7b,rel_magnitude_rmse_to_target,6,0,0.5573963406190898,0.5428571428571428,0.8727368004927692,0.3153404598736794
T2_select_target,llama1b:qwen7b,memory_target_norm_gap,6,0,0.3776529924683026,-0.3142857142857143,0.8727368004927692,0.49508380802446667
T2_select_target,llama1b:qwen7b,anchor_direction_js_to_target,6,1,0.0,0.42857142857142855,0.8727368004927692,0.8727368004927692
T2_select_target,llama1b:qwen7b,target_direction_subspace_residual,6,0,0.3776529924683026,-0.2571428571428571,0.8727368004927692,0.49508380802446667
T2_select_target,llama1b:qwen7b,capacity_normalized_direction_rmse,6,1,0.0,0.2,0.8727368004927692,0.8727368004927692
T2_select_target,llama1b:qwen7b,diagnostic_rel_direction_z2_mean,6,1,0.0,0.2,0.8727368004927692,0.8727368004927692
T2_select_target,llama1b:qwen7b,diagnostic_rel_magnitude_z_abs_mean,6,0,0.6944374425868063,-0.4857142857142857,0.8727368004927692,0.178299357905963
T2_select_target,llama1b:qwen7b,diagnostic_target_direction_std_mean,6,0,0.5573963406190898,-0.4857142857142857,0.8727368004927692,0.3153404598736794
T2_select_target,llama1b:qwen7b,diagnostic_target_direction_std_min,6,0,0.6941329774268581,-0.8857142857142857,0.8727368004927692,0.1786038230659112
T2_select_target,llama1b:qwen7b,diagnostic_target_magnitude_std_mean,6,0,0.6944374425868063,-0.4857142857142857,0.8727368004927692,0.178299357905963
T2_select_target,llama1b:qwen7b,diagnostic_target_magnitude_std_min,6,0,0.6944374425868063,-0.4857142857142857,0.8727368004927692,0.178299357905963
T2_select_target,llama1b:qwen7b,target_text_nll,6,0,0.38433159647551346,-0.08571428571428572,0.8727368004927692,0.4884052040172558
T2_select_target,llama1b:qwen7b,target_minus_source_nll,6,0,0.38433159647551346,-0.08571428571428572,0.8727368004927692,0.4884052040172558
T2_select_target,llama1b:qwen7b,target_hidden_size,6,1,0.0,0.7944613465542745,0.8727368004927692,0.8727368004927692
T2_select_target,llama1b:qwen7b,abs_log_hidden_ratio,6,1,0.0,0.7944613465542745,0.8727368004927692,0.8727368004927692
T2_select_target,llama1b:qwen7b,prior_same_model_family,6,0,0.6941329774268581,-0.8280786712108251,0.8727368004927692,0.1786038230659112
T2_select_target,llama1b:qwen7b,prior_cross_model_family,6,0,0.5573963406190898,0.8280786712108251,0.8727368004927692,0.3153404598736794
T2_select_target,llama1b:qwen7b,prior_target_param_b,6,1,0.0,0.6087595874350709,0.8727368004927692,0.8727368004927692
T2_select_target,llama1b:qwen7b,prior_log_param_ratio_target_over_source,6,1,0.0,0.6087595874350709,0.8727368004927692,0.8727368004927692
T2_select_target,llama1b:qwen7b,prior_param_tier_jump,6,0,0.5573963406190898,-0.6210590034081188,0.8727368004927692,0.3153404598736794
T2_select_target,llama1b:qwen7b,pair_normalized_direction_rmse,6,1,0.0,0.2,0.8727368004927692,0.8727368004927692
T2_select_target,llama1b:qwen7b,target_readability_z2_mean,6,1,0.0,0.2,0.8727368004927692,0.8727368004927692
T2_select_target,llama1b:qwen7b,target_readability_tail_frac,6,1,0.0,0.2,0.8727368004927692,0.8727368004927692
T2_select_target,llama1b:qwen7b,target_readability_cross_entropy,6,1,0.0,0.42857142857142855,0.8727368004927692,0.8727368004927692
T2_select_target,llama1b:qwen7b,source_to_target_anchor_kl,6,1,0.0,0.42857142857142855,0.8727368004927692,0.8727368004927692
T2_select_target,llama1b:qwen7b,target_readability_energy,6,0,0.3776529924683026,0.8857142857142857,0.8727368004927692,0.49508380802446667
T2_select_target,llama1b:qwen7b,source_target_top_anchor_overlap,6,1,0.0,0.9428571428571428,0.8727368004927692,0.8727368004927692
T2_select_target,llama1b:qwen7b,source_target_direction_entropy_gap,6,1,0.0,0.42857142857142855,0.8727368004927692,0.8727368004927692
T2_select_target,llama1b:qwen7b,source_target_direction_dispersion_gap,6,0,0.38433159647551346,0.42857142857142855,0.8727368004927692,0.4884052040172558
T2_select_target,llama1b:qwen7b,diagnostic_source_direction_entropy_mean,6,0,0.5573963406190898,0.49377071987869414,0.8727368004927692,0.3153404598736794
T2_select_target,llama1b:qwen7b,diagnostic_target_direction_entropy,6,0,0.38433159647551346,0.3142857142857143,0.8727368004927692,0.4884052040172558
T2_select_target,llama1b:qwen7b,diagnostic_source_direction_std_mean,6,0,0.38433159647551346,0.6789347398332045,0.8727368004927692,0.4884052040172558
T2_select_target,llama1b:qwen7b,_z_target_hidden_size,6,1,0.0,0.7944613465542745,0.8727368004927692,0.8727368004927692
T2_select_target,llama1b:qwen7b,_z_prior_target_param_b,6,1,0.0,0.6087595874350709,0.8727368004927692,0.8727368004927692
T2_select_target,llama1b:qwen7b,_z_log_param_ratio,6,1,0.0,0.6087595874350709,0.8727368004927692,0.8727368004927692
T2_select_target,llama1b:qwen7b,_z_neg_direction_rmse,6,1,0.0,0.2,0.8727368004927692,0.8727368004927692
T2_select_target,llama1b:qwen7b,_z_neg_anchor_js,6,1,0.0,0.42857142857142855,0.8727368004927692,0.8727368004927692
T2_select_target,llama1b:qwen7b,_z_neg_magnitude_rmse,6,0,0.5573963406190898,0.5428571428571428,0.8727368004927692,0.3153404598736794
T2_select_target,llama1b:qwen7b,_z_neg_subspace_residual,6,0,0.3776529924683026,-0.2571428571428571,0.8727368004927692,0.49508380802446667
T2_select_target,llama1b:qwen7b,_z_neg_pair_norm_direction_rmse,6,1,0.0,0.2,0.8727368004927692,0.8727368004927692
T2_select_target,llama1b:qwen7b,_z_neg_target_readability_z2,6,1,0.0,0.2,0.8727368004927692,0.8727368004927692
T2_select_target,llama1b:qwen7b,_z_neg_target_readability_tail,6,1,0.0,0.2,0.8727368004927692,0.8727368004927692
T2_select_target,llama1b:qwen7b,_z_neg_target_readability_ce,6,1,0.0,0.42857142857142855,0.8727368004927692,0.8727368004927692
T2_select_target,llama1b:qwen7b,_z_neg_source_to_target_kl,6,1,0.0,0.42857142857142855,0.8727368004927692,0.8727368004927692
T2_select_target,llama1b:qwen7b,_z_target_readability_energy,6,0,0.3776529924683026,0.8857142857142857,0.8727368004927692,0.49508380802446667
T2_select_target,llama1b:qwen7b,_z_top_anchor_overlap,6,1,0.0,0.9428571428571428,0.8727368004927692,0.8727368004927692
T2_select_target,llama1b:qwen7b,_z_neg_direction_entropy_gap,6,1,0.0,0.42857142857142855,0.8727368004927692,0.8727368004927692
T2_select_target,llama1b:qwen7b,_z_neg_direction_dispersion_gap,6,0,0.38433159647551346,0.42857142857142855,0.8727368004927692,0.4884052040172558
T2_select_target,llama1b:qwen7b,combined_hidden_direction_score,6,1,0.0,0.5428571428571428,0.8727368004927692,0.8727368004927692
T2_select_target,llama1b:qwen7b,combined_hidden_js_score,6,1,0.0,0.7714285714285715,0.8727368004927692,0.8727368004927692
T2_select_target,llama1b:qwen7b,combined_hidden_source_quality_score,6,1,0.0,0.7944613465542745,0.8727368004927692,0.8727368004927692
T2_select_target,llama1b:qwen7b,combined_param_direction_score,6,1,0.0,0.3142857142857143,0.8727368004927692,0.8727368004927692
T2_select_target,llama1b:qwen7b,combined_ratio_direction_score,6,1,0.0,0.3142857142857143,0.8727368004927692,0.8727368004927692
T2_select_target,llama1b:qwen7b,pair_geometry_compatibility_score,6,1,0.0,0.42857142857142855,0.8727368004927692,0.8727368004927692
