task,group,metric,n,top1_hit,regret_at_1,spearman,best_retention,prior_pick_retention
T1_select_source,llama1b,rel_direction_l1_to_target,12,0,0.14962474596997688,-0.013986013986013986,0.9802953052674641,0.8306705592974872
T1_select_source,llama1b,rel_direction_rmse_to_target,12,0,0.14962474596997688,-0.013986013986013986,0.9802953052674641,0.8306705592974872
T1_select_source,llama1b,rel_magnitude_l1_to_target,12,0,0.18371591628790052,0.04195804195804196,0.9802953052674641,0.7965793889795636
T1_select_source,llama1b,rel_magnitude_rmse_to_target,12,0,0.18371591628790052,0.04195804195804196,0.9802953052674641,0.7965793889795636
T1_select_source,llama1b,memory_target_norm_gap,12,0,0.14962474596997688,0.1958041958041958,0.9802953052674641,0.8306705592974872
T1_select_source,llama1b,anchor_direction_js_to_target,12,0,0.14962474596997688,-0.11188811188811189,0.9802953052674641,0.8306705592974872
T1_select_source,llama1b,target_direction_subspace_residual,12,0,0.19668113547826394,0.08391608391608392,0.9802953052674641,0.7836141697892002
T1_select_source,llama1b,capacity_normalized_direction_rmse,12,0,0.14962474596997688,-0.013986013986013986,0.9802953052674641,0.8306705592974872
T1_select_source,llama1b,diagnostic_rel_direction_z2_mean,12,0,0.14962474596997688,0.0,0.9802953052674641,0.8306705592974872
T1_select_source,llama1b,diagnostic_rel_magnitude_z_abs_mean,12,0,0.18371591628790052,0.027972027972027972,0.9802953052674641,0.7965793889795636
T1_select_source,llama1b,diagnostic_target_direction_std_mean,12,0,0.19668113547826394,0.09011609926488051,0.9802953052674641,0.7836141697892002
T1_select_source,llama1b,diagnostic_target_direction_std_min,12,0,0.18371591628790052,0.09011609926488051,0.9802953052674641,0.7965793889795636
T1_select_source,llama1b,diagnostic_target_magnitude_std_mean,12,0,0.14962474596997688,0.27034829779464153,0.9802953052674641,0.8306705592974872
T1_select_source,llama1b,diagnostic_target_magnitude_std_min,12,0,0.14962474596997688,0.27034829779464153,0.9802953052674641,0.8306705592974872
T1_select_source,llama1b,source_native_nll,12,1,0.0,0.7342657342657343,0.9802953052674641,0.9802953052674641
T1_select_source,llama1b,target_minus_source_nll,12,0,0.17627766363689412,-0.7342657342657343,0.9802953052674641,0.80401764163057
T1_select_source,llama1b,source_hidden_size,12,0,0.19668113547826394,0.2581457787952988,0.9802953052674641,0.7836141697892002
T1_select_source,llama1b,abs_log_hidden_ratio,12,0,0.3386680191952228,-0.4302429646588314,0.9802953052674641,0.6416272860722413
T1_select_source,llama1b,prior_same_model_family,12,0,0.18371591628790052,0.20483662259967567,0.9802953052674641,0.7965793889795636
T1_select_source,llama1b,prior_cross_model_family,12,0,0.14962474596997688,-0.20483662259967567,0.9802953052674641,0.8306705592974872
T1_select_source,llama1b,prior_source_param_b,12,0,0.19668113547826394,0.17468525869645868,0.9802953052674641,0.7836141697892002
T1_select_source,llama1b,prior_log_param_ratio_target_over_source,12,0,0.17627766363689412,-0.17468525869645868,0.9802953052674641,0.80401764163057
T1_select_source,llama1b,pair_normalized_direction_rmse,12,0,0.14962474596997688,-0.013986013986013986,0.9802953052674641,0.8306705592974872
T1_select_source,llama1b,target_readability_z2_mean,12,0,0.14962474596997688,0.0,0.9802953052674641,0.8306705592974872
T1_select_source,llama1b,target_readability_tail_frac,12,0,0.14962474596997688,-0.04895104895104895,0.9802953052674641,0.8306705592974872
T1_select_source,llama1b,target_readability_cross_entropy,12,0,0.14962474596997688,-0.06993006993006994,0.9802953052674641,0.8306705592974872
T1_select_source,llama1b,source_to_target_anchor_kl,12,0,0.14962474596997688,-0.006993006993006993,0.9802953052674641,0.8306705592974872
T1_select_source,llama1b,target_readability_energy,12,0,0.17627766363689412,-0.04895104895104895,0.9802953052674641,0.80401764163057
T1_select_source,llama1b,source_target_top_anchor_overlap,12,0,0.011369783104417386,-0.11888111888111888,0.9802953052674641,0.9689255221630467
T1_select_source,llama1b,source_target_direction_entropy_gap,12,0,0.10082652141304094,-0.11888111888111888,0.9802953052674641,0.8794687838544232
T1_select_source,llama1b,source_target_direction_dispersion_gap,12,0,0.10082652141304094,0.02097902097902098,0.9802953052674641,0.8794687838544232
T1_select_source,llama1b,diagnostic_source_direction_entropy_mean,12,0,0.14962474596997688,0.3356643356643357,0.9802953052674641,0.8306705592974872
T1_select_source,llama1b,diagnostic_target_direction_entropy,12,0,0.14962474596997688,-0.09011609926488051,0.9802953052674641,0.8306705592974872
T1_select_source,llama1b,diagnostic_source_direction_std_mean,12,0,0.10082652141304094,0.13286713286713286,0.9802953052674641,0.8794687838544232
T1_select_source,llama1b,_z_log_param_ratio,12,0,0.17627766363689412,-0.17468525869645868,0.9802953052674641,0.80401764163057
T1_select_source,llama1b,_z_neg_direction_rmse,12,0,0.14962474596997688,-0.013986013986013986,0.9802953052674641,0.8306705592974872
T1_select_source,llama1b,_z_neg_anchor_js,12,0,0.14962474596997688,-0.11188811188811189,0.9802953052674641,0.8306705592974872
T1_select_source,llama1b,_z_neg_magnitude_rmse,12,0,0.18371591628790052,0.04195804195804196,0.9802953052674641,0.7965793889795636
T1_select_source,llama1b,_z_neg_subspace_residual,12,0,0.19668113547826394,0.08391608391608392,0.9802953052674641,0.7836141697892002
T1_select_source,llama1b,_z_neg_pair_norm_direction_rmse,12,0,0.14962474596997688,-0.013986013986013986,0.9802953052674641,0.8306705592974872
T1_select_source,llama1b,_z_neg_target_readability_z2,12,0,0.14962474596997688,0.0,0.9802953052674641,0.8306705592974872
T1_select_source,llama1b,_z_neg_target_readability_tail,12,0,0.14962474596997688,-0.04895104895104895,0.9802953052674641,0.8306705592974872
T1_select_source,llama1b,_z_neg_target_readability_ce,12,0,0.14962474596997688,-0.06993006993006994,0.9802953052674641,0.8306705592974872
T1_select_source,llama1b,_z_neg_source_to_target_kl,12,0,0.14962474596997688,-0.006993006993006993,0.9802953052674641,0.8306705592974872
T1_select_source,llama1b,_z_target_readability_energy,12,0,0.17627766363689412,-0.04895104895104895,0.9802953052674641,0.80401764163057
T1_select_source,llama1b,_z_top_anchor_overlap,12,0,0.011369783104417386,-0.11888111888111888,0.9802953052674641,0.9689255221630467
T1_select_source,llama1b,_z_neg_direction_entropy_gap,12,0,0.10082652141304094,-0.11888111888111888,0.9802953052674641,0.8794687838544232
T1_select_source,llama1b,_z_neg_direction_dispersion_gap,12,0,0.10082652141304094,0.02097902097902098,0.9802953052674641,0.8794687838544232
T1_select_source,llama1b,_z_neg_source_native_nll,12,1,0.0,0.7342657342657343,0.9802953052674641,0.9802953052674641
T1_select_source,llama1b,combined_hidden_direction_score,12,0,0.14962474596997688,-0.013986013986013986,0.9802953052674641,0.8306705592974872
T1_select_source,llama1b,combined_hidden_js_score,12,0,0.14962474596997688,-0.11188811188811189,0.9802953052674641,0.8306705592974872
T1_select_source,llama1b,combined_hidden_source_quality_score,12,1,0.0,0.7342657342657343,0.9802953052674641,0.9802953052674641
T1_select_source,llama1b,combined_param_direction_score,12,0,0.14962474596997688,-0.013986013986013986,0.9802953052674641,0.8306705592974872
T1_select_source,llama1b,combined_ratio_direction_score,12,0,0.17627766363689412,-0.06293706293706294,0.9802953052674641,0.80401764163057
T1_select_source,llama1b,pair_geometry_compatibility_score,12,0,0.17627766363689412,0.09090909090909091,0.9802953052674641,0.80401764163057
T1_select_source,llama3b,rel_direction_l1_to_target,12,0,0.06681708945754672,-0.4965034965034965,0.9950892458419809,0.9282721563844342
T1_select_source,llama3b,rel_direction_rmse_to_target,12,0,0.06681708945754672,-0.4965034965034965,0.9950892458419809,0.9282721563844342
T1_select_source,llama3b,rel_magnitude_l1_to_target,12,0,0.009435473858660948,0.11888111888111888,0.9950892458419809,0.9856537719833199
T1_select_source,llama3b,rel_magnitude_rmse_to_target,12,0,0.009435473858660948,0.11888111888111888,0.9950892458419809,0.9856537719833199
T1_select_source,llama3b,memory_target_norm_gap,12,0,0.06681708945754672,-0.04895104895104895,0.9950892458419809,0.9282721563844342
T1_select_source,llama3b,anchor_direction_js_to_target,12,0,0.06681708945754672,-0.2867132867132867,0.9950892458419809,0.9282721563844342
T1_select_source,llama3b,target_direction_subspace_residual,12,0,0.10721035807022827,0.27972027972027974,0.9950892458419809,0.8878788877717526
T1_select_source,llama3b,capacity_normalized_direction_rmse,12,0,0.06681708945754672,-0.4965034965034965,0.9950892458419809,0.9282721563844342
T1_select_source,llama3b,diagnostic_rel_direction_z2_mean,12,0,0.06681708945754672,-0.6573426573426573,0.9950892458419809,0.9282721563844342
T1_select_source,llama3b,diagnostic_rel_magnitude_z_abs_mean,12,0,0.009435473858660948,0.09090909090909091,0.9950892458419809,0.9856537719833199
T1_select_source,llama3b,diagnostic_target_direction_std_mean,12,0,0.10721035807022827,0.28536764767212164,0.9950892458419809,0.8878788877717526
T1_select_source,llama3b,diagnostic_target_direction_std_min,12,0,0.10721035807022827,0.21027089828472117,0.9950892458419809,0.8878788877717526
T1_select_source,llama3b,diagnostic_target_magnitude_std_mean,12,0,0.06681708945754672,0.015019349877480085,0.9950892458419809,0.9282721563844342
T1_select_source,llama3b,diagnostic_target_magnitude_std_min,12,0,0.06681708945754672,0.015019349877480085,0.9950892458419809,0.9282721563844342
T1_select_source,llama3b,source_native_nll,12,0,0.006412439769842515,0.6993006993006993,0.9950892458419809,0.9886768060721384
T1_select_source,llama3b,target_minus_source_nll,12,0,0.08503666718001712,-0.6993006993006993,0.9950892458419809,0.9100525786619638
T1_select_source,llama3b,source_hidden_size,12,0,0.10721035807022827,-0.10917828668528667,0.9950892458419809,0.8878788877717526
T1_select_source,llama3b,abs_log_hidden_ratio,12,0,0.08314119817505594,-0.05094986711980045,0.9950892458419809,0.9119480476669249
T1_select_source,llama3b,prior_same_model_family,12,0,0.009435473858660948,0.35846408954943243,0.9950892458419809,0.9856537719833199
T1_select_source,llama3b,prior_cross_model_family,12,0,0.06681708945754672,-0.35846408954943243,0.9950892458419809,0.9282721563844342
T1_select_source,llama3b,prior_source_param_b,12,0,0.10721035807022827,-0.29399935918353476,0.9950892458419809,0.8878788877717526
T1_select_source,llama3b,prior_log_param_ratio_target_over_source,12,0,0.009435473858660948,0.29399935918353476,0.9950892458419809,0.9856537719833199
T1_select_source,llama3b,prior_param_tier_jump,12,0,0.009435473858660948,0.3763089045031908,0.9950892458419809,0.9856537719833199
T1_select_source,llama3b,pair_normalized_direction_rmse,12,0,0.06681708945754672,-0.3706293706293706,0.9950892458419809,0.9282721563844342
T1_select_source,llama3b,target_readability_z2_mean,12,0,0.06681708945754672,-0.6573426573426573,0.9950892458419809,0.9282721563844342
T1_select_source,llama3b,target_readability_tail_frac,12,0,0.06681708945754672,-0.6643356643356644,0.9950892458419809,0.9282721563844342
T1_select_source,llama3b,target_readability_cross_entropy,12,0,0.06681708945754672,-0.3356643356643357,0.9950892458419809,0.9282721563844342
T1_select_source,llama3b,source_to_target_anchor_kl,12,0,0.06681708945754672,-0.3146853146853147,0.9950892458419809,0.9282721563844342
T1_select_source,llama3b,target_readability_energy,12,0,0.08503666718001712,-0.027972027972027972,0.9950892458419809,0.9100525786619638
T1_select_source,llama3b,source_target_top_anchor_overlap,12,0,0.06484250522455248,-0.26573426573426573,0.9950892458419809,0.9302467406174284
T1_select_source,llama3b,source_target_direction_entropy_gap,12,0,0.040772580916179635,-0.38461538461538464,0.9950892458419809,0.9543166649258013
T1_select_source,llama3b,source_target_direction_dispersion_gap,12,0,0.040772580916179635,0.055944055944055944,0.9950892458419809,0.9543166649258013
T1_select_source,llama3b,diagnostic_source_direction_entropy_mean,12,0,0.06681708945754672,0.08391608391608392,0.9950892458419809,0.9282721563844342
T1_select_source,llama3b,diagnostic_target_direction_entropy,12,0,0.06681708945754672,-0.28536764767212164,0.9950892458419809,0.9282721563844342
T1_select_source,llama3b,diagnostic_source_direction_std_mean,12,0,0.009435473858660948,0.1888111888111888,0.9950892458419809,0.9856537719833199
T1_select_source,llama3b,_z_log_param_ratio,12,0,0.009435473858660948,0.29399935918353476,0.9950892458419809,0.9856537719833199
T1_select_source,llama3b,_z_neg_direction_rmse,12,0,0.06681708945754672,-0.4965034965034965,0.9950892458419809,0.9282721563844342
T1_select_source,llama3b,_z_neg_anchor_js,12,0,0.06681708945754672,-0.2867132867132867,0.9950892458419809,0.9282721563844342
T1_select_source,llama3b,_z_neg_magnitude_rmse,12,0,0.009435473858660948,0.11888111888111888,0.9950892458419809,0.9856537719833199
T1_select_source,llama3b,_z_neg_subspace_residual,12,0,0.10721035807022827,0.27972027972027974,0.9950892458419809,0.8878788877717526
T1_select_source,llama3b,_z_neg_pair_norm_direction_rmse,12,0,0.06681708945754672,-0.3706293706293706,0.9950892458419809,0.9282721563844342
T1_select_source,llama3b,_z_neg_target_readability_z2,12,0,0.06681708945754672,-0.6573426573426573,0.9950892458419809,0.9282721563844342
T1_select_source,llama3b,_z_neg_target_readability_tail,12,0,0.06681708945754672,-0.6643356643356644,0.9950892458419809,0.9282721563844342
T1_select_source,llama3b,_z_neg_target_readability_ce,12,0,0.06681708945754672,-0.3356643356643357,0.9950892458419809,0.9282721563844342
T1_select_source,llama3b,_z_neg_source_to_target_kl,12,0,0.06681708945754672,-0.3146853146853147,0.9950892458419809,0.9282721563844342
T1_select_source,llama3b,_z_target_readability_energy,12,0,0.08503666718001712,-0.027972027972027972,0.9950892458419809,0.9100525786619638
T1_select_source,llama3b,_z_top_anchor_overlap,12,0,0.06484250522455248,-0.26573426573426573,0.9950892458419809,0.9302467406174284
T1_select_source,llama3b,_z_neg_direction_entropy_gap,12,0,0.040772580916179635,-0.38461538461538464,0.9950892458419809,0.9543166649258013
T1_select_source,llama3b,_z_neg_direction_dispersion_gap,12,0,0.040772580916179635,0.055944055944055944,0.9950892458419809,0.9543166649258013
T1_select_source,llama3b,_z_neg_source_native_nll,12,0,0.006412439769842515,0.6993006993006993,0.9950892458419809,0.9886768060721384
T1_select_source,llama3b,combined_hidden_direction_score,12,0,0.06681708945754672,-0.4965034965034965,0.9950892458419809,0.9282721563844342
T1_select_source,llama3b,combined_hidden_js_score,12,0,0.06681708945754672,-0.2867132867132867,0.9950892458419809,0.9282721563844342
T1_select_source,llama3b,combined_hidden_source_quality_score,12,0,0.006412439769842515,0.6993006993006993,0.9950892458419809,0.9886768060721384
T1_select_source,llama3b,combined_param_direction_score,12,0,0.06681708945754672,-0.4965034965034965,0.9950892458419809,0.9282721563844342
T1_select_source,llama3b,combined_ratio_direction_score,12,0,0.08503666718001712,-0.02097902097902098,0.9950892458419809,0.9100525786619638
T1_select_source,llama3b,pair_geometry_compatibility_score,12,0,0.06681708945754672,-0.32167832167832167,0.9950892458419809,0.9282721563844342
T1_select_source,llama8b,rel_direction_l1_to_target,12,0,0.0025968047944736616,0.32867132867132864,0.9990869543492316,0.9964901495547579
T1_select_source,llama8b,rel_direction_rmse_to_target,12,0,0.0025968047944736616,0.3356643356643357,0.9990869543492316,0.9964901495547579
T1_select_source,llama8b,rel_magnitude_l1_to_target,12,0,0.00447881657469662,0.48951048951048953,0.9990869543492316,0.9946081377745349
T1_select_source,llama8b,rel_magnitude_rmse_to_target,12,0,0.00447881657469662,0.48951048951048953,0.9990869543492316,0.9946081377745349
T1_select_source,llama8b,memory_target_norm_gap,12,0,0.08143860983575257,0.027972027972027972,0.9990869543492316,0.917648344513479
T1_select_source,llama8b,anchor_direction_js_to_target,12,0,0.08143860983575257,-0.32867132867132864,0.9990869543492316,0.917648344513479
T1_select_source,llama8b,target_direction_subspace_residual,12,0,0.11915170033932576,-0.46153846153846156,0.9990869543492316,0.8799352540099058
T1_select_source,llama8b,capacity_normalized_direction_rmse,12,0,0.0025968047944736616,0.3356643356643357,0.9990869543492316,0.9964901495547579
T1_select_source,llama8b,diagnostic_rel_direction_z2_mean,12,0,0.046829443509258106,-0.1048951048951049,0.9990869543492316,0.9522575108399735
T1_select_source,llama8b,diagnostic_rel_magnitude_z_abs_mean,12,0,0.00447881657469662,0.09090909090909091,0.9990869543492316,0.9946081377745349
T1_select_source,llama8b,diagnostic_target_direction_std_mean,12,0,0.08143860983575257,-0.8015500717251027,0.9990869543492316,0.917648344513479
T1_select_source,llama8b,diagnostic_target_direction_std_min,12,0,0.06267075079879869,0.11450715310358611,0.9990869543492316,0.9364162035504329
T1_select_source,llama8b,diagnostic_target_magnitude_std_mean,12,0,0.08143860983575257,-0.11450715310358611,0.9990869543492316,0.917648344513479
T1_select_source,llama8b,diagnostic_target_magnitude_std_min,12,0,0.08143860983575257,-0.11450715310358611,0.9990869543492316,0.917648344513479
T1_select_source,llama8b,source_native_nll,12,0,0.0025968047944736616,0.4125874125874126,0.9990869543492316,0.9964901495547579
T1_select_source,llama8b,target_minus_source_nll,12,0,0.06267075079879869,-0.4125874125874126,0.9990869543492316,0.9364162035504329
T1_select_source,llama8b,source_hidden_size,12,0,0.08143860983575257,-0.38721866819294826,0.9990869543492316,0.917648344513479
T1_select_source,llama8b,abs_log_hidden_ratio,12,0,0.08143860983575257,-0.38721866819294826,0.9990869543492316,0.917648344513479
T1_select_source,llama8b,prior_same_model_family,12,0,0.00447881657469662,0.6657190234489458,0.9990869543492316,0.9946081377745349
T1_select_source,llama8b,prior_cross_model_family,12,0,0.08143860983575257,-0.6657190234489458,0.9990869543492316,0.917648344513479
T1_select_source,llama8b,prior_source_param_b,12,0,0.08143860983575257,-0.5822841956548622,0.9990869543492316,0.917648344513479
T1_select_source,llama8b,prior_log_param_ratio_target_over_source,12,0,0.00447881657469662,0.5822841956548622,0.9990869543492316,0.9946081377745349
T1_select_source,llama8b,prior_param_tier_jump,12,0,0.00447881657469662,0.563300712149108,0.9990869543492316,0.9946081377745349
T1_select_source,llama8b,pair_normalized_direction_rmse,12,0,0.0025968047944736616,0.4405594405594406,0.9990869543492316,0.9964901495547579
T1_select_source,llama8b,target_readability_z2_mean,12,0,0.046829443509258106,-0.1048951048951049,0.9990869543492316,0.9522575108399735
T1_select_source,llama8b,target_readability_tail_frac,12,0,0.006536680056993371,0.2136605728431956,0.9990869543492316,0.9925502742922382
T1_select_source,llama8b,target_readability_cross_entropy,12,0,0.00447881657469662,0.46853146853146854,0.9990869543492316,0.9946081377745349
T1_select_source,llama8b,source_to_target_anchor_kl,12,0,0.08143860983575257,-0.32867132867132864,0.9990869543492316,0.917648344513479
T1_select_source,llama8b,target_readability_energy,12,0,0.08143860983575257,-0.1888111888111888,0.9990869543492316,0.917648344513479
T1_select_source,llama8b,source_target_top_anchor_overlap,12,0,0.08143860983575257,-0.2867132867132867,0.9990869543492316,0.917648344513479
T1_select_source,llama8b,source_target_direction_entropy_gap,12,0,0.08143860983575257,-0.32867132867132864,0.9990869543492316,0.917648344513479
T1_select_source,llama8b,source_target_direction_dispersion_gap,12,0,0.00447881657469662,0.27972027972027974,0.9990869543492316,0.9946081377745349
T1_select_source,llama8b,diagnostic_source_direction_entropy_mean,12,0,0.08143860983575257,-0.32867132867132864,0.9990869543492316,0.917648344513479
T1_select_source,llama8b,diagnostic_target_direction_entropy,12,0,0.00447881657469662,0.8015500717251027,0.9990869543492316,0.9946081377745349
T1_select_source,llama8b,diagnostic_source_direction_std_mean,12,0,0.00447881657469662,0.27972027972027974,0.9990869543492316,0.9946081377745349
T1_select_source,llama8b,_z_log_param_ratio,12,0,0.00447881657469662,0.5822841956548622,0.9990869543492316,0.9946081377745349
T1_select_source,llama8b,_z_neg_direction_rmse,12,0,0.0025968047944736616,0.3356643356643357,0.9990869543492316,0.9964901495547579
T1_select_source,llama8b,_z_neg_anchor_js,12,0,0.08143860983575257,-0.32867132867132864,0.9990869543492316,0.917648344513479
T1_select_source,llama8b,_z_neg_magnitude_rmse,12,0,0.00447881657469662,0.48951048951048953,0.9990869543492316,0.9946081377745349
T1_select_source,llama8b,_z_neg_subspace_residual,12,0,0.11915170033932576,-0.46153846153846156,0.9990869543492316,0.8799352540099058
T1_select_source,llama8b,_z_neg_pair_norm_direction_rmse,12,0,0.0025968047944736616,0.4405594405594406,0.9990869543492316,0.9964901495547579
T1_select_source,llama8b,_z_neg_target_readability_z2,12,0,0.046829443509258106,-0.1048951048951049,0.9990869543492316,0.9522575108399735
T1_select_source,llama8b,_z_neg_target_readability_tail,12,0,0.006536680056993371,0.2136605728431956,0.9990869543492316,0.9925502742922382
T1_select_source,llama8b,_z_neg_target_readability_ce,12,0,0.00447881657469662,0.46853146853146854,0.9990869543492316,0.9946081377745349
T1_select_source,llama8b,_z_neg_source_to_target_kl,12,0,0.08143860983575257,-0.32867132867132864,0.9990869543492316,0.917648344513479
T1_select_source,llama8b,_z_target_readability_energy,12,0,0.08143860983575257,-0.1888111888111888,0.9990869543492316,0.917648344513479
T1_select_source,llama8b,_z_top_anchor_overlap,12,0,0.08143860983575257,-0.2867132867132867,0.9990869543492316,0.917648344513479
T1_select_source,llama8b,_z_neg_direction_entropy_gap,12,0,0.08143860983575257,-0.32867132867132864,0.9990869543492316,0.917648344513479
T1_select_source,llama8b,_z_neg_direction_dispersion_gap,12,0,0.00447881657469662,0.27972027972027974,0.9990869543492316,0.9946081377745349
T1_select_source,llama8b,_z_neg_source_native_nll,12,0,0.0025968047944736616,0.4125874125874126,0.9990869543492316,0.9964901495547579
T1_select_source,llama8b,combined_hidden_direction_score,12,0,0.0025968047944736616,0.3356643356643357,0.9990869543492316,0.9964901495547579
T1_select_source,llama8b,combined_hidden_js_score,12,0,0.08143860983575257,-0.32867132867132864,0.9990869543492316,0.917648344513479
T1_select_source,llama8b,combined_hidden_source_quality_score,12,0,0.0025968047944736616,0.4125874125874126,0.9990869543492316,0.9964901495547579
T1_select_source,llama8b,combined_param_direction_score,12,0,0.0025968047944736616,0.3356643356643357,0.9990869543492316,0.9964901495547579
T1_select_source,llama8b,combined_ratio_direction_score,12,1,0.0,0.6013986013986014,0.9990869543492316,0.9990869543492316
T1_select_source,llama8b,pair_geometry_compatibility_score,12,0,0.08143860983575257,-0.027972027972027972,0.9990869543492316,0.917648344513479
T1_select_source,mistral7b,rel_direction_l1_to_target,12,1,0.0,-0.06293706293706294,1.001721444299418,1.001721444299418
T1_select_source,mistral7b,rel_direction_rmse_to_target,12,1,0.0,-0.14685314685314685,1.001721444299418,1.001721444299418
T1_select_source,mistral7b,rel_magnitude_l1_to_target,12,0,0.04720970140695813,0.0,1.001721444299418,0.9545117428924599
T1_select_source,mistral7b,rel_magnitude_rmse_to_target,12,0,0.04720970140695813,0.027972027972027972,1.001721444299418,0.9545117428924599
T1_select_source,mistral7b,memory_target_norm_gap,12,0,0.04720970140695813,-0.17482517482517482,1.001721444299418,0.9545117428924599
T1_select_source,mistral7b,anchor_direction_js_to_target,12,0,0.058458718235527174,-0.1888111888111888,1.001721444299418,0.9432627260638908
T1_select_source,mistral7b,target_direction_subspace_residual,12,0,0.08142603349376643,-0.13986013986013987,1.001721444299418,0.9202954108056516
T1_select_source,mistral7b,capacity_normalized_direction_rmse,12,1,0.0,-0.14685314685314685,1.001721444299418,1.001721444299418
T1_select_source,mistral7b,diagnostic_rel_direction_z2_mean,12,1,0.0,-0.14685314685314685,1.001721444299418,1.001721444299418
T1_select_source,mistral7b,diagnostic_rel_magnitude_z_abs_mean,12,0,0.04720970140695813,0.0,1.001721444299418,0.9545117428924599
T1_select_source,mistral7b,diagnostic_target_direction_std_mean,12,0,0.04720970140695813,0.04828045495852676,1.001721444299418,0.9545117428924599
T1_select_source,mistral7b,diagnostic_target_direction_std_min,12,0,0.04720970140695813,0.04828045495852676,1.001721444299418,0.9545117428924599
T1_select_source,mistral7b,diagnostic_target_magnitude_std_mean,12,0,0.04720970140695813,0.04828045495852676,1.001721444299418,0.9545117428924599
T1_select_source,mistral7b,diagnostic_target_magnitude_std_min,12,0,0.04720970140695813,0.04828045495852676,1.001721444299418,0.9545117428924599
T1_select_source,mistral7b,source_native_nll,12,0,0.058458718235527174,0.6573426573426573,1.001721444299418,0.9432627260638908
T1_select_source,mistral7b,target_minus_source_nll,12,0,0.08775045339018483,-0.6573426573426573,1.001721444299418,0.9139709909092332
T1_select_source,mistral7b,source_hidden_size,12,0,0.1392408071634006,-0.23663363056235726,1.001721444299418,0.8624806371360174
T1_select_source,mistral7b,abs_log_hidden_ratio,12,0,0.1392408071634006,-0.23663363056235726,1.001721444299418,0.8624806371360174
T1_select_source,mistral7b,prior_source_param_b,12,0,0.1392408071634006,-0.3728772360376539,1.001721444299418,0.8624806371360174
T1_select_source,mistral7b,prior_log_param_ratio_target_over_source,12,0,0.04720970140695813,0.3728772360376539,1.001721444299418,0.9545117428924599
T1_select_source,mistral7b,prior_param_tier_jump,12,0,0.04720970140695813,0.2956561979945413,1.001721444299418,0.9545117428924599
T1_select_source,mistral7b,pair_normalized_direction_rmse,12,1,0.0,-0.02097902097902098,1.001721444299418,1.001721444299418
T1_select_source,mistral7b,target_readability_z2_mean,12,1,0.0,-0.14685314685314685,1.001721444299418,1.001721444299418
T1_select_source,mistral7b,target_readability_tail_frac,12,1,0.0,0.13986013986013987,1.001721444299418,1.001721444299418
T1_select_source,mistral7b,target_readability_cross_entropy,12,0,0.08490430796920878,0.22377622377622378,1.001721444299418,0.9168171363302092
T1_select_source,mistral7b,source_to_target_anchor_kl,12,0,0.058458718235527174,-0.1958041958041958,1.001721444299418,0.9432627260638908
T1_select_source,mistral7b,target_readability_energy,12,0,0.08490430796920878,0.2867132867132867,1.001721444299418,0.9168171363302092
T1_select_source,mistral7b,source_target_top_anchor_overlap,12,0,0.08142603349376643,0.23076923076923078,1.001721444299418,0.9202954108056516
T1_select_source,mistral7b,source_target_direction_entropy_gap,12,0,0.058458718235527174,-0.1888111888111888,1.001721444299418,0.9432627260638908
T1_select_source,mistral7b,source_target_direction_dispersion_gap,12,0,0.04720970140695813,0.2097902097902098,1.001721444299418,0.9545117428924599
T1_select_source,mistral7b,diagnostic_source_direction_entropy_mean,12,0,0.058458718235527174,-0.1888111888111888,1.001721444299418,0.9432627260638908
T1_select_source,mistral7b,diagnostic_target_direction_entropy,12,0,0.04720970140695813,0.04828045495852676,1.001721444299418,0.9545117428924599
T1_select_source,mistral7b,diagnostic_source_direction_std_mean,12,0,0.04720970140695813,0.2097902097902098,1.001721444299418,0.9545117428924599
T1_select_source,mistral7b,_z_log_param_ratio,12,0,0.04720970140695813,0.3728772360376539,1.001721444299418,0.9545117428924599
T1_select_source,mistral7b,_z_neg_direction_rmse,12,1,0.0,-0.14685314685314685,1.001721444299418,1.001721444299418
T1_select_source,mistral7b,_z_neg_anchor_js,12,0,0.058458718235527174,-0.1888111888111888,1.001721444299418,0.9432627260638908
T1_select_source,mistral7b,_z_neg_magnitude_rmse,12,0,0.04720970140695813,0.027972027972027972,1.001721444299418,0.9545117428924599
T1_select_source,mistral7b,_z_neg_subspace_residual,12,0,0.08142603349376643,-0.13986013986013987,1.001721444299418,0.9202954108056516
T1_select_source,mistral7b,_z_neg_pair_norm_direction_rmse,12,1,0.0,-0.02097902097902098,1.001721444299418,1.001721444299418
T1_select_source,mistral7b,_z_neg_target_readability_z2,12,1,0.0,-0.14685314685314685,1.001721444299418,1.001721444299418
T1_select_source,mistral7b,_z_neg_target_readability_tail,12,1,0.0,0.13986013986013987,1.001721444299418,1.001721444299418
T1_select_source,mistral7b,_z_neg_target_readability_ce,12,0,0.08490430796920878,0.22377622377622378,1.001721444299418,0.9168171363302092
T1_select_source,mistral7b,_z_neg_source_to_target_kl,12,0,0.058458718235527174,-0.1958041958041958,1.001721444299418,0.9432627260638908
T1_select_source,mistral7b,_z_target_readability_energy,12,0,0.08490430796920878,0.2867132867132867,1.001721444299418,0.9168171363302092
T1_select_source,mistral7b,_z_top_anchor_overlap,12,0,0.08142603349376643,0.23076923076923078,1.001721444299418,0.9202954108056516
T1_select_source,mistral7b,_z_neg_direction_entropy_gap,12,0,0.058458718235527174,-0.1888111888111888,1.001721444299418,0.9432627260638908
T1_select_source,mistral7b,_z_neg_direction_dispersion_gap,12,0,0.04720970140695813,0.2097902097902098,1.001721444299418,0.9545117428924599
T1_select_source,mistral7b,_z_neg_source_native_nll,12,0,0.058458718235527174,0.6573426573426573,1.001721444299418,0.9432627260638908
T1_select_source,mistral7b,combined_hidden_direction_score,12,1,0.0,-0.14685314685314685,1.001721444299418,1.001721444299418
T1_select_source,mistral7b,combined_hidden_js_score,12,0,0.058458718235527174,-0.1888111888111888,1.001721444299418,0.9432627260638908
T1_select_source,mistral7b,combined_hidden_source_quality_score,12,0,0.058458718235527174,0.6573426573426573,1.001721444299418,0.9432627260638908
T1_select_source,mistral7b,combined_param_direction_score,12,1,0.0,-0.14685314685314685,1.001721444299418,1.001721444299418
T1_select_source,mistral7b,combined_ratio_direction_score,12,0,0.014444830388005925,0.2727272727272727,1.001721444299418,0.9872766139114121
T1_select_source,mistral7b,pair_geometry_compatibility_score,12,0,0.08490430796920878,0.11188811188811189,1.001721444299418,0.9168171363302092
T1_select_source,qwen1.5b,rel_direction_l1_to_target,12,1,0.0,0.06993006993006994,1.0049920278827449,1.0049920278827449
T1_select_source,qwen1.5b,rel_direction_rmse_to_target,12,1,0.0,0.06993006993006994,1.0049920278827449,1.0049920278827449
T1_select_source,qwen1.5b,rel_magnitude_l1_to_target,12,0,0.492002166237554,0.11188811188811189,1.0049920278827449,0.5129898616451909
T1_select_source,qwen1.5b,rel_magnitude_rmse_to_target,12,0,0.492002166237554,0.07692307692307693,1.0049920278827449,0.5129898616451909
T1_select_source,qwen1.5b,memory_target_norm_gap,12,1,0.0,0.14685314685314685,1.0049920278827449,1.0049920278827449
T1_select_source,qwen1.5b,anchor_direction_js_to_target,12,0,0.32246431201576453,0.08391608391608392,1.0049920278827449,0.6825277158669804
T1_select_source,qwen1.5b,target_direction_subspace_residual,12,0,0.25928478601648663,-0.34265734265734266,1.0049920278827449,0.7457072418662583
T1_select_source,qwen1.5b,capacity_normalized_direction_rmse,12,1,0.0,0.06993006993006994,1.0049920278827449,1.0049920278827449
T1_select_source,qwen1.5b,diagnostic_rel_direction_z2_mean,12,1,0.0,0.06993006993006994,1.0049920278827449,1.0049920278827449
T1_select_source,qwen1.5b,diagnostic_rel_magnitude_z_abs_mean,12,0,0.19217794612845562,0.23076923076923078,1.0049920278827449,0.8128140817542893
T1_select_source,qwen1.5b,diagnostic_target_direction_std_mean,12,1,0.0,0.19847906537954926,1.0049920278827449,1.0049920278827449
T1_select_source,qwen1.5b,diagnostic_target_direction_std_min,12,1,0.0,0.19847906537954926,1.0049920278827449,1.0049920278827449
T1_select_source,qwen1.5b,diagnostic_target_magnitude_std_mean,12,0,0.19217794612845562,0.1679438245519263,1.0049920278827449,0.8128140817542893
T1_select_source,qwen1.5b,diagnostic_target_magnitude_std_min,12,0,0.19217794612845562,0.1679438245519263,1.0049920278827449,0.8128140817542893
T1_select_source,qwen1.5b,source_native_nll,12,0,0.5024531423593807,0.13286713286713286,1.0049920278827449,0.5025388855233642
T1_select_source,qwen1.5b,target_minus_source_nll,12,0,0.19217794612845562,-0.13286713286713286,1.0049920278827449,0.8128140817542893
T1_select_source,qwen1.5b,source_hidden_size,12,0,0.617017671778705,-0.34937051739291736,1.0049920278827449,0.38797435610403985
T1_select_source,qwen1.5b,abs_log_hidden_ratio,12,0,0.492002166237554,0.34937051739291736,1.0049920278827449,0.5129898616451909
T1_select_source,qwen1.5b,prior_same_model_family,12,0,0.19217794612845562,0.10241831129983783,1.0049920278827449,0.8128140817542893
T1_select_source,qwen1.5b,prior_cross_model_family,12,0,0.492002166237554,-0.10241831129983783,1.0049920278827449,0.5129898616451909
T1_select_source,qwen1.5b,prior_source_param_b,12,0,0.617017671778705,-0.34937051739291736,1.0049920278827449,0.38797435610403985
T1_select_source,qwen1.5b,prior_log_param_ratio_target_over_source,12,0,0.492002166237554,0.34937051739291736,1.0049920278827449,0.5129898616451909
T1_select_source,qwen1.5b,pair_normalized_direction_rmse,12,1,0.0,0.07692307692307693,1.0049920278827449,1.0049920278827449
T1_select_source,qwen1.5b,target_readability_z2_mean,12,1,0.0,0.06993006993006994,1.0049920278827449,1.0049920278827449
T1_select_source,qwen1.5b,target_readability_tail_frac,12,1,0.0,-0.05253948512537596,1.0049920278827449,1.0049920278827449
T1_select_source,qwen1.5b,target_readability_cross_entropy,12,0,0.32246431201576453,0.14685314685314685,1.0049920278827449,0.6825277158669804
T1_select_source,qwen1.5b,source_to_target_anchor_kl,12,1,0.0,0.11888111888111888,1.0049920278827449,1.0049920278827449
T1_select_source,qwen1.5b,target_readability_energy,12,0,0.19217794612845562,0.5804195804195804,1.0049920278827449,0.8128140817542893
T1_select_source,qwen1.5b,source_target_top_anchor_overlap,12,0,0.19217794612845562,0.7902097902097902,1.0049920278827449,0.8128140817542893
T1_select_source,qwen1.5b,source_target_direction_entropy_gap,12,0,0.6321641197865953,0.1048951048951049,1.0049920278827449,0.3728279080961496
T1_select_source,qwen1.5b,source_target_direction_dispersion_gap,12,0,0.492002166237554,0.02097902097902098,1.0049920278827449,0.5129898616451909
T1_select_source,qwen1.5b,diagnostic_source_direction_entropy_mean,12,1,0.0,-0.24475524475524477,1.0049920278827449,1.0049920278827449
T1_select_source,qwen1.5b,diagnostic_target_direction_entropy,12,1,0.0,-0.01526762041381148,1.0049920278827449,1.0049920278827449
T1_select_source,qwen1.5b,diagnostic_source_direction_std_mean,12,0,0.492002166237554,-0.03496503496503497,1.0049920278827449,0.5129898616451909
T1_select_source,qwen1.5b,_z_log_param_ratio,12,0,0.492002166237554,0.34937051739291736,1.0049920278827449,0.5129898616451909
T1_select_source,qwen1.5b,_z_neg_direction_rmse,12,1,0.0,0.06993006993006994,1.0049920278827449,1.0049920278827449
T1_select_source,qwen1.5b,_z_neg_anchor_js,12,0,0.32246431201576453,0.08391608391608392,1.0049920278827449,0.6825277158669804
T1_select_source,qwen1.5b,_z_neg_magnitude_rmse,12,0,0.492002166237554,0.07692307692307693,1.0049920278827449,0.5129898616451909
T1_select_source,qwen1.5b,_z_neg_subspace_residual,12,0,0.25928478601648663,-0.34265734265734266,1.0049920278827449,0.7457072418662583
T1_select_source,qwen1.5b,_z_neg_pair_norm_direction_rmse,12,1,0.0,0.07692307692307693,1.0049920278827449,1.0049920278827449
T1_select_source,qwen1.5b,_z_neg_target_readability_z2,12,1,0.0,0.06993006993006994,1.0049920278827449,1.0049920278827449
T1_select_source,qwen1.5b,_z_neg_target_readability_tail,12,1,0.0,-0.05253948512537596,1.0049920278827449,1.0049920278827449
T1_select_source,qwen1.5b,_z_neg_target_readability_ce,12,0,0.32246431201576453,0.14685314685314685,1.0049920278827449,0.6825277158669804
T1_select_source,qwen1.5b,_z_neg_source_to_target_kl,12,1,0.0,0.11888111888111888,1.0049920278827449,1.0049920278827449
T1_select_source,qwen1.5b,_z_target_readability_energy,12,0,0.19217794612845562,0.5804195804195804,1.0049920278827449,0.8128140817542893
T1_select_source,qwen1.5b,_z_top_anchor_overlap,12,0,0.19217794612845562,0.7902097902097902,1.0049920278827449,0.8128140817542893
T1_select_source,qwen1.5b,_z_neg_direction_entropy_gap,12,0,0.6321641197865953,0.1048951048951049,1.0049920278827449,0.3728279080961496
T1_select_source,qwen1.5b,_z_neg_direction_dispersion_gap,12,0,0.492002166237554,0.02097902097902098,1.0049920278827449,0.5129898616451909
T1_select_source,qwen1.5b,_z_neg_source_native_nll,12,0,0.5024531423593807,0.13286713286713286,1.0049920278827449,0.5025388855233642
T1_select_source,qwen1.5b,combined_hidden_direction_score,12,1,0.0,0.06993006993006994,1.0049920278827449,1.0049920278827449
T1_select_source,qwen1.5b,combined_hidden_js_score,12,0,0.32246431201576453,0.08391608391608392,1.0049920278827449,0.6825277158669804
T1_select_source,qwen1.5b,combined_hidden_source_quality_score,12,0,0.5024531423593807,0.13286713286713286,1.0049920278827449,0.5025388855233642
T1_select_source,qwen1.5b,combined_param_direction_score,12,1,0.0,0.06993006993006994,1.0049920278827449,1.0049920278827449
T1_select_source,qwen1.5b,combined_ratio_direction_score,12,0,0.16000957946526717,0.40559440559440557,1.0049920278827449,0.8449824484174777
T1_select_source,qwen1.5b,pair_geometry_compatibility_score,12,0,0.32246431201576453,0.46853146853146854,1.0049920278827449,0.6825277158669804
T1_select_source,qwen3b,rel_direction_l1_to_target,12,0,0.4046088882984225,0.3986013986013986,0.7989699991318475,0.394361110833425
T1_select_source,qwen3b,rel_direction_rmse_to_target,12,0,0.4046088882984225,0.32167832167832167,0.7989699991318475,0.394361110833425
T1_select_source,qwen3b,rel_magnitude_l1_to_target,12,0,0.4667021475228784,-0.34265734265734266,0.7989699991318475,0.3322678516089691
T1_select_source,qwen3b,rel_magnitude_rmse_to_target,12,0,0.4667021475228784,-0.34265734265734266,0.7989699991318475,0.3322678516089691
T1_select_source,qwen3b,memory_target_norm_gap,12,0,0.4046088882984225,-0.2517482517482518,0.7989699991318475,0.394361110833425
T1_select_source,qwen3b,anchor_direction_js_to_target,12,0,0.03232937703860794,0.46153846153846156,0.7989699991318475,0.7666406220932396
T1_select_source,qwen3b,target_direction_subspace_residual,12,0,0.17047516877296975,-0.2097902097902098,0.7989699991318475,0.6284948303588778
T1_select_source,qwen3b,capacity_normalized_direction_rmse,12,0,0.4046088882984225,0.32167832167832167,0.7989699991318475,0.394361110833425
T1_select_source,qwen3b,diagnostic_rel_direction_z2_mean,12,0,0.4046088882984225,0.40559440559440557,0.7989699991318475,0.394361110833425
T1_select_source,qwen3b,diagnostic_rel_magnitude_z_abs_mean,12,0,0.43608974961418834,-0.3916083916083916,0.7989699991318475,0.3628802495176592
T1_select_source,qwen3b,diagnostic_target_direction_std_mean,12,0,0.43608974961418834,0.04580286124143444,0.7989699991318475,0.3628802495176592
T1_select_source,qwen3b,diagnostic_target_direction_std_min,12,0,0.4046088882984225,0.22901430620717222,0.7989699991318475,0.394361110833425
T1_select_source,qwen3b,diagnostic_target_magnitude_std_mean,12,0,0.43608974961418834,0.04580286124143444,0.7989699991318475,0.3628802495176592
T1_select_source,qwen3b,diagnostic_target_magnitude_std_min,12,0,0.43608974961418834,0.04580286124143444,0.7989699991318475,0.3628802495176592
T1_select_source,qwen3b,source_native_nll,12,0,0.1116578404501164,0.5524475524475524,0.7989699991318475,0.6873121586817311
T1_select_source,qwen3b,target_minus_source_nll,12,0,0.43608974961418834,-0.5524475524475524,0.7989699991318475,0.3628802495176592
T1_select_source,qwen3b,source_hidden_size,12,0,0.47098573393936105,0.1290728893976494,0.7989699991318475,0.32798426519248647
T1_select_source,qwen3b,abs_log_hidden_ratio,12,0,0.4667021475228784,-0.2581457787952988,0.7989699991318475,0.3322678516089691
T1_select_source,qwen3b,prior_same_model_family,12,0,0.43608974961418834,-0.10241831129983783,0.7989699991318475,0.3628802495176592
T1_select_source,qwen3b,prior_cross_model_family,12,0,0.4667021475228784,0.10241831129983783,0.7989699991318475,0.3322678516089691
T1_select_source,qwen3b,prior_source_param_b,12,0,0.47098573393936105,0.15058503763059097,0.7989699991318475,0.32798426519248647
T1_select_source,qwen3b,prior_log_param_ratio_target_over_source,12,0,0.4667021475228784,-0.15058503763059097,0.7989699991318475,0.3322678516089691
T1_select_source,qwen3b,prior_param_tier_jump,12,0,0.4667021475228784,-0.5017452060042544,0.7989699991318475,0.3322678516089691
T1_select_source,qwen3b,pair_normalized_direction_rmse,12,0,0.4046088882984225,0.2517482517482518,0.7989699991318475,0.394361110833425
T1_select_source,qwen3b,target_readability_z2_mean,12,0,0.4046088882984225,0.40559440559440557,0.7989699991318475,0.394361110833425
T1_select_source,qwen3b,target_readability_tail_frac,12,0,0.4046088882984225,0.4833632631534589,0.7989699991318475,0.394361110833425
T1_select_source,qwen3b,target_readability_cross_entropy,12,0,0.03232937703860794,0.32867132867132864,0.7989699991318475,0.7666406220932396
T1_select_source,qwen3b,source_to_target_anchor_kl,12,0,0.4046088882984225,0.42657342657342656,0.7989699991318475,0.394361110833425
T1_select_source,qwen3b,target_readability_energy,12,0,0.43608974961418834,0.23076923076923078,0.7989699991318475,0.3628802495176592
T1_select_source,qwen3b,source_target_top_anchor_overlap,12,0,0.43608974961418834,0.18181818181818182,0.7989699991318475,0.3628802495176592
T1_select_source,qwen3b,source_target_direction_entropy_gap,12,0,0.4831764457838796,0.006993006993006993,0.7989699991318475,0.31579355334796794
T1_select_source,qwen3b,source_target_direction_dispersion_gap,12,0,0.4667021475228784,0.08391608391608392,0.7989699991318475,0.3322678516089691
T1_select_source,qwen3b,diagnostic_source_direction_entropy_mean,12,0,0.4046088882984225,0.2727272727272727,0.7989699991318475,0.394361110833425
T1_select_source,qwen3b,diagnostic_target_direction_entropy,12,0,0.4046088882984225,0.22901430620717222,0.7989699991318475,0.394361110833425
T1_select_source,qwen3b,diagnostic_source_direction_std_mean,12,0,0.4667021475228784,0.16783216783216784,0.7989699991318475,0.3322678516089691
T1_select_source,qwen3b,_z_log_param_ratio,12,0,0.4667021475228784,-0.15058503763059097,0.7989699991318475,0.3322678516089691
T1_select_source,qwen3b,_z_neg_direction_rmse,12,0,0.4046088882984225,0.32167832167832167,0.7989699991318475,0.394361110833425
T1_select_source,qwen3b,_z_neg_anchor_js,12,0,0.03232937703860794,0.46153846153846156,0.7989699991318475,0.7666406220932396
T1_select_source,qwen3b,_z_neg_magnitude_rmse,12,0,0.4667021475228784,-0.34265734265734266,0.7989699991318475,0.3322678516089691
T1_select_source,qwen3b,_z_neg_subspace_residual,12,0,0.17047516877296975,-0.2097902097902098,0.7989699991318475,0.6284948303588778
T1_select_source,qwen3b,_z_neg_pair_norm_direction_rmse,12,0,0.4046088882984225,0.2517482517482518,0.7989699991318475,0.394361110833425
T1_select_source,qwen3b,_z_neg_target_readability_z2,12,0,0.4046088882984225,0.40559440559440557,0.7989699991318475,0.394361110833425
T1_select_source,qwen3b,_z_neg_target_readability_tail,12,0,0.4046088882984225,0.4833632631534589,0.7989699991318475,0.394361110833425
T1_select_source,qwen3b,_z_neg_target_readability_ce,12,0,0.03232937703860794,0.32867132867132864,0.7989699991318475,0.7666406220932396
T1_select_source,qwen3b,_z_neg_source_to_target_kl,12,0,0.4046088882984225,0.42657342657342656,0.7989699991318475,0.394361110833425
T1_select_source,qwen3b,_z_target_readability_energy,12,0,0.43608974961418834,0.23076923076923078,0.7989699991318475,0.3628802495176592
T1_select_source,qwen3b,_z_top_anchor_overlap,12,0,0.43608974961418834,0.18181818181818182,0.7989699991318475,0.3628802495176592
T1_select_source,qwen3b,_z_neg_direction_entropy_gap,12,0,0.4831764457838796,0.006993006993006993,0.7989699991318475,0.31579355334796794
T1_select_source,qwen3b,_z_neg_direction_dispersion_gap,12,0,0.4667021475228784,0.08391608391608392,0.7989699991318475,0.3322678516089691
T1_select_source,qwen3b,_z_neg_source_native_nll,12,0,0.1116578404501164,0.5524475524475524,0.7989699991318475,0.6873121586817311
T1_select_source,qwen3b,combined_hidden_direction_score,12,0,0.4046088882984225,0.32167832167832167,0.7989699991318475,0.394361110833425
T1_select_source,qwen3b,combined_hidden_js_score,12,0,0.03232937703860794,0.46153846153846156,0.7989699991318475,0.7666406220932396
T1_select_source,qwen3b,combined_hidden_source_quality_score,12,0,0.1116578404501164,0.5524475524475524,0.7989699991318475,0.6873121586817311
T1_select_source,qwen3b,combined_param_direction_score,12,0,0.4046088882984225,0.32167832167832167,0.7989699991318475,0.394361110833425
T1_select_source,qwen3b,combined_ratio_direction_score,12,0,0.4831764457838796,-0.06993006993006994,0.7989699991318475,0.31579355334796794
T1_select_source,qwen3b,pair_geometry_compatibility_score,12,0,0.03232937703860794,0.26573426573426573,0.7989699991318475,0.7666406220932396
T1_select_source,qwen7b,rel_direction_l1_to_target,12,0,0.09074386969365955,-0.1958041958041958,1.0280027335489321,0.9372588638552726
T1_select_source,qwen7b,rel_direction_rmse_to_target,12,0,0.09074386969365955,-0.22377622377622378,1.0280027335489321,0.9372588638552726
T1_select_source,qwen7b,rel_magnitude_l1_to_target,12,0,0.00027174059266354966,0.32867132867132864,1.0280027335489321,1.0277309929562686
T1_select_source,qwen7b,rel_magnitude_rmse_to_target,12,0,0.00027174059266354966,0.32867132867132864,1.0280027335489321,1.0277309929562686
T1_select_source,qwen7b,memory_target_norm_gap,12,0,0.008425303623028402,0.21678321678321677,1.0280027335489321,1.0195774299259037
T1_select_source,qwen7b,anchor_direction_js_to_target,12,0,0.05424688159423807,-0.3356643356643357,1.0280027335489321,0.973755851954694
T1_select_source,qwen7b,target_direction_subspace_residual,12,0,0.09621054563401576,-0.16783216783216784,1.0280027335489321,0.9317921879149164
T1_select_source,qwen7b,capacity_normalized_direction_rmse,12,0,0.09074386969365955,-0.22377622377622378,1.0280027335489321,0.9372588638552726
T1_select_source,qwen7b,diagnostic_rel_direction_z2_mean,12,0,0.09074386969365955,-0.27972027972027974,1.0280027335489321,0.9372588638552726
T1_select_source,qwen7b,diagnostic_rel_magnitude_z_abs_mean,12,0,0.028862348592060938,0.3356643356643357,1.0280027335489321,0.9991403849568712
T1_select_source,qwen7b,diagnostic_target_direction_std_mean,12,0,0.008425303623028402,-0.17557763475883204,1.0280027335489321,1.0195774299259037
T1_select_source,qwen7b,diagnostic_target_direction_std_min,12,0,0.00027174059266354966,-0.04828045495852676,1.0280027335489321,1.0277309929562686
T1_select_source,qwen7b,diagnostic_target_magnitude_std_mean,12,0,0.028862348592060938,0.09923953268977463,1.0280027335489321,0.9991403849568712
T1_select_source,qwen7b,diagnostic_target_magnitude_std_min,12,0,0.028862348592060938,0.09923953268977463,1.0280027335489321,0.9991403849568712
T1_select_source,qwen7b,source_native_nll,12,0,0.05424688159423807,-0.38461538461538464,1.0280027335489321,0.973755851954694
T1_select_source,qwen7b,target_minus_source_nll,12,0,0.028862348592060938,0.38461538461538464,1.0280027335489321,0.9991403849568712
T1_select_source,qwen7b,source_hidden_size,12,0,0.09074386969365955,-0.34937051739291736,1.0280027335489321,0.9372588638552726
T1_select_source,qwen7b,abs_log_hidden_ratio,12,0,0.09074386969365955,-0.34937051739291736,1.0280027335489321,0.9372588638552726
T1_select_source,qwen7b,prior_same_model_family,12,0,0.028862348592060938,0.15362746694975674,1.0280027335489321,0.9991403849568712
T1_select_source,qwen7b,prior_cross_model_family,12,0,0.00027174059266354966,-0.15362746694975674,1.0280027335489321,1.0277309929562686
T1_select_source,qwen7b,prior_source_param_b,12,0,0.09074386969365955,-0.4230722485811842,1.0280027335489321,0.9372588638552726
T1_select_source,qwen7b,prior_log_param_ratio_target_over_source,12,0,0.00027174059266354966,0.4230722485811842,1.0280027335489321,1.0277309929562686
T1_select_source,qwen7b,prior_param_tier_jump,12,0,0.00027174059266354966,0.3843530573929037,1.0280027335489321,1.0277309929562686
T1_select_source,qwen7b,pair_normalized_direction_rmse,12,0,0.09074386969365955,-0.26573426573426573,1.0280027335489321,0.9372588638552726
T1_select_source,qwen7b,target_readability_z2_mean,12,0,0.09074386969365955,-0.27972027972027974,1.0280027335489321,0.9372588638552726
T1_select_source,qwen7b,target_readability_tail_frac,12,0,0.06866830966589366,-0.2750631595072955,1.0280027335489321,0.9593344238830385
T1_select_source,qwen7b,target_magnitude_tail_frac,12,0,0.028862348592060938,0.2537880294917678,1.0280027335489321,0.9991403849568712
T1_select_source,qwen7b,target_readability_cross_entropy,12,0,0.044673616898748825,-0.18181818181818182,1.0280027335489321,0.9833291166501833
T1_select_source,qwen7b,source_to_target_anchor_kl,12,0,0.05424688159423807,-0.3356643356643357,1.0280027335489321,0.973755851954694
T1_select_source,qwen7b,target_readability_energy,12,0,0.09621054563401576,-0.38461538461538464,1.0280027335489321,0.9317921879149164
T1_select_source,qwen7b,source_target_top_anchor_overlap,12,0,0.028862348592060938,0.13286713286713286,1.0280027335489321,0.9991403849568712
T1_select_source,qwen7b,source_target_direction_entropy_gap,12,0,0.008425303623028402,-0.32167832167832167,1.0280027335489321,1.0195774299259037
T1_select_source,qwen7b,source_target_direction_dispersion_gap,12,0,0.00027174059266354966,-0.006993006993006993,1.0280027335489321,1.0277309929562686
T1_select_source,qwen7b,diagnostic_source_direction_entropy_mean,12,0,0.008425303623028402,-0.32167832167832167,1.0280027335489321,1.0195774299259037
T1_select_source,qwen7b,diagnostic_target_direction_entropy,12,0,0.00027174059266354966,0.00763381020690574,1.0280027335489321,1.0277309929562686
T1_select_source,qwen7b,diagnostic_source_direction_std_mean,12,0,0.00027174059266354966,-0.09090909090909091,1.0280027335489321,1.0277309929562686
T1_select_source,qwen7b,_z_log_param_ratio,12,0,0.00027174059266354966,0.4230722485811842,1.0280027335489321,1.0277309929562686
T1_select_source,qwen7b,_z_neg_direction_rmse,12,0,0.09074386969365955,-0.22377622377622378,1.0280027335489321,0.9372588638552726
T1_select_source,qwen7b,_z_neg_anchor_js,12,0,0.05424688159423807,-0.3356643356643357,1.0280027335489321,0.973755851954694
T1_select_source,qwen7b,_z_neg_magnitude_rmse,12,0,0.00027174059266354966,0.32867132867132864,1.0280027335489321,1.0277309929562686
T1_select_source,qwen7b,_z_neg_subspace_residual,12,0,0.09621054563401576,-0.16783216783216784,1.0280027335489321,0.9317921879149164
T1_select_source,qwen7b,_z_neg_pair_norm_direction_rmse,12,0,0.09074386969365955,-0.26573426573426573,1.0280027335489321,0.9372588638552726
T1_select_source,qwen7b,_z_neg_target_readability_z2,12,0,0.09074386969365955,-0.27972027972027974,1.0280027335489321,0.9372588638552726
T1_select_source,qwen7b,_z_neg_target_readability_tail,12,0,0.06866830966589366,-0.2750631595072955,1.0280027335489321,0.9593344238830385
T1_select_source,qwen7b,_z_neg_target_magnitude_tail,12,0,0.028862348592060938,0.2537880294917678,1.0280027335489321,0.9991403849568712
T1_select_source,qwen7b,_z_neg_target_readability_ce,12,0,0.044673616898748825,-0.18181818181818182,1.0280027335489321,0.9833291166501833
T1_select_source,qwen7b,_z_neg_source_to_target_kl,12,0,0.05424688159423807,-0.3356643356643357,1.0280027335489321,0.973755851954694
T1_select_source,qwen7b,_z_target_readability_energy,12,0,0.09621054563401576,-0.38461538461538464,1.0280027335489321,0.9317921879149164
T1_select_source,qwen7b,_z_top_anchor_overlap,12,0,0.028862348592060938,0.13286713286713286,1.0280027335489321,0.9991403849568712
T1_select_source,qwen7b,_z_neg_direction_entropy_gap,12,0,0.008425303623028402,-0.32167832167832167,1.0280027335489321,1.0195774299259037
T1_select_source,qwen7b,_z_neg_direction_dispersion_gap,12,0,0.00027174059266354966,-0.006993006993006993,1.0280027335489321,1.0277309929562686
T1_select_source,qwen7b,_z_neg_source_native_nll,12,0,0.05424688159423807,-0.38461538461538464,1.0280027335489321,0.973755851954694
T1_select_source,qwen7b,combined_hidden_direction_score,12,0,0.09074386969365955,-0.22377622377622378,1.0280027335489321,0.9372588638552726
T1_select_source,qwen7b,combined_hidden_js_score,12,0,0.05424688159423807,-0.3356643356643357,1.0280027335489321,0.973755851954694
T1_select_source,qwen7b,combined_hidden_source_quality_score,12,0,0.05424688159423807,-0.38461538461538464,1.0280027335489321,0.973755851954694
T1_select_source,qwen7b,combined_param_direction_score,12,0,0.09074386969365955,-0.22377622377622378,1.0280027335489321,0.9372588638552726
T1_select_source,qwen7b,combined_ratio_direction_score,12,0,0.0467436249905987,0.3776223776223776,1.0280027335489321,0.9812591085583334
T1_select_source,qwen7b,pair_geometry_compatibility_score,12,0,0.00027174059266354966,0.2867132867132867,1.0280027335489321,1.0277309929562686
T2_select_target,gpt2:llama1b,rel_direction_l1_to_target,6,1,0.0,0.6,1.0277309929562686,1.0277309929562686
T2_select_target,gpt2:llama1b,rel_direction_rmse_to_target,6,1,0.0,0.6,1.0277309929562686,1.0277309929562686
T2_select_target,gpt2:llama1b,rel_magnitude_l1_to_target,6,0,0.0732192500638087,-0.08571428571428572,1.0277309929562686,0.9545117428924599
T2_select_target,gpt2:llama1b,rel_magnitude_rmse_to_target,6,0,0.0732192500638087,-0.6,1.0277309929562686,0.9545117428924599
T2_select_target,gpt2:llama1b,memory_target_norm_gap,6,0,0.6954631413472995,-0.4857142857142857,1.0277309929562686,0.3322678516089691
T2_select_target,gpt2:llama1b,anchor_direction_js_to_target,6,0,0.033122855181733635,0.37142857142857144,1.0277309929562686,0.9946081377745349
T2_select_target,gpt2:llama1b,target_direction_subspace_residual,6,0,0.04207722097294864,-0.5428571428571428,1.0277309929562686,0.9856537719833199
T2_select_target,gpt2:llama1b,capacity_normalized_direction_rmse,6,1,0.0,0.6,1.0277309929562686,1.0277309929562686
T2_select_target,gpt2:llama1b,diagnostic_rel_direction_z2_mean,6,1,0.0,0.4857142857142857,1.0277309929562686,1.0277309929562686
T2_select_target,gpt2:llama1b,diagnostic_rel_magnitude_z_abs_mean,6,0,0.033122855181733635,0.8857142857142857,1.0277309929562686,0.9946081377745349
T2_select_target,gpt2:llama1b,diagnostic_target_direction_std_mean,6,0,0.04207722097294864,-0.37142857142857144,1.0277309929562686,0.9856537719833199
T2_select_target,gpt2:llama1b,diagnostic_target_direction_std_min,6,1,0.0,-0.08571428571428572,1.0277309929562686,1.0277309929562686
T2_select_target,gpt2:llama1b,diagnostic_target_magnitude_std_mean,6,0,0.033122855181733635,0.8857142857142857,1.0277309929562686,0.9946081377745349
T2_select_target,gpt2:llama1b,diagnostic_target_magnitude_std_min,6,0,0.033122855181733635,0.8857142857142857,1.0277309929562686,0.9946081377745349
T2_select_target,gpt2:llama1b,target_text_nll,6,0,0.0732192500638087,0.08571428571428572,1.0277309929562686,0.9545117428924599
T2_select_target,gpt2:llama1b,source_native_nll,6,0,0.6954631413472995,-0.42857142857142855,1.0277309929562686,0.3322678516089691
T2_select_target,gpt2:llama1b,target_minus_source_nll,6,0,0.0732192500638087,0.08571428571428572,1.0277309929562686,0.9545117428924599
T2_select_target,gpt2:llama1b,target_hidden_size,6,0,0.033122855181733635,0.6087595874350709,1.0277309929562686,0.9946081377745349
T2_select_target,gpt2:llama1b,abs_log_hidden_ratio,6,0,0.6954631413472995,-0.6667366910003157,1.0277309929562686,0.3322678516089691
T2_select_target,gpt2:llama1b,prior_same_model_family,6,0,0.04207722097294864,0.41403933560541256,1.0277309929562686,0.9856537719833199
T2_select_target,gpt2:llama1b,prior_cross_model_family,6,0,0.0732192500638087,-0.41403933560541256,1.0277309929562686,0.9545117428924599
T2_select_target,gpt2:llama1b,prior_target_param_b,6,0,0.033122855181733635,0.6767633692869746,1.0277309929562686,0.9946081377745349
T2_select_target,gpt2:llama1b,prior_log_param_ratio_target_over_source,6,0,0.033122855181733635,0.6767633692869746,1.0277309929562686,0.9946081377745349
T2_select_target,gpt2:llama1b,prior_param_tier_jump,6,0,0.04207722097294864,0.3927922024247863,1.0277309929562686,0.9856537719833199
T2_select_target,gpt2:llama1b,pair_normalized_direction_rmse,6,1,0.0,0.6,1.0277309929562686,1.0277309929562686
T2_select_target,gpt2:llama1b,target_readability_z2_mean,6,1,0.0,0.4857142857142857,1.0277309929562686,1.0277309929562686
T2_select_target,gpt2:llama1b,target_readability_tail_frac,6,1,0.0,0.6,1.0277309929562686,1.0277309929562686
T2_select_target,gpt2:llama1b,target_readability_cross_entropy,6,0,0.033122855181733635,0.37142857142857144,1.0277309929562686,0.9946081377745349
T2_select_target,gpt2:llama1b,source_to_target_anchor_kl,6,0,0.033122855181733635,0.37142857142857144,1.0277309929562686,0.9946081377745349
T2_select_target,gpt2:llama1b,target_readability_energy,6,0,0.0732192500638087,0.2571428571428571,1.0277309929562686,0.9545117428924599
T2_select_target,gpt2:llama1b,source_target_top_anchor_overlap,6,0,0.033122855181733635,-0.14285714285714285,1.0277309929562686,0.9946081377745349
T2_select_target,gpt2:llama1b,source_target_direction_entropy_gap,6,0,0.6954631413472995,-0.08571428571428572,1.0277309929562686,0.3322678516089691
T2_select_target,gpt2:llama1b,source_target_direction_dispersion_gap,6,0,0.033122855181733635,0.37142857142857144,1.0277309929562686,0.9946081377745349
T2_select_target,gpt2:llama1b,diagnostic_source_direction_entropy_mean,6,0,0.033122855181733635,0.39466488146729556,1.0277309929562686,0.9946081377745349
T2_select_target,gpt2:llama1b,diagnostic_target_direction_entropy,6,0,0.033122855181733635,0.37142857142857144,1.0277309929562686,0.9946081377745349
T2_select_target,gpt2:llama1b,diagnostic_source_direction_std_mean,6,0,0.04207722097294864,0.2125118592516207,1.0277309929562686,0.9856537719833199
T2_select_target,gpt2:llama1b,_z_target_hidden_size,6,0,0.033122855181733635,0.6087595874350709,1.0277309929562686,0.9946081377745349
T2_select_target,gpt2:llama1b,_z_prior_target_param_b,6,0,0.033122855181733635,0.6767633692869746,1.0277309929562686,0.9946081377745349
T2_select_target,gpt2:llama1b,_z_log_param_ratio,6,0,0.033122855181733635,0.6767633692869746,1.0277309929562686,0.9946081377745349
T2_select_target,gpt2:llama1b,_z_neg_direction_rmse,6,1,0.0,0.6,1.0277309929562686,1.0277309929562686
T2_select_target,gpt2:llama1b,_z_neg_anchor_js,6,0,0.033122855181733635,0.37142857142857144,1.0277309929562686,0.9946081377745349
T2_select_target,gpt2:llama1b,_z_neg_magnitude_rmse,6,0,0.0732192500638087,-0.6,1.0277309929562686,0.9545117428924599
T2_select_target,gpt2:llama1b,_z_neg_subspace_residual,6,0,0.04207722097294864,-0.5428571428571428,1.0277309929562686,0.9856537719833199
T2_select_target,gpt2:llama1b,_z_neg_pair_norm_direction_rmse,6,1,0.0,0.6,1.0277309929562686,1.0277309929562686
T2_select_target,gpt2:llama1b,_z_neg_target_readability_z2,6,1,0.0,0.4857142857142857,1.0277309929562686,1.0277309929562686
T2_select_target,gpt2:llama1b,_z_neg_target_readability_tail,6,1,0.0,0.6,1.0277309929562686,1.0277309929562686
T2_select_target,gpt2:llama1b,_z_neg_target_readability_ce,6,0,0.033122855181733635,0.37142857142857144,1.0277309929562686,0.9946081377745349
T2_select_target,gpt2:llama1b,_z_neg_source_to_target_kl,6,0,0.033122855181733635,0.37142857142857144,1.0277309929562686,0.9946081377745349
T2_select_target,gpt2:llama1b,_z_target_readability_energy,6,0,0.0732192500638087,0.2571428571428571,1.0277309929562686,0.9545117428924599
T2_select_target,gpt2:llama1b,_z_top_anchor_overlap,6,0,0.033122855181733635,-0.14285714285714285,1.0277309929562686,0.9946081377745349
T2_select_target,gpt2:llama1b,_z_neg_direction_entropy_gap,6,0,0.6954631413472995,-0.08571428571428572,1.0277309929562686,0.3322678516089691
T2_select_target,gpt2:llama1b,_z_neg_direction_dispersion_gap,6,0,0.033122855181733635,0.37142857142857144,1.0277309929562686,0.9946081377745349
T2_select_target,gpt2:llama1b,_z_neg_source_native_nll,6,0,0.6954631413472995,-0.42857142857142855,1.0277309929562686,0.3322678516089691
T2_select_target,gpt2:llama1b,combined_hidden_direction_score,6,0,0.033122855181733635,0.4857142857142857,1.0277309929562686,0.9946081377745349
T2_select_target,gpt2:llama1b,combined_hidden_js_score,6,0,0.033122855181733635,0.4857142857142857,1.0277309929562686,0.9946081377745349
T2_select_target,gpt2:llama1b,combined_hidden_source_quality_score,6,0,0.033122855181733635,0.6571428571428571,1.0277309929562686,0.9946081377745349
T2_select_target,gpt2:llama1b,combined_param_direction_score,6,0,0.033122855181733635,0.5428571428571428,1.0277309929562686,0.9946081377745349
T2_select_target,gpt2:llama1b,combined_ratio_direction_score,6,0,0.033122855181733635,0.5428571428571428,1.0277309929562686,0.9946081377745349
T2_select_target,gpt2:llama1b,pair_geometry_compatibility_score,6,1,0.0,0.6,1.0277309929562686,1.0277309929562686
T2_select_target,gpt2:llama3b,rel_direction_l1_to_target,6,0,0.008303152977113926,0.7714285714285715,0.9676375768601524,0.9593344238830385
T2_select_target,gpt2:llama3b,rel_direction_rmse_to_target,6,0,0.008303152977113926,0.7714285714285715,0.9676375768601524,0.9593344238830385
T2_select_target,gpt2:llama3b,rel_magnitude_l1_to_target,6,0,0.05082044052994317,-0.08571428571428572,0.9676375768601524,0.9168171363302092
T2_select_target,gpt2:llama3b,rel_magnitude_rmse_to_target,6,0,0.05082044052994317,-0.4857142857142857,0.9676375768601524,0.9168171363302092
T2_select_target,gpt2:llama3b,memory_target_norm_gap,6,0,0.5184208183904474,-0.7714285714285715,0.9676375768601524,0.449216758469705
T2_select_target,gpt2:llama3b,anchor_direction_js_to_target,6,1,0.0,0.8285714285714286,0.9676375768601524,0.9676375768601524
T2_select_target,gpt2:llama3b,target_direction_subspace_residual,6,0,0.1710581878805888,-0.7714285714285715,0.9676375768601524,0.7965793889795636
T2_select_target,gpt2:llama3b,capacity_normalized_direction_rmse,6,0,0.008303152977113926,0.7714285714285715,0.9676375768601524,0.9593344238830385
T2_select_target,gpt2:llama3b,diagnostic_rel_direction_z2_mean,6,0,0.008303152977113926,0.42857142857142855,0.9676375768601524,0.9593344238830385
T2_select_target,gpt2:llama3b,diagnostic_rel_magnitude_z_abs_mean,6,1,0.0,0.9428571428571428,0.9676375768601524,0.9676375768601524
T2_select_target,gpt2:llama3b,diagnostic_target_direction_std_mean,6,0,0.1710581878805888,-0.7714285714285715,0.9676375768601524,0.7965793889795636
T2_select_target,gpt2:llama3b,diagnostic_target_direction_std_min,6,0,0.008303152977113926,-0.42857142857142855,0.9676375768601524,0.9593344238830385
T2_select_target,gpt2:llama3b,diagnostic_target_magnitude_std_mean,6,1,0.0,0.9428571428571428,0.9676375768601524,0.9676375768601524
T2_select_target,gpt2:llama3b,diagnostic_target_magnitude_std_min,6,1,0.0,0.9428571428571428,0.9676375768601524,0.9676375768601524
T2_select_target,gpt2:llama3b,target_text_nll,6,0,0.05082044052994317,0.37142857142857144,0.9676375768601524,0.9168171363302092
T2_select_target,gpt2:llama3b,source_native_nll,6,0,0.5184208183904474,-0.08571428571428572,0.9676375768601524,0.449216758469705
T2_select_target,gpt2:llama3b,target_minus_source_nll,6,0,0.05082044052994317,0.37142857142857144,0.9676375768601524,0.9168171363302092
T2_select_target,gpt2:llama3b,target_hidden_size,6,1,0.0,0.8827348295047495,0.9676375768601524,0.9676375768601524
T2_select_target,gpt2:llama3b,abs_log_hidden_ratio,6,0,0.008303152977113926,0.8827348295047495,0.9676375768601524,0.9593344238830385
T2_select_target,gpt2:llama3b,prior_same_model_family,6,0,0.1710581878805888,0.41403933560541256,0.9676375768601524,0.7965793889795636
T2_select_target,gpt2:llama3b,prior_cross_model_family,6,0,0.05082044052994317,-0.41403933560541256,0.9676375768601524,0.9168171363302092
T2_select_target,gpt2:llama3b,prior_target_param_b,6,1,0.0,0.8116794499134278,0.9676375768601524,0.9676375768601524
T2_select_target,gpt2:llama3b,prior_log_param_ratio_target_over_source,6,1,0.0,0.8116794499134278,0.9676375768601524,0.9676375768601524
T2_select_target,gpt2:llama3b,prior_param_tier_jump,6,1,0.0,0.6761234037828133,0.9676375768601524,0.9676375768601524
T2_select_target,gpt2:llama3b,pair_normalized_direction_rmse,6,0,0.008303152977113926,0.7714285714285715,0.9676375768601524,0.9593344238830385
T2_select_target,gpt2:llama3b,target_readability_z2_mean,6,0,0.008303152977113926,0.42857142857142855,0.9676375768601524,0.9593344238830385
T2_select_target,gpt2:llama3b,target_readability_tail_frac,6,0,0.008303152977113926,0.6571428571428571,0.9676375768601524,0.9593344238830385
T2_select_target,gpt2:llama3b,target_readability_cross_entropy,6,0,0.05082044052994317,0.6571428571428571,0.9676375768601524,0.9168171363302092
T2_select_target,gpt2:llama3b,source_to_target_anchor_kl,6,1,0.0,0.8285714285714286,0.9676375768601524,0.9676375768601524
T2_select_target,gpt2:llama3b,target_readability_energy,6,0,0.1710581878805888,-0.8285714285714286,0.9676375768601524,0.7965793889795636
T2_select_target,gpt2:llama3b,source_target_top_anchor_overlap,6,0,0.1710581878805888,-0.02857142857142857,0.9676375768601524,0.7965793889795636
T2_select_target,gpt2:llama3b,source_target_direction_entropy_gap,6,0,0.008303152977113926,0.7714285714285715,0.9676375768601524,0.9593344238830385
T2_select_target,gpt2:llama3b,source_target_direction_dispersion_gap,6,1,0.0,0.7714285714285715,0.9676375768601524,0.9676375768601524
T2_select_target,gpt2:llama3b,diagnostic_source_direction_entropy_mean,6,0,0.1710581878805888,0.15179418517972906,0.9676375768601524,0.7965793889795636
T2_select_target,gpt2:llama3b,diagnostic_target_direction_entropy,6,1,0.0,0.7714285714285715,0.9676375768601524,0.9676375768601524
T2_select_target,gpt2:llama3b,diagnostic_source_direction_std_mean,6,0,0.6908492963263382,-0.5161002296110788,0.9676375768601524,0.27678828053381416
T2_select_target,gpt2:llama3b,_z_target_hidden_size,6,1,0.0,0.8827348295047495,0.9676375768601524,0.9676375768601524
T2_select_target,gpt2:llama3b,_z_prior_target_param_b,6,1,0.0,0.8116794499134278,0.9676375768601524,0.9676375768601524
T2_select_target,gpt2:llama3b,_z_log_param_ratio,6,1,0.0,0.8116794499134278,0.9676375768601524,0.9676375768601524
T2_select_target,gpt2:llama3b,_z_neg_direction_rmse,6,0,0.008303152977113926,0.7714285714285715,0.9676375768601524,0.9593344238830385
T2_select_target,gpt2:llama3b,_z_neg_anchor_js,6,1,0.0,0.8285714285714286,0.9676375768601524,0.9676375768601524
T2_select_target,gpt2:llama3b,_z_neg_magnitude_rmse,6,0,0.05082044052994317,-0.4857142857142857,0.9676375768601524,0.9168171363302092
T2_select_target,gpt2:llama3b,_z_neg_subspace_residual,6,0,0.1710581878805888,-0.7714285714285715,0.9676375768601524,0.7965793889795636
T2_select_target,gpt2:llama3b,_z_neg_pair_norm_direction_rmse,6,0,0.008303152977113926,0.7714285714285715,0.9676375768601524,0.9593344238830385
T2_select_target,gpt2:llama3b,_z_neg_target_readability_z2,6,0,0.008303152977113926,0.42857142857142855,0.9676375768601524,0.9593344238830385
T2_select_target,gpt2:llama3b,_z_neg_target_readability_tail,6,0,0.008303152977113926,0.6571428571428571,0.9676375768601524,0.9593344238830385
T2_select_target,gpt2:llama3b,_z_neg_target_readability_ce,6,0,0.05082044052994317,0.6571428571428571,0.9676375768601524,0.9168171363302092
T2_select_target,gpt2:llama3b,_z_neg_source_to_target_kl,6,1,0.0,0.8285714285714286,0.9676375768601524,0.9676375768601524
T2_select_target,gpt2:llama3b,_z_target_readability_energy,6,0,0.1710581878805888,-0.8285714285714286,0.9676375768601524,0.7965793889795636
T2_select_target,gpt2:llama3b,_z_top_anchor_overlap,6,0,0.1710581878805888,-0.02857142857142857,0.9676375768601524,0.7965793889795636
T2_select_target,gpt2:llama3b,_z_neg_direction_entropy_gap,6,0,0.008303152977113926,0.7714285714285715,0.9676375768601524,0.9593344238830385
T2_select_target,gpt2:llama3b,_z_neg_direction_dispersion_gap,6,1,0.0,0.7714285714285715,0.9676375768601524,0.9676375768601524
T2_select_target,gpt2:llama3b,_z_neg_source_native_nll,6,0,0.5184208183904474,-0.08571428571428572,0.9676375768601524,0.449216758469705
T2_select_target,gpt2:llama3b,combined_hidden_direction_score,6,1,0.0,0.7714285714285715,0.9676375768601524,0.9676375768601524
T2_select_target,gpt2:llama3b,combined_hidden_js_score,6,1,0.0,0.7714285714285715,0.9676375768601524,0.9676375768601524
T2_select_target,gpt2:llama3b,combined_hidden_source_quality_score,6,0,0.05082044052994317,0.7714285714285715,0.9676375768601524,0.9168171363302092
T2_select_target,gpt2:llama3b,combined_param_direction_score,6,1,0.0,0.8285714285714286,0.9676375768601524,0.9676375768601524
T2_select_target,gpt2:llama3b,combined_ratio_direction_score,6,1,0.0,0.8285714285714286,0.9676375768601524,0.9676375768601524
T2_select_target,gpt2:llama3b,pair_geometry_compatibility_score,6,1,0.0,0.7714285714285715,0.9676375768601524,0.9676375768601524
T2_select_target,gpt2:llama8b,rel_direction_l1_to_target,6,1,0.0,0.2,0.9372588638552726,0.9372588638552726
T2_select_target,gpt2:llama8b,rel_direction_rmse_to_target,6,1,0.0,0.2,0.9372588638552726,0.9372588638552726
T2_select_target,gpt2:llama8b,rel_magnitude_l1_to_target,6,0,0.5492845077512327,-0.14285714285714285,0.9372588638552726,0.38797435610403985
T2_select_target,gpt2:llama8b,rel_magnitude_rmse_to_target,6,0,0.5492845077512327,-0.42857142857142855,0.9372588638552726,0.38797435610403985
T2_select_target,gpt2:llama8b,memory_target_norm_gap,6,0,0.6092745986627861,-0.5428571428571428,0.9372588638552726,0.32798426519248647
T2_select_target,gpt2:llama8b,anchor_direction_js_to_target,6,0,0.07477822671925516,0.08571428571428572,0.9372588638552726,0.8624806371360174
T2_select_target,gpt2:llama8b,target_direction_subspace_residual,6,0,0.04937997608351996,-0.2,0.9372588638552726,0.8878788877717526
T2_select_target,gpt2:llama8b,capacity_normalized_direction_rmse,6,1,0.0,0.2,0.9372588638552726,0.9372588638552726
T2_select_target,gpt2:llama8b,diagnostic_rel_direction_z2_mean,6,1,0.0,0.2,0.9372588638552726,0.9372588638552726
T2_select_target,gpt2:llama8b,diagnostic_rel_magnitude_z_abs_mean,6,1,0.0,0.9428571428571428,0.9372588638552726,0.9372588638552726
T2_select_target,gpt2:llama8b,diagnostic_target_direction_std_mean,6,0,0.1536446940660724,-0.2,0.9372588638552726,0.7836141697892002
T2_select_target,gpt2:llama8b,diagnostic_target_direction_std_min,6,1,0.0,-0.08571428571428572,0.9372588638552726,0.9372588638552726
T2_select_target,gpt2:llama8b,diagnostic_target_magnitude_std_mean,6,1,0.0,0.9428571428571428,0.9372588638552726,0.9372588638552726
T2_select_target,gpt2:llama8b,diagnostic_target_magnitude_std_min,6,1,0.0,0.9428571428571428,0.9372588638552726,0.9372588638552726
T2_select_target,gpt2:llama8b,target_text_nll,6,0,0.07477822671925516,0.2,0.9372588638552726,0.8624806371360174
T2_select_target,gpt2:llama8b,source_native_nll,6,0,0.6092745986627861,-0.3142857142857143,0.9372588638552726,0.32798426519248647
T2_select_target,gpt2:llama8b,target_minus_source_nll,6,0,0.07477822671925516,0.2,0.9372588638552726,0.8624806371360174
T2_select_target,gpt2:llama8b,target_hidden_size,6,0,0.07477822671925516,0.7247137945655605,0.9372588638552726,0.8624806371360174
T2_select_target,gpt2:llama8b,abs_log_hidden_ratio,6,0,0.07477822671925516,0.7247137945655605,0.9372588638552726,0.8624806371360174
T2_select_target,gpt2:llama8b,prior_same_model_family,6,0,0.1536446940660724,0.20701966780270628,0.9372588638552726,0.7836141697892002
T2_select_target,gpt2:llama8b,prior_cross_model_family,6,0,0.07477822671925516,-0.20701966780270628,0.9372588638552726,0.8624806371360174
T2_select_target,gpt2:llama8b,prior_target_param_b,6,0,0.07477822671925516,0.5590653920196746,0.9372588638552726,0.8624806371360174
T2_select_target,gpt2:llama8b,prior_log_param_ratio_target_over_source,6,0,0.07477822671925516,0.5590653920196746,0.9372588638552726,0.8624806371360174
T2_select_target,gpt2:llama8b,prior_param_tier_jump,6,0,0.1536446940660724,-0.6210590034081188,0.9372588638552726,0.7836141697892002
T2_select_target,gpt2:llama8b,pair_normalized_direction_rmse,6,1,0.0,0.2,0.9372588638552726,0.9372588638552726
T2_select_target,gpt2:llama8b,target_readability_z2_mean,6,1,0.0,0.2,0.9372588638552726,0.9372588638552726
T2_select_target,gpt2:llama8b,target_readability_tail_frac,6,1,0.0,0.2,0.9372588638552726,0.9372588638552726
T2_select_target,gpt2:llama8b,target_readability_cross_entropy,6,0,0.07477822671925516,0.08571428571428572,0.9372588638552726,0.8624806371360174
T2_select_target,gpt2:llama8b,source_to_target_anchor_kl,6,0,0.07477822671925516,0.08571428571428572,0.9372588638552726,0.8624806371360174
T2_select_target,gpt2:llama8b,target_readability_energy,6,0,0.07477822671925516,0.08571428571428572,0.9372588638552726,0.8624806371360174
T2_select_target,gpt2:llama8b,source_target_top_anchor_overlap,6,1,0.0,0.2571428571428571,0.9372588638552726,0.9372588638552726
T2_select_target,gpt2:llama8b,source_target_direction_entropy_gap,6,0,0.07477822671925516,0.08571428571428572,0.9372588638552726,0.8624806371360174
T2_select_target,gpt2:llama8b,source_target_direction_dispersion_gap,6,0,0.07477822671925516,0.2,0.9372588638552726,0.8624806371360174
T2_select_target,gpt2:llama8b,diagnostic_source_direction_entropy_mean,6,0,0.07477822671925516,-0.09258200997725516,0.9372588638552726,0.8624806371360174
T2_select_target,gpt2:llama8b,diagnostic_target_direction_entropy,6,0,0.07477822671925516,0.08571428571428572,0.9372588638552726,0.8624806371360174
T2_select_target,gpt2:llama8b,diagnostic_source_direction_std_mean,6,0,0.5492845077512327,-0.27774602993176545,0.9372588638552726,0.38797435610403985
T2_select_target,gpt2:llama8b,_z_target_hidden_size,6,0,0.07477822671925516,0.7247137945655605,0.9372588638552726,0.8624806371360174
T2_select_target,gpt2:llama8b,_z_prior_target_param_b,6,0,0.07477822671925516,0.5590653920196746,0.9372588638552726,0.8624806371360174
T2_select_target,gpt2:llama8b,_z_log_param_ratio,6,0,0.07477822671925516,0.5590653920196746,0.9372588638552726,0.8624806371360174
T2_select_target,gpt2:llama8b,_z_neg_direction_rmse,6,1,0.0,0.2,0.9372588638552726,0.9372588638552726
T2_select_target,gpt2:llama8b,_z_neg_anchor_js,6,0,0.07477822671925516,0.08571428571428572,0.9372588638552726,0.8624806371360174
T2_select_target,gpt2:llama8b,_z_neg_magnitude_rmse,6,0,0.5492845077512327,-0.42857142857142855,0.9372588638552726,0.38797435610403985
T2_select_target,gpt2:llama8b,_z_neg_subspace_residual,6,0,0.04937997608351996,-0.2,0.9372588638552726,0.8878788877717526
T2_select_target,gpt2:llama8b,_z_neg_pair_norm_direction_rmse,6,1,0.0,0.2,0.9372588638552726,0.9372588638552726
T2_select_target,gpt2:llama8b,_z_neg_target_readability_z2,6,1,0.0,0.2,0.9372588638552726,0.9372588638552726
T2_select_target,gpt2:llama8b,_z_neg_target_readability_tail,6,1,0.0,0.2,0.9372588638552726,0.9372588638552726
T2_select_target,gpt2:llama8b,_z_neg_target_readability_ce,6,0,0.07477822671925516,0.08571428571428572,0.9372588638552726,0.8624806371360174
T2_select_target,gpt2:llama8b,_z_neg_source_to_target_kl,6,0,0.07477822671925516,0.08571428571428572,0.9372588638552726,0.8624806371360174
T2_select_target,gpt2:llama8b,_z_target_readability_energy,6,0,0.07477822671925516,0.08571428571428572,0.9372588638552726,0.8624806371360174
T2_select_target,gpt2:llama8b,_z_top_anchor_overlap,6,1,0.0,0.2571428571428571,0.9372588638552726,0.9372588638552726
T2_select_target,gpt2:llama8b,_z_neg_direction_entropy_gap,6,0,0.07477822671925516,0.08571428571428572,0.9372588638552726,0.8624806371360174
T2_select_target,gpt2:llama8b,_z_neg_direction_dispersion_gap,6,0,0.07477822671925516,0.2,0.9372588638552726,0.8624806371360174
T2_select_target,gpt2:llama8b,_z_neg_source_native_nll,6,0,0.6092745986627861,-0.3142857142857143,0.9372588638552726,0.32798426519248647
T2_select_target,gpt2:llama8b,combined_hidden_direction_score,6,0,0.07477822671925516,0.37142857142857144,0.9372588638552726,0.8624806371360174
T2_select_target,gpt2:llama8b,combined_hidden_js_score,6,0,0.07477822671925516,0.2,0.9372588638552726,0.8624806371360174
T2_select_target,gpt2:llama8b,combined_hidden_source_quality_score,6,0,0.07477822671925516,0.6571428571428571,0.9372588638552726,0.8624806371360174
T2_select_target,gpt2:llama8b,combined_param_direction_score,6,1,0.0,0.3142857142857143,0.9372588638552726,0.9372588638552726
T2_select_target,gpt2:llama8b,combined_ratio_direction_score,6,1,0.0,0.3142857142857143,0.9372588638552726,0.9372588638552726
T2_select_target,gpt2:llama8b,pair_geometry_compatibility_score,6,1,0.0,0.2,0.9372588638552726,0.9372588638552726
T2_select_target,gpt2:mistral7b,rel_direction_l1_to_target,6,1,0.0,0.2571428571428571,1.0195774299259037,1.0195774299259037
T2_select_target,gpt2:mistral7b,rel_direction_rmse_to_target,6,1,0.0,0.2571428571428571,1.0195774299259037,1.0195774299259037
T2_select_target,gpt2:mistral7b,rel_magnitude_l1_to_target,6,0,0.014585402043158835,-0.2571428571428571,1.0195774299259037,1.0049920278827449
T2_select_target,gpt2:mistral7b,rel_magnitude_rmse_to_target,6,0,0.014585402043158835,-0.2571428571428571,1.0195774299259037,1.0049920278827449
T2_select_target,gpt2:mistral7b,memory_target_norm_gap,6,0,0.6252163190924787,-0.37142857142857144,1.0195774299259037,0.394361110833425
T2_select_target,gpt2:mistral7b,anchor_direction_js_to_target,6,0,0.10192908541242474,0.08571428571428572,1.0195774299259037,0.917648344513479
T2_select_target,gpt2:mistral7b,target_direction_subspace_residual,6,0,0.09130527354146956,-0.2571428571428571,1.0195774299259037,0.9282721563844342
T2_select_target,gpt2:mistral7b,capacity_normalized_direction_rmse,6,1,0.0,0.2571428571428571,1.0195774299259037,1.0195774299259037
T2_select_target,gpt2:mistral7b,diagnostic_rel_direction_z2_mean,6,0,0.6252163190924787,-0.08571428571428572,1.0195774299259037,0.394361110833425
T2_select_target,gpt2:mistral7b,diagnostic_rel_magnitude_z_abs_mean,6,1,0.0,0.4857142857142857,1.0195774299259037,1.0195774299259037
T2_select_target,gpt2:mistral7b,diagnostic_target_direction_std_mean,6,0,0.014585402043158835,-0.14285714285714285,1.0195774299259037,1.0049920278827449
T2_select_target,gpt2:mistral7b,diagnostic_target_direction_std_min,6,0,0.014585402043158835,-0.37142857142857144,1.0195774299259037,1.0049920278827449
T2_select_target,gpt2:mistral7b,diagnostic_target_magnitude_std_mean,6,1,0.0,0.4857142857142857,1.0195774299259037,1.0195774299259037
T2_select_target,gpt2:mistral7b,diagnostic_target_magnitude_std_min,6,1,0.0,0.4857142857142857,1.0195774299259037,1.0195774299259037
T2_select_target,gpt2:mistral7b,target_text_nll,6,1,0.0,0.2571428571428571,1.0195774299259037,1.0195774299259037
T2_select_target,gpt2:mistral7b,source_native_nll,6,0,0.10192908541242474,0.08571428571428572,1.0195774299259037,0.917648344513479
T2_select_target,gpt2:mistral7b,target_minus_source_nll,6,1,0.0,0.2571428571428571,1.0195774299259037,1.0195774299259037
T2_select_target,gpt2:mistral7b,target_hidden_size,6,0,0.10192908541242474,0.17393131069573453,1.0195774299259037,0.917648344513479
T2_select_target,gpt2:mistral7b,abs_log_hidden_ratio,6,0,0.10192908541242474,0.17393131069573453,1.0195774299259037,0.917648344513479
T2_select_target,gpt2:mistral7b,prior_target_param_b,6,0,0.10192908541242474,0.23190841426097938,1.0195774299259037,0.917648344513479
T2_select_target,gpt2:mistral7b,prior_log_param_ratio_target_over_source,6,0,0.10192908541242474,0.23190841426097938,1.0195774299259037,0.917648344513479
T2_select_target,gpt2:mistral7b,prior_param_tier_jump,6,0,0.1889068706284165,-0.41403933560541256,1.0195774299259037,0.8306705592974872
T2_select_target,gpt2:mistral7b,pair_normalized_direction_rmse,6,1,0.0,0.2571428571428571,1.0195774299259037,1.0195774299259037
T2_select_target,gpt2:mistral7b,target_readability_z2_mean,6,0,0.6252163190924787,-0.08571428571428572,1.0195774299259037,0.394361110833425
T2_select_target,gpt2:mistral7b,target_readability_tail_frac,6,0,0.014585402043158835,-0.058848988633649964,1.0195774299259037,1.0049920278827449
T2_select_target,gpt2:mistral7b,target_readability_cross_entropy,6,0,0.10192908541242474,0.08571428571428572,1.0195774299259037,0.917648344513479
T2_select_target,gpt2:mistral7b,source_to_target_anchor_kl,6,0,0.10192908541242474,0.08571428571428572,1.0195774299259037,0.917648344513479
T2_select_target,gpt2:mistral7b,target_readability_energy,6,0,0.10192908541242474,0.08571428571428572,1.0195774299259037,0.917648344513479
T2_select_target,gpt2:mistral7b,source_target_top_anchor_overlap,6,0,0.10192908541242474,0.42857142857142855,1.0195774299259037,0.917648344513479
T2_select_target,gpt2:mistral7b,source_target_direction_entropy_gap,6,1,0.0,0.2571428571428571,1.0195774299259037,1.0195774299259037
T2_select_target,gpt2:mistral7b,source_target_direction_dispersion_gap,6,0,0.10192908541242474,0.2,1.0195774299259037,0.917648344513479
T2_select_target,gpt2:mistral7b,diagnostic_source_direction_entropy_mean,6,0,0.1889068706284165,-0.29277002188455997,1.0195774299259037,0.8306705592974872
T2_select_target,gpt2:mistral7b,diagnostic_target_direction_entropy,6,0,0.10192908541242474,0.08571428571428572,1.0195774299259037,0.917648344513479
T2_select_target,gpt2:mistral7b,diagnostic_source_direction_std_mean,6,0,0.1889068706284165,-0.29277002188455997,1.0195774299259037,0.8306705592974872
T2_select_target,gpt2:mistral7b,_z_target_hidden_size,6,0,0.10192908541242474,0.17393131069573453,1.0195774299259037,0.917648344513479
T2_select_target,gpt2:mistral7b,_z_prior_target_param_b,6,0,0.10192908541242474,0.23190841426097938,1.0195774299259037,0.917648344513479
T2_select_target,gpt2:mistral7b,_z_log_param_ratio,6,0,0.10192908541242474,0.23190841426097938,1.0195774299259037,0.917648344513479
T2_select_target,gpt2:mistral7b,_z_neg_direction_rmse,6,1,0.0,0.2571428571428571,1.0195774299259037,1.0195774299259037
T2_select_target,gpt2:mistral7b,_z_neg_anchor_js,6,0,0.10192908541242474,0.08571428571428572,1.0195774299259037,0.917648344513479
T2_select_target,gpt2:mistral7b,_z_neg_magnitude_rmse,6,0,0.014585402043158835,-0.2571428571428571,1.0195774299259037,1.0049920278827449
T2_select_target,gpt2:mistral7b,_z_neg_subspace_residual,6,0,0.09130527354146956,-0.2571428571428571,1.0195774299259037,0.9282721563844342
T2_select_target,gpt2:mistral7b,_z_neg_pair_norm_direction_rmse,6,1,0.0,0.2571428571428571,1.0195774299259037,1.0195774299259037
T2_select_target,gpt2:mistral7b,_z_neg_target_readability_z2,6,0,0.6252163190924787,-0.08571428571428572,1.0195774299259037,0.394361110833425
T2_select_target,gpt2:mistral7b,_z_neg_target_readability_tail,6,0,0.014585402043158835,-0.058848988633649964,1.0195774299259037,1.0049920278827449
T2_select_target,gpt2:mistral7b,_z_neg_target_readability_ce,6,0,0.10192908541242474,0.08571428571428572,1.0195774299259037,0.917648344513479
T2_select_target,gpt2:mistral7b,_z_neg_source_to_target_kl,6,0,0.10192908541242474,0.08571428571428572,1.0195774299259037,0.917648344513479
T2_select_target,gpt2:mistral7b,_z_target_readability_energy,6,0,0.10192908541242474,0.08571428571428572,1.0195774299259037,0.917648344513479
T2_select_target,gpt2:mistral7b,_z_top_anchor_overlap,6,0,0.10192908541242474,0.42857142857142855,1.0195774299259037,0.917648344513479
T2_select_target,gpt2:mistral7b,_z_neg_direction_entropy_gap,6,1,0.0,0.2571428571428571,1.0195774299259037,1.0195774299259037
T2_select_target,gpt2:mistral7b,_z_neg_direction_dispersion_gap,6,0,0.10192908541242474,0.2,1.0195774299259037,0.917648344513479
T2_select_target,gpt2:mistral7b,_z_neg_source_native_nll,6,0,0.10192908541242474,0.08571428571428572,1.0195774299259037,0.917648344513479
T2_select_target,gpt2:mistral7b,combined_hidden_direction_score,6,0,0.10192908541242474,0.14285714285714285,1.0195774299259037,0.917648344513479
T2_select_target,gpt2:mistral7b,combined_hidden_js_score,6,0,0.10192908541242474,0.14285714285714285,1.0195774299259037,0.917648344513479
T2_select_target,gpt2:mistral7b,combined_hidden_source_quality_score,6,0,0.10192908541242474,0.2,1.0195774299259037,0.917648344513479
T2_select_target,gpt2:mistral7b,combined_param_direction_score,6,0,0.10192908541242474,0.2,1.0195774299259037,0.917648344513479
T2_select_target,gpt2:mistral7b,combined_ratio_direction_score,6,1,0.0,0.37142857142857144,1.0195774299259037,1.0195774299259037
T2_select_target,gpt2:mistral7b,pair_geometry_compatibility_score,6,0,0.10192908541242474,0.08571428571428572,1.0195774299259037,0.917648344513479
T2_select_target,gpt2:qwen1.5b,rel_direction_l1_to_target,6,0,0.06272418140643832,0.7142857142857143,0.9991403849568712,0.9364162035504329
T2_select_target,gpt2:qwen1.5b,rel_direction_rmse_to_target,6,0,0.06272418140643832,0.7142857142857143,0.9991403849568712,0.9364162035504329
T2_select_target,gpt2:qwen1.5b,rel_magnitude_l1_to_target,6,0,0.08516939404763801,-0.2,0.9991403849568712,0.9139709909092332
T2_select_target,gpt2:qwen1.5b,rel_magnitude_rmse_to_target,6,0,0.08516939404763801,-0.2,0.9991403849568712,0.9139709909092332
T2_select_target,gpt2:qwen1.5b,memory_target_norm_gap,6,0,0.08908780629490742,-0.6,0.9991403849568712,0.9100525786619638
T2_select_target,gpt2:qwen1.5b,anchor_direction_js_to_target,6,0,0.08516939404763801,0.6,0.9991403849568712,0.9139709909092332
T2_select_target,gpt2:qwen1.5b,target_direction_subspace_residual,6,0,0.08908780629490742,-0.7714285714285715,0.9991403849568712,0.9100525786619638
T2_select_target,gpt2:qwen1.5b,capacity_normalized_direction_rmse,6,0,0.06272418140643832,0.7142857142857143,0.9991403849568712,0.9364162035504329
T2_select_target,gpt2:qwen1.5b,diagnostic_rel_direction_z2_mean,6,0,0.06272418140643832,-0.08571428571428572,0.9991403849568712,0.9364162035504329
T2_select_target,gpt2:qwen1.5b,diagnostic_rel_magnitude_z_abs_mean,6,1,0.0,0.42857142857142855,0.9991403849568712,0.9991403849568712
T2_select_target,gpt2:qwen1.5b,diagnostic_target_direction_std_mean,6,0,0.1951227433263012,-0.6571428571428571,0.9991403849568712,0.80401764163057
T2_select_target,gpt2:qwen1.5b,diagnostic_target_direction_std_min,6,0,0.636260135439212,-0.8285714285714286,0.9991403849568712,0.3628802495176592
T2_select_target,gpt2:qwen1.5b,diagnostic_target_magnitude_std_mean,6,1,0.0,0.42857142857142855,0.9991403849568712,0.9991403849568712
T2_select_target,gpt2:qwen1.5b,diagnostic_target_magnitude_std_min,6,1,0.0,0.42857142857142855,0.9991403849568712,0.9991403849568712
T2_select_target,gpt2:qwen1.5b,target_text_nll,6,0,0.08516939404763801,0.42857142857142855,0.9991403849568712,0.9139709909092332
T2_select_target,gpt2:qwen1.5b,source_native_nll,6,0,0.1951227433263012,0.02857142857142857,0.9991403849568712,0.80401764163057
T2_select_target,gpt2:qwen1.5b,target_minus_source_nll,6,0,0.08516939404763801,0.42857142857142855,0.9991403849568712,0.9139709909092332
T2_select_target,gpt2:qwen1.5b,target_hidden_size,6,0,0.06272418140643832,0.7944613465542745,0.9991403849568712,0.9364162035504329
T2_select_target,gpt2:qwen1.5b,abs_log_hidden_ratio,6,0,0.1951227433263012,-0.7944613465542745,0.9991403849568712,0.80401764163057
T2_select_target,gpt2:qwen1.5b,prior_same_model_family,6,0,0.636260135439212,0.0,0.9991403849568712,0.3628802495176592
T2_select_target,gpt2:qwen1.5b,prior_cross_model_family,6,0,0.1951227433263012,0.0,0.9991403849568712,0.80401764163057
T2_select_target,gpt2:qwen1.5b,prior_target_param_b,6,0,0.06272418140643832,0.7944613465542745,0.9991403849568712,0.9364162035504329
T2_select_target,gpt2:qwen1.5b,prior_log_param_ratio_target_over_source,6,0,0.06272418140643832,0.7944613465542745,0.9991403849568712,0.9364162035504329
T2_select_target,gpt2:qwen1.5b,prior_param_tier_jump,6,0,0.06272418140643832,0.8783100656536799,0.9991403849568712,0.9364162035504329
T2_select_target,gpt2:qwen1.5b,pair_normalized_direction_rmse,6,1,0.0,0.7714285714285715,0.9991403849568712,0.9991403849568712
T2_select_target,gpt2:qwen1.5b,target_readability_z2_mean,6,0,0.06272418140643832,-0.08571428571428572,0.9991403849568712,0.9364162035504329
T2_select_target,gpt2:qwen1.5b,target_readability_tail_frac,6,0,0.06272418140643832,0.3142857142857143,0.9991403849568712,0.9364162035504329
T2_select_target,gpt2:qwen1.5b,target_magnitude_tail_frac,6,1,0.0,0.6546536707079772,0.9991403849568712,0.9991403849568712
T2_select_target,gpt2:qwen1.5b,target_readability_cross_entropy,6,0,0.08516939404763801,0.6,0.9991403849568712,0.9139709909092332
T2_select_target,gpt2:qwen1.5b,source_to_target_anchor_kl,6,1,0.0,0.7142857142857143,0.9991403849568712,0.9991403849568712
T2_select_target,gpt2:qwen1.5b,target_readability_energy,6,0,0.636260135439212,-0.7714285714285715,0.9991403849568712,0.3628802495176592
T2_select_target,gpt2:qwen1.5b,source_target_top_anchor_overlap,6,0,0.636260135439212,-0.4857142857142857,0.9991403849568712,0.3628802495176592
T2_select_target,gpt2:qwen1.5b,source_target_direction_entropy_gap,6,1,0.0,0.7714285714285715,0.9991403849568712,0.9991403849568712
T2_select_target,gpt2:qwen1.5b,source_target_direction_dispersion_gap,6,0,0.06272418140643832,0.6571428571428571,0.9991403849568712,0.9364162035504329
T2_select_target,gpt2:qwen1.5b,diagnostic_source_direction_entropy_mean,6,0,0.636260135439212,0.06172133998483677,0.9991403849568712,0.3628802495176592
T2_select_target,gpt2:qwen1.5b,diagnostic_target_direction_entropy,6,0,0.08516939404763801,0.5428571428571428,0.9991403849568712,0.9139709909092332
T2_select_target,gpt2:qwen1.5b,diagnostic_source_direction_std_mean,6,0,0.636260135439212,-0.06172133998483677,0.9991403849568712,0.3628802495176592
T2_select_target,gpt2:qwen1.5b,_z_target_hidden_size,6,0,0.06272418140643832,0.7944613465542745,0.9991403849568712,0.9364162035504329
T2_select_target,gpt2:qwen1.5b,_z_prior_target_param_b,6,0,0.06272418140643832,0.7944613465542745,0.9991403849568712,0.9364162035504329
T2_select_target,gpt2:qwen1.5b,_z_log_param_ratio,6,0,0.06272418140643832,0.7944613465542745,0.9991403849568712,0.9364162035504329
T2_select_target,gpt2:qwen1.5b,_z_neg_direction_rmse,6,0,0.06272418140643832,0.7142857142857143,0.9991403849568712,0.9364162035504329
T2_select_target,gpt2:qwen1.5b,_z_neg_anchor_js,6,0,0.08516939404763801,0.6,0.9991403849568712,0.9139709909092332
T2_select_target,gpt2:qwen1.5b,_z_neg_magnitude_rmse,6,0,0.08516939404763801,-0.2,0.9991403849568712,0.9139709909092332
T2_select_target,gpt2:qwen1.5b,_z_neg_subspace_residual,6,0,0.08908780629490742,-0.7714285714285715,0.9991403849568712,0.9100525786619638
T2_select_target,gpt2:qwen1.5b,_z_neg_pair_norm_direction_rmse,6,1,0.0,0.7714285714285715,0.9991403849568712,0.9991403849568712
T2_select_target,gpt2:qwen1.5b,_z_neg_target_readability_z2,6,0,0.06272418140643832,-0.08571428571428572,0.9991403849568712,0.9364162035504329
T2_select_target,gpt2:qwen1.5b,_z_neg_target_readability_tail,6,0,0.06272418140643832,0.3142857142857143,0.9991403849568712,0.9364162035504329
T2_select_target,gpt2:qwen1.5b,_z_neg_target_magnitude_tail,6,1,0.0,0.6546536707079772,0.9991403849568712,0.9991403849568712
T2_select_target,gpt2:qwen1.5b,_z_neg_target_readability_ce,6,0,0.08516939404763801,0.6,0.9991403849568712,0.9139709909092332
T2_select_target,gpt2:qwen1.5b,_z_neg_source_to_target_kl,6,1,0.0,0.7142857142857143,0.9991403849568712,0.9991403849568712
T2_select_target,gpt2:qwen1.5b,_z_target_readability_energy,6,0,0.636260135439212,-0.7714285714285715,0.9991403849568712,0.3628802495176592
T2_select_target,gpt2:qwen1.5b,_z_top_anchor_overlap,6,0,0.636260135439212,-0.4857142857142857,0.9991403849568712,0.3628802495176592
T2_select_target,gpt2:qwen1.5b,_z_neg_direction_entropy_gap,6,1,0.0,0.7714285714285715,0.9991403849568712,0.9991403849568712
T2_select_target,gpt2:qwen1.5b,_z_neg_direction_dispersion_gap,6,0,0.06272418140643832,0.6571428571428571,0.9991403849568712,0.9364162035504329
T2_select_target,gpt2:qwen1.5b,_z_neg_source_native_nll,6,0,0.1951227433263012,0.02857142857142857,0.9991403849568712,0.80401764163057
T2_select_target,gpt2:qwen1.5b,combined_hidden_direction_score,6,0,0.06272418140643832,0.6571428571428571,0.9991403849568712,0.9364162035504329
T2_select_target,gpt2:qwen1.5b,combined_hidden_js_score,6,0,0.08516939404763801,0.7142857142857143,0.9991403849568712,0.9139709909092332
T2_select_target,gpt2:qwen1.5b,combined_hidden_source_quality_score,6,0,0.08516939404763801,0.7714285714285715,0.9991403849568712,0.9139709909092332
T2_select_target,gpt2:qwen1.5b,combined_param_direction_score,6,0,0.06272418140643832,0.7714285714285715,0.9991403849568712,0.9364162035504329
T2_select_target,gpt2:qwen1.5b,combined_ratio_direction_score,6,0,0.06272418140643832,0.7714285714285715,0.9991403849568712,0.9364162035504329
T2_select_target,gpt2:qwen1.5b,pair_geometry_compatibility_score,6,1,0.0,0.37142857142857144,0.9991403849568712,0.9991403849568712
T2_select_target,gpt2:qwen3b,rel_direction_l1_to_target,6,1,0.0,0.6571428571428571,1.0280027335489321,1.0280027335489321
T2_select_target,gpt2:qwen3b,rel_direction_rmse_to_target,6,1,0.0,0.6571428571428571,1.0280027335489321,1.0280027335489321
T2_select_target,gpt2:qwen3b,rel_magnitude_l1_to_target,6,0,0.09790462837141956,-0.14285714285714285,1.0280027335489321,0.9300981051775126
T2_select_target,gpt2:qwen3b,rel_magnitude_rmse_to_target,6,0,0.09790462837141956,-0.37142857142857144,1.0280027335489321,0.9300981051775126
T2_select_target,gpt2:qwen3b,memory_target_norm_gap,6,0,0.09775599293150372,-0.2571428571428571,1.0280027335489321,0.9302467406174284
T2_select_target,gpt2:qwen3b,anchor_direction_js_to_target,6,0,0.07516023378196346,0.6571428571428571,1.0280027335489321,0.9528424997669687
T2_select_target,gpt2:qwen3b,target_direction_subspace_residual,6,0,0.09775599293150372,-0.6571428571428571,1.0280027335489321,0.9302467406174284
T2_select_target,gpt2:qwen3b,capacity_normalized_direction_rmse,6,1,0.0,0.6571428571428571,1.0280027335489321,1.0280027335489321
T2_select_target,gpt2:qwen3b,diagnostic_rel_direction_z2_mean,6,0,0.07516023378196346,-0.2,1.0280027335489321,0.9528424997669687
T2_select_target,gpt2:qwen3b,diagnostic_rel_magnitude_z_abs_mean,6,1,0.0,0.6,1.0280027335489321,1.0280027335489321
T2_select_target,gpt2:qwen3b,diagnostic_target_direction_std_mean,6,0,0.38637544747669084,-0.7142857142857143,1.0280027335489321,0.6416272860722413
T2_select_target,gpt2:qwen3b,diagnostic_target_direction_std_min,6,0,0.21518865179464286,-0.8857142857142857,1.0280027335489321,0.8128140817542893
T2_select_target,gpt2:qwen3b,diagnostic_target_magnitude_std_mean,6,1,0.0,0.6,1.0280027335489321,1.0280027335489321
T2_select_target,gpt2:qwen3b,diagnostic_target_magnitude_std_min,6,1,0.0,0.6,1.0280027335489321,1.0280027335489321
T2_select_target,gpt2:qwen3b,target_text_nll,6,0,0.09790462837141956,0.5428571428571428,1.0280027335489321,0.9300981051775126
T2_select_target,gpt2:qwen3b,source_native_nll,6,0,0.09790462837141956,0.2571428571428571,1.0280027335489321,0.9300981051775126
T2_select_target,gpt2:qwen3b,target_minus_source_nll,6,0,0.09790462837141956,0.5428571428571428,1.0280027335489321,0.9300981051775126
T2_select_target,gpt2:qwen3b,target_hidden_size,6,0,0.07516023378196346,0.6087595874350709,1.0280027335489321,0.9528424997669687
T2_select_target,gpt2:qwen3b,abs_log_hidden_ratio,6,0,0.38637544747669084,-0.6667366910003157,1.0280027335489321,0.6416272860722413
T2_select_target,gpt2:qwen3b,prior_same_model_family,6,0,0.21518865179464286,0.20701966780270628,1.0280027335489321,0.8128140817542893
T2_select_target,gpt2:qwen3b,prior_cross_model_family,6,0,0.38637544747669084,-0.20701966780270628,1.0280027335489321,0.6416272860722413
T2_select_target,gpt2:qwen3b,prior_target_param_b,6,0,0.07516023378196346,0.8116794499134278,1.0280027335489321,0.9528424997669687
T2_select_target,gpt2:qwen3b,prior_log_param_ratio_target_over_source,6,0,0.07516023378196346,0.8116794499134278,1.0280027335489321,0.9528424997669687
T2_select_target,gpt2:qwen3b,prior_param_tier_jump,6,0,0.07516023378196346,0.16903085094570333,1.0280027335489321,0.9528424997669687
T2_select_target,gpt2:qwen3b,pair_normalized_direction_rmse,6,1,0.0,0.6571428571428571,1.0280027335489321,1.0280027335489321
T2_select_target,gpt2:qwen3b,target_readability_z2_mean,6,0,0.07516023378196346,-0.2,1.0280027335489321,0.9528424997669687
T2_select_target,gpt2:qwen3b,target_readability_tail_frac,6,0,0.07516023378196346,0.42857142857142855,1.0280027335489321,0.9528424997669687
T2_select_target,gpt2:qwen3b,target_magnitude_tail_frac,6,1,0.0,0.6546536707079772,1.0280027335489321,1.0280027335489321
T2_select_target,gpt2:qwen3b,target_readability_cross_entropy,6,0,0.09790462837141956,0.3142857142857143,1.0280027335489321,0.9300981051775126
T2_select_target,gpt2:qwen3b,source_to_target_anchor_kl,6,0,0.07516023378196346,0.6,1.0280027335489321,0.9528424997669687
T2_select_target,gpt2:qwen3b,target_readability_energy,6,0,0.21518865179464286,-0.7142857142857143,1.0280027335489321,0.8128140817542893
T2_select_target,gpt2:qwen3b,source_target_top_anchor_overlap,6,0,0.21518865179464286,-0.8285714285714286,1.0280027335489321,0.8128140817542893
T2_select_target,gpt2:qwen3b,source_target_direction_entropy_gap,6,1,0.0,0.7142857142857143,1.0280027335489321,1.0280027335489321
T2_select_target,gpt2:qwen3b,source_target_direction_dispersion_gap,6,0,0.07516023378196346,0.6,1.0280027335489321,0.9528424997669687
T2_select_target,gpt2:qwen3b,diagnostic_source_direction_entropy_mean,6,0,0.38637544747669084,-0.030860669992418384,1.0280027335489321,0.6416272860722413
T2_select_target,gpt2:qwen3b,diagnostic_target_direction_entropy,6,0,0.09790462837141956,0.37142857142857144,1.0280027335489321,0.9300981051775126
T2_select_target,gpt2:qwen3b,diagnostic_source_direction_std_mean,6,0,0.21518865179464286,0.1543033499620919,1.0280027335489321,0.8128140817542893
T2_select_target,gpt2:qwen3b,_z_target_hidden_size,6,0,0.07516023378196346,0.6087595874350709,1.0280027335489321,0.9528424997669687
T2_select_target,gpt2:qwen3b,_z_prior_target_param_b,6,0,0.07516023378196346,0.8116794499134278,1.0280027335489321,0.9528424997669687
T2_select_target,gpt2:qwen3b,_z_log_param_ratio,6,0,0.07516023378196346,0.8116794499134278,1.0280027335489321,0.9528424997669687
T2_select_target,gpt2:qwen3b,_z_neg_direction_rmse,6,1,0.0,0.6571428571428571,1.0280027335489321,1.0280027335489321
T2_select_target,gpt2:qwen3b,_z_neg_anchor_js,6,0,0.07516023378196346,0.6571428571428571,1.0280027335489321,0.9528424997669687
T2_select_target,gpt2:qwen3b,_z_neg_magnitude_rmse,6,0,0.09790462837141956,-0.37142857142857144,1.0280027335489321,0.9300981051775126
T2_select_target,gpt2:qwen3b,_z_neg_subspace_residual,6,0,0.09775599293150372,-0.6571428571428571,1.0280027335489321,0.9302467406174284
T2_select_target,gpt2:qwen3b,_z_neg_pair_norm_direction_rmse,6,1,0.0,0.6571428571428571,1.0280027335489321,1.0280027335489321
T2_select_target,gpt2:qwen3b,_z_neg_target_readability_z2,6,0,0.07516023378196346,-0.2,1.0280027335489321,0.9528424997669687
T2_select_target,gpt2:qwen3b,_z_neg_target_readability_tail,6,0,0.07516023378196346,0.42857142857142855,1.0280027335489321,0.9528424997669687
T2_select_target,gpt2:qwen3b,_z_neg_target_magnitude_tail,6,1,0.0,0.6546536707079772,1.0280027335489321,1.0280027335489321
T2_select_target,gpt2:qwen3b,_z_neg_target_readability_ce,6,0,0.09790462837141956,0.3142857142857143,1.0280027335489321,0.9300981051775126
T2_select_target,gpt2:qwen3b,_z_neg_source_to_target_kl,6,0,0.07516023378196346,0.6,1.0280027335489321,0.9528424997669687
T2_select_target,gpt2:qwen3b,_z_target_readability_energy,6,0,0.21518865179464286,-0.7142857142857143,1.0280027335489321,0.8128140817542893
T2_select_target,gpt2:qwen3b,_z_top_anchor_overlap,6,0,0.21518865179464286,-0.8285714285714286,1.0280027335489321,0.8128140817542893
T2_select_target,gpt2:qwen3b,_z_neg_direction_entropy_gap,6,1,0.0,0.7142857142857143,1.0280027335489321,1.0280027335489321
T2_select_target,gpt2:qwen3b,_z_neg_direction_dispersion_gap,6,0,0.07516023378196346,0.6,1.0280027335489321,0.9528424997669687
T2_select_target,gpt2:qwen3b,_z_neg_source_native_nll,6,0,0.09790462837141956,0.2571428571428571,1.0280027335489321,0.9300981051775126
T2_select_target,gpt2:qwen3b,combined_hidden_direction_score,6,0,0.07516023378196346,0.7142857142857143,1.0280027335489321,0.9528424997669687
T2_select_target,gpt2:qwen3b,combined_hidden_js_score,6,0,0.07516023378196346,0.6571428571428571,1.0280027335489321,0.9528424997669687
T2_select_target,gpt2:qwen3b,combined_hidden_source_quality_score,6,0,0.09790462837141956,0.5428571428571428,1.0280027335489321,0.9300981051775126
T2_select_target,gpt2:qwen3b,combined_param_direction_score,6,0,0.07516023378196346,0.7714285714285715,1.0280027335489321,0.9528424997669687
T2_select_target,gpt2:qwen3b,combined_ratio_direction_score,6,1,0.0,0.8285714285714286,1.0280027335489321,1.0280027335489321
T2_select_target,gpt2:qwen3b,pair_geometry_compatibility_score,6,0,0.21518865179464286,-0.14285714285714285,1.0280027335489321,0.8128140817542893
T2_select_target,gpt2:qwen7b,rel_direction_l1_to_target,6,1,0.0,0.4857142857142857,0.9522575108399735,0.9522575108399735
T2_select_target,gpt2:qwen7b,rel_direction_rmse_to_target,6,1,0.0,0.4857142857142857,0.9522575108399735,0.9522575108399735
T2_select_target,gpt2:qwen7b,rel_magnitude_l1_to_target,6,0,0.03196210003432187,0.6571428571428571,0.9522575108399735,0.9202954108056516
T2_select_target,gpt2:qwen7b,rel_magnitude_rmse_to_target,6,0,0.14909206636743266,0.6,0.9522575108399735,0.8031654444725408
T2_select_target,gpt2:qwen7b,memory_target_norm_gap,6,0,0.04030946317304851,-0.5428571428571428,0.9522575108399735,0.9119480476669249
T2_select_target,gpt2:qwen7b,anchor_direction_js_to_target,6,1,0.0,0.7714285714285715,0.9522575108399735,0.9522575108399735
T2_select_target,gpt2:qwen7b,target_direction_subspace_residual,6,0,0.04030946317304851,-0.6,0.9522575108399735,0.9119480476669249
T2_select_target,gpt2:qwen7b,capacity_normalized_direction_rmse,6,1,0.0,0.4857142857142857,0.9522575108399735,0.9522575108399735
T2_select_target,gpt2:qwen7b,diagnostic_rel_direction_z2_mean,6,1,0.0,0.4857142857142857,0.9522575108399735,0.9522575108399735
T2_select_target,gpt2:qwen7b,diagnostic_rel_magnitude_z_abs_mean,6,0,0.6439055169979413,-0.37142857142857144,0.9522575108399735,0.30835199384203216
T2_select_target,gpt2:qwen7b,diagnostic_target_direction_std_mean,6,0,0.14909206636743266,-0.7142857142857143,0.9522575108399735,0.8031654444725408
T2_select_target,gpt2:qwen7b,diagnostic_target_direction_std_min,6,0,0.7792519772527022,-0.8285714285714286,0.9522575108399735,0.17300553358727122
T2_select_target,gpt2:qwen7b,diagnostic_target_magnitude_std_mean,6,0,0.6439055169979413,-0.37142857142857144,0.9522575108399735,0.30835199384203216
T2_select_target,gpt2:qwen7b,diagnostic_target_magnitude_std_min,6,0,0.6439055169979413,-0.37142857142857144,0.9522575108399735,0.30835199384203216
T2_select_target,gpt2:qwen7b,target_text_nll,6,0,0.03196210003432187,0.2571428571428571,0.9522575108399735,0.9202954108056516
T2_select_target,gpt2:qwen7b,source_native_nll,6,0,0.7792519772527022,-0.7142857142857143,0.9522575108399735,0.17300553358727122
T2_select_target,gpt2:qwen7b,target_minus_source_nll,6,0,0.03196210003432187,0.2571428571428571,0.9522575108399735,0.9202954108056516
T2_select_target,gpt2:qwen7b,target_hidden_size,6,1,0.0,0.9710083124552245,0.9522575108399735,0.9522575108399735
T2_select_target,gpt2:qwen7b,abs_log_hidden_ratio,6,1,0.0,0.9710083124552245,0.9522575108399735,0.9522575108399735
T2_select_target,gpt2:qwen7b,prior_same_model_family,6,0,0.7792519772527022,-0.8280786712108251,0.9522575108399735,0.17300553358727122
T2_select_target,gpt2:qwen7b,prior_cross_model_family,6,0,0.14909206636743266,0.8280786712108251,0.9522575108399735,0.8031654444725408
T2_select_target,gpt2:qwen7b,prior_target_param_b,6,1,0.0,0.7826908981308054,0.9522575108399735,0.9522575108399735
T2_select_target,gpt2:qwen7b,prior_log_param_ratio_target_over_source,6,1,0.0,0.7826908981308054,0.9522575108399735,0.9522575108399735
T2_select_target,gpt2:qwen7b,prior_param_tier_jump,6,0,0.14909206636743266,-0.8280786712108251,0.9522575108399735,0.8031654444725408
T2_select_target,gpt2:qwen7b,pair_normalized_direction_rmse,6,1,0.0,0.4857142857142857,0.9522575108399735,0.9522575108399735
T2_select_target,gpt2:qwen7b,target_readability_z2_mean,6,1,0.0,0.4857142857142857,0.9522575108399735,0.9522575108399735
T2_select_target,gpt2:qwen7b,target_readability_tail_frac,6,1,0.0,0.4857142857142857,0.9522575108399735,0.9522575108399735
T2_select_target,gpt2:qwen7b,target_readability_cross_entropy,6,1,0.0,0.7714285714285715,0.9522575108399735,0.9522575108399735
T2_select_target,gpt2:qwen7b,source_to_target_anchor_kl,6,1,0.0,0.7714285714285715,0.9522575108399735,0.9522575108399735
T2_select_target,gpt2:qwen7b,target_readability_energy,6,0,0.14909206636743266,0.4857142857142857,0.9522575108399735,0.8031654444725408
T2_select_target,gpt2:qwen7b,source_target_top_anchor_overlap,6,0,0.03196210003432187,0.6,0.9522575108399735,0.9202954108056516
T2_select_target,gpt2:qwen7b,source_target_direction_entropy_gap,6,1,0.0,0.7714285714285715,0.9522575108399735,0.9522575108399735
T2_select_target,gpt2:qwen7b,source_target_direction_dispersion_gap,6,1,0.0,0.5428571428571428,0.9522575108399735,0.9522575108399735
T2_select_target,gpt2:qwen7b,diagnostic_source_direction_entropy_mean,6,0,0.14909206636743266,0.6789347398332045,0.9522575108399735,0.8031654444725408
T2_select_target,gpt2:qwen7b,diagnostic_target_direction_entropy,6,0,0.03196210003432187,0.7142857142857143,0.9522575108399735,0.9202954108056516
T2_select_target,gpt2:qwen7b,diagnostic_source_direction_std_mean,6,0,0.7792519772527022,-0.6789347398332045,0.9522575108399735,0.17300553358727122
T2_select_target,gpt2:qwen7b,_z_target_hidden_size,6,1,0.0,0.9710083124552245,0.9522575108399735,0.9522575108399735
T2_select_target,gpt2:qwen7b,_z_prior_target_param_b,6,1,0.0,0.7826908981308054,0.9522575108399735,0.9522575108399735
T2_select_target,gpt2:qwen7b,_z_log_param_ratio,6,1,0.0,0.7826908981308054,0.9522575108399735,0.9522575108399735
T2_select_target,gpt2:qwen7b,_z_neg_direction_rmse,6,1,0.0,0.4857142857142857,0.9522575108399735,0.9522575108399735
T2_select_target,gpt2:qwen7b,_z_neg_anchor_js,6,1,0.0,0.7714285714285715,0.9522575108399735,0.9522575108399735
T2_select_target,gpt2:qwen7b,_z_neg_magnitude_rmse,6,0,0.14909206636743266,0.6,0.9522575108399735,0.8031654444725408
T2_select_target,gpt2:qwen7b,_z_neg_subspace_residual,6,0,0.04030946317304851,-0.6,0.9522575108399735,0.9119480476669249
T2_select_target,gpt2:qwen7b,_z_neg_pair_norm_direction_rmse,6,1,0.0,0.4857142857142857,0.9522575108399735,0.9522575108399735
T2_select_target,gpt2:qwen7b,_z_neg_target_readability_z2,6,1,0.0,0.4857142857142857,0.9522575108399735,0.9522575108399735
T2_select_target,gpt2:qwen7b,_z_neg_target_readability_tail,6,1,0.0,0.4857142857142857,0.9522575108399735,0.9522575108399735
T2_select_target,gpt2:qwen7b,_z_neg_target_readability_ce,6,1,0.0,0.7714285714285715,0.9522575108399735,0.9522575108399735
T2_select_target,gpt2:qwen7b,_z_neg_source_to_target_kl,6,1,0.0,0.7714285714285715,0.9522575108399735,0.9522575108399735
T2_select_target,gpt2:qwen7b,_z_target_readability_energy,6,0,0.14909206636743266,0.4857142857142857,0.9522575108399735,0.8031654444725408
T2_select_target,gpt2:qwen7b,_z_top_anchor_overlap,6,0,0.03196210003432187,0.6,0.9522575108399735,0.9202954108056516
T2_select_target,gpt2:qwen7b,_z_neg_direction_entropy_gap,6,1,0.0,0.7714285714285715,0.9522575108399735,0.9522575108399735
T2_select_target,gpt2:qwen7b,_z_neg_direction_dispersion_gap,6,1,0.0,0.5428571428571428,0.9522575108399735,0.9522575108399735
T2_select_target,gpt2:qwen7b,_z_neg_source_native_nll,6,0,0.7792519772527022,-0.7142857142857143,0.9522575108399735,0.17300553358727122
T2_select_target,gpt2:qwen7b,combined_hidden_direction_score,6,1,0.0,0.8285714285714286,0.9522575108399735,0.9522575108399735
T2_select_target,gpt2:qwen7b,combined_hidden_js_score,6,1,0.0,0.9428571428571428,0.9522575108399735,0.9522575108399735
T2_select_target,gpt2:qwen7b,combined_hidden_source_quality_score,6,0,0.03196210003432187,0.8857142857142857,0.9522575108399735,0.9202954108056516
T2_select_target,gpt2:qwen7b,combined_param_direction_score,6,1,0.0,0.5428571428571428,0.9522575108399735,0.9522575108399735
T2_select_target,gpt2:qwen7b,combined_ratio_direction_score,6,1,0.0,0.5428571428571428,0.9522575108399735,0.9522575108399735
T2_select_target,gpt2:qwen7b,pair_geometry_compatibility_score,6,0,0.03196210003432187,0.7142857142857143,0.9522575108399735,0.9202954108056516
T2_select_target,llama1b:llama1b,rel_direction_l1_to_target,6,0,0.017827845790898134,0.14285714285714285,0.9990869543492316,0.9812591085583334
T2_select_target,llama1b:llama1b,rel_direction_rmse_to_target,6,0,0.017827845790898134,0.14285714285714285,0.9990869543492316,0.9812591085583334
T2_select_target,llama1b:llama1b,rel_magnitude_l1_to_target,6,0,0.011810340437819478,-0.6,0.9990869543492316,0.9872766139114121
T2_select_target,llama1b:llama1b,rel_magnitude_rmse_to_target,6,0,0.011810340437819478,-0.6571428571428571,0.9990869543492316,0.9872766139114121
T2_select_target,llama1b:llama1b,memory_target_norm_gap,6,0,0.6832934010012637,-0.5428571428571428,0.9990869543492316,0.31579355334796794
T2_select_target,llama1b:llama1b,anchor_direction_js_to_target,6,1,0.0,0.3142857142857143,0.9990869543492316,0.9990869543492316
T2_select_target,llama1b:llama1b,target_direction_subspace_residual,6,0,0.003997708507250675,-0.14285714285714285,0.9990869543492316,0.9950892458419809
T2_select_target,llama1b:llama1b,capacity_normalized_direction_rmse,6,0,0.017827845790898134,0.14285714285714285,0.9990869543492316,0.9812591085583334
T2_select_target,llama1b:llama1b,diagnostic_rel_direction_z2_mean,6,0,0.017827845790898134,0.02857142857142857,0.9990869543492316,0.9812591085583334
T2_select_target,llama1b:llama1b,diagnostic_rel_magnitude_z_abs_mean,6,1,0.0,0.7714285714285715,0.9990869543492316,0.9990869543492316
T2_select_target,llama1b:llama1b,diagnostic_target_direction_std_mean,6,0,0.003997708507250675,-0.37142857142857144,0.9990869543492316,0.9950892458419809
T2_select_target,llama1b:llama1b,diagnostic_target_direction_std_min,6,0,0.017827845790898134,-0.7714285714285715,0.9990869543492316,0.9812591085583334
T2_select_target,llama1b:llama1b,diagnostic_target_magnitude_std_mean,6,1,0.0,0.7714285714285715,0.9990869543492316,0.9990869543492316
T2_select_target,llama1b:llama1b,diagnostic_target_magnitude_std_min,6,1,0.0,0.7714285714285715,0.9990869543492316,0.9990869543492316
T2_select_target,llama1b:llama1b,target_text_nll,6,0,0.011810340437819478,-0.2,0.9990869543492316,0.9872766139114121
T2_select_target,llama1b:llama1b,target_minus_source_nll,6,0,0.011810340437819478,-0.2,0.9990869543492316,0.9872766139114121
T2_select_target,llama1b:llama1b,target_hidden_size,6,1,0.0,0.7247137945655605,0.9990869543492316,0.9990869543492316
T2_select_target,llama1b:llama1b,abs_log_hidden_ratio,6,0,0.6832934010012637,-0.7826908981308054,0.9990869543492316,0.31579355334796794
T2_select_target,llama1b:llama1b,prior_same_model_family,6,0,0.003997708507250675,0.8280786712108251,0.9990869543492316,0.9950892458419809
T2_select_target,llama1b:llama1b,prior_cross_model_family,6,0,0.011810340437819478,-0.8280786712108251,0.9990869543492316,0.9872766139114121
T2_select_target,llama1b:llama1b,prior_target_param_b,6,1,0.0,0.6473388749701496,0.9990869543492316,0.9990869543492316
T2_select_target,llama1b:llama1b,prior_log_param_ratio_target_over_source,6,1,0.0,0.6473388749701496,0.9990869543492316,0.9990869543492316
T2_select_target,llama1b:llama1b,prior_param_tier_jump,6,0,0.003997708507250675,0.3927922024247863,0.9990869543492316,0.9950892458419809
T2_select_target,llama1b:llama1b,pair_normalized_direction_rmse,6,0,0.017827845790898134,0.14285714285714285,0.9990869543492316,0.9812591085583334
T2_select_target,llama1b:llama1b,target_readability_z2_mean,6,0,0.017827845790898134,0.02857142857142857,0.9990869543492316,0.9812591085583334
T2_select_target,llama1b:llama1b,target_readability_tail_frac,6,0,0.017827845790898134,0.02857142857142857,0.9990869543492316,0.9812591085583334
T2_select_target,llama1b:llama1b,target_readability_cross_entropy,6,0,0.011810340437819478,0.2571428571428571,0.9990869543492316,0.9872766139114121
T2_select_target,llama1b:llama1b,source_to_target_anchor_kl,6,1,0.0,0.3142857142857143,0.9990869543492316,0.9990869543492316
T2_select_target,llama1b:llama1b,target_readability_energy,6,0,0.003997708507250675,0.6,0.9990869543492316,0.9950892458419809
T2_select_target,llama1b:llama1b,source_target_top_anchor_overlap,6,0,0.15410450593175384,-0.37142857142857144,0.9990869543492316,0.8449824484174777
T2_select_target,llama1b:llama1b,source_target_direction_entropy_gap,6,0,0.6832934010012637,-0.42857142857142855,0.9990869543492316,0.31579355334796794
T2_select_target,llama1b:llama1b,source_target_direction_dispersion_gap,6,1,0.0,0.37142857142857144,0.9990869543492316,0.9990869543492316
T2_select_target,llama1b:llama1b,diagnostic_source_direction_entropy_mean,6,0,0.003997708507250675,0.5161002296110788,0.9990869543492316,0.9950892458419809
T2_select_target,llama1b:llama1b,diagnostic_target_direction_entropy,6,1,0.0,0.37142857142857144,0.9990869543492316,0.9990869543492316
T2_select_target,llama1b:llama1b,diagnostic_source_direction_std_mean,6,0,0.15410450593175384,-0.8804062740424285,0.9990869543492316,0.8449824484174777
T2_select_target,llama1b:llama1b,_z_target_hidden_size,6,1,0.0,0.7247137945655605,0.9990869543492316,0.9990869543492316
T2_select_target,llama1b:llama1b,_z_prior_target_param_b,6,1,0.0,0.6473388749701496,0.9990869543492316,0.9990869543492316
T2_select_target,llama1b:llama1b,_z_log_param_ratio,6,1,0.0,0.6473388749701496,0.9990869543492316,0.9990869543492316
T2_select_target,llama1b:llama1b,_z_neg_direction_rmse,6,0,0.017827845790898134,0.14285714285714285,0.9990869543492316,0.9812591085583334
T2_select_target,llama1b:llama1b,_z_neg_anchor_js,6,1,0.0,0.3142857142857143,0.9990869543492316,0.9990869543492316
T2_select_target,llama1b:llama1b,_z_neg_magnitude_rmse,6,0,0.011810340437819478,-0.6571428571428571,0.9990869543492316,0.9872766139114121
T2_select_target,llama1b:llama1b,_z_neg_subspace_residual,6,0,0.003997708507250675,-0.14285714285714285,0.9990869543492316,0.9950892458419809
T2_select_target,llama1b:llama1b,_z_neg_pair_norm_direction_rmse,6,0,0.017827845790898134,0.14285714285714285,0.9990869543492316,0.9812591085583334
T2_select_target,llama1b:llama1b,_z_neg_target_readability_z2,6,0,0.017827845790898134,0.02857142857142857,0.9990869543492316,0.9812591085583334
T2_select_target,llama1b:llama1b,_z_neg_target_readability_tail,6,0,0.017827845790898134,0.02857142857142857,0.9990869543492316,0.9812591085583334
T2_select_target,llama1b:llama1b,_z_neg_target_readability_ce,6,0,0.011810340437819478,0.2571428571428571,0.9990869543492316,0.9872766139114121
T2_select_target,llama1b:llama1b,_z_neg_source_to_target_kl,6,1,0.0,0.3142857142857143,0.9990869543492316,0.9990869543492316
T2_select_target,llama1b:llama1b,_z_target_readability_energy,6,0,0.003997708507250675,0.6,0.9990869543492316,0.9950892458419809
T2_select_target,llama1b:llama1b,_z_top_anchor_overlap,6,0,0.15410450593175384,-0.37142857142857144,0.9990869543492316,0.8449824484174777
T2_select_target,llama1b:llama1b,_z_neg_direction_entropy_gap,6,0,0.6832934010012637,-0.42857142857142855,0.9990869543492316,0.31579355334796794
T2_select_target,llama1b:llama1b,_z_neg_direction_dispersion_gap,6,1,0.0,0.37142857142857144,0.9990869543492316,0.9990869543492316
T2_select_target,llama1b:llama1b,combined_hidden_direction_score,6,1,0.0,0.5428571428571428,0.9990869543492316,0.9990869543492316
T2_select_target,llama1b:llama1b,combined_hidden_js_score,6,1,0.0,0.5428571428571428,0.9990869543492316,0.9990869543492316
T2_select_target,llama1b:llama1b,combined_hidden_source_quality_score,6,1,0.0,0.7247137945655605,0.9990869543492316,0.9990869543492316
T2_select_target,llama1b:llama1b,combined_param_direction_score,6,1,0.0,0.3142857142857143,0.9990869543492316,0.9990869543492316
T2_select_target,llama1b:llama1b,combined_ratio_direction_score,6,1,0.0,0.3142857142857143,0.9990869543492316,0.9990869543492316
T2_select_target,llama1b:llama1b,pair_geometry_compatibility_score,6,1,0.0,0.37142857142857144,0.9990869543492316,0.9990869543492316
T2_select_target,llama1b:llama3b,rel_direction_l1_to_target,6,0,0.018392327649234708,0.6,1.001721444299418,0.9833291166501833
T2_select_target,llama1b:llama3b,rel_direction_rmse_to_target,6,0,0.018392327649234708,0.6,1.001721444299418,0.9833291166501833
T2_select_target,llama1b:llama3b,rel_magnitude_l1_to_target,6,1,0.0,0.02857142857142857,1.001721444299418,1.001721444299418
T2_select_target,llama1b:llama3b,rel_magnitude_rmse_to_target,6,1,0.0,-0.02857142857142857,1.001721444299418,1.001721444299418
T2_select_target,llama1b:llama3b,memory_target_norm_gap,6,0,0.23508082220617843,-0.9428571428571428,1.001721444299418,0.7666406220932396
T2_select_target,llama1b:llama3b,anchor_direction_js_to_target,6,0,0.018392327649234708,0.6571428571428571,1.001721444299418,0.9833291166501833
T2_select_target,llama1b:llama3b,target_direction_subspace_residual,6,0,0.03279592213637128,-0.6,1.001721444299418,0.9689255221630467
T2_select_target,llama1b:llama3b,capacity_normalized_direction_rmse,6,0,0.005231294744660109,0.6571428571428571,1.001721444299418,0.9964901495547579
T2_select_target,llama1b:llama3b,diagnostic_rel_direction_z2_mean,6,0,0.018392327649234708,0.2571428571428571,1.001721444299418,0.9833291166501833
T2_select_target,llama1b:llama3b,diagnostic_rel_magnitude_z_abs_mean,6,0,0.005231294744660109,0.7714285714285715,1.001721444299418,0.9964901495547579
T2_select_target,llama1b:llama3b,diagnostic_target_direction_std_mean,6,0,0.03279592213637128,-0.7714285714285715,1.001721444299418,0.9689255221630467
T2_select_target,llama1b:llama3b,diagnostic_target_direction_std_min,6,0,0.018392327649234708,-0.6,1.001721444299418,0.9833291166501833
T2_select_target,llama1b:llama3b,diagnostic_target_magnitude_std_mean,6,0,0.005231294744660109,0.7714285714285715,1.001721444299418,0.9964901495547579
T2_select_target,llama1b:llama3b,diagnostic_target_magnitude_std_min,6,0,0.005231294744660109,0.7714285714285715,1.001721444299418,0.9964901495547579
T2_select_target,llama1b:llama3b,target_text_nll,6,1,0.0,0.6,1.001721444299418,1.001721444299418
T2_select_target,llama1b:llama3b,target_minus_source_nll,6,1,0.0,0.6,1.001721444299418,1.001721444299418
T2_select_target,llama1b:llama3b,target_hidden_size,6,0,0.005231294744660109,0.9710083124552245,1.001721444299418,0.9964901495547579
T2_select_target,llama1b:llama3b,abs_log_hidden_ratio,6,0,0.018392327649234708,0.7944613465542745,1.001721444299418,0.9833291166501833
T2_select_target,llama1b:llama3b,prior_same_model_family,6,0,0.03279592213637128,0.20701966780270628,1.001721444299418,0.9689255221630467
T2_select_target,llama1b:llama3b,prior_cross_model_family,6,1,0.0,-0.20701966780270628,1.001721444299418,1.001721444299418
T2_select_target,llama1b:llama3b,prior_target_param_b,6,0,0.005231294744660109,0.7247137945655605,1.001721444299418,0.9964901495547579
T2_select_target,llama1b:llama3b,prior_log_param_ratio_target_over_source,6,0,0.005231294744660109,0.7247137945655605,1.001721444299418,0.9964901495547579
T2_select_target,llama1b:llama3b,prior_param_tier_jump,6,0,0.005231294744660109,0.50709255283711,1.001721444299418,0.9964901495547579
T2_select_target,llama1b:llama3b,pair_normalized_direction_rmse,6,0,0.018392327649234708,0.6,1.001721444299418,0.9833291166501833
T2_select_target,llama1b:llama3b,target_readability_z2_mean,6,0,0.018392327649234708,0.2571428571428571,1.001721444299418,0.9833291166501833
T2_select_target,llama1b:llama3b,target_readability_tail_frac,6,0,0.018392327649234708,0.4857142857142857,1.001721444299418,0.9833291166501833
T2_select_target,llama1b:llama3b,target_readability_cross_entropy,6,1,0.0,0.7714285714285715,1.001721444299418,1.001721444299418
T2_select_target,llama1b:llama3b,source_to_target_anchor_kl,6,0,0.018392327649234708,0.6571428571428571,1.001721444299418,0.9833291166501833
T2_select_target,llama1b:llama3b,target_readability_energy,6,0,0.03279592213637128,-0.6571428571428571,1.001721444299418,0.9689255221630467
T2_select_target,llama1b:llama3b,source_target_top_anchor_overlap,6,0,0.03279592213637128,-0.6571428571428571,1.001721444299418,0.9689255221630467
T2_select_target,llama1b:llama3b,source_target_direction_entropy_gap,6,0,0.018392327649234708,0.6,1.001721444299418,0.9833291166501833
T2_select_target,llama1b:llama3b,source_target_direction_dispersion_gap,6,0,0.005231294744660109,0.7714285714285715,1.001721444299418,0.9964901495547579
T2_select_target,llama1b:llama3b,diagnostic_source_direction_entropy_mean,6,0,0.03279592213637128,-0.6982532518267537,1.001721444299418,0.9689255221630467
T2_select_target,llama1b:llama3b,diagnostic_target_direction_entropy,6,0,0.005231294744660109,0.7714285714285715,1.001721444299418,0.9964901495547579
T2_select_target,llama1b:llama3b,diagnostic_source_direction_std_mean,6,0,0.03279592213637128,0.4553825555391872,1.001721444299418,0.9689255221630467
T2_select_target,llama1b:llama3b,_z_target_hidden_size,6,0,0.005231294744660109,0.9710083124552245,1.001721444299418,0.9964901495547579
T2_select_target,llama1b:llama3b,_z_prior_target_param_b,6,0,0.005231294744660109,0.7247137945655605,1.001721444299418,0.9964901495547579
T2_select_target,llama1b:llama3b,_z_log_param_ratio,6,0,0.005231294744660109,0.7247137945655605,1.001721444299418,0.9964901495547579
T2_select_target,llama1b:llama3b,_z_neg_direction_rmse,6,0,0.018392327649234708,0.6,1.001721444299418,0.9833291166501833
T2_select_target,llama1b:llama3b,_z_neg_anchor_js,6,0,0.018392327649234708,0.6571428571428571,1.001721444299418,0.9833291166501833
T2_select_target,llama1b:llama3b,_z_neg_magnitude_rmse,6,1,0.0,-0.02857142857142857,1.001721444299418,1.001721444299418
T2_select_target,llama1b:llama3b,_z_neg_subspace_residual,6,0,0.03279592213637128,-0.6,1.001721444299418,0.9689255221630467
T2_select_target,llama1b:llama3b,_z_neg_pair_norm_direction_rmse,6,0,0.018392327649234708,0.6,1.001721444299418,0.9833291166501833
T2_select_target,llama1b:llama3b,_z_neg_target_readability_z2,6,0,0.018392327649234708,0.2571428571428571,1.001721444299418,0.9833291166501833
T2_select_target,llama1b:llama3b,_z_neg_target_readability_tail,6,0,0.018392327649234708,0.4857142857142857,1.001721444299418,0.9833291166501833
T2_select_target,llama1b:llama3b,_z_neg_target_readability_ce,6,1,0.0,0.7714285714285715,1.001721444299418,1.001721444299418
T2_select_target,llama1b:llama3b,_z_neg_source_to_target_kl,6,0,0.018392327649234708,0.6571428571428571,1.001721444299418,0.9833291166501833
T2_select_target,llama1b:llama3b,_z_target_readability_energy,6,0,0.03279592213637128,-0.6571428571428571,1.001721444299418,0.9689255221630467
T2_select_target,llama1b:llama3b,_z_top_anchor_overlap,6,0,0.03279592213637128,-0.6571428571428571,1.001721444299418,0.9689255221630467
T2_select_target,llama1b:llama3b,_z_neg_direction_entropy_gap,6,0,0.018392327649234708,0.6,1.001721444299418,0.9833291166501833
T2_select_target,llama1b:llama3b,_z_neg_direction_dispersion_gap,6,0,0.005231294744660109,0.7714285714285715,1.001721444299418,0.9964901495547579
T2_select_target,llama1b:llama3b,combined_hidden_direction_score,6,0,0.005231294744660109,0.7714285714285715,1.001721444299418,0.9964901495547579
T2_select_target,llama1b:llama3b,combined_hidden_js_score,6,1,0.0,0.8285714285714286,1.001721444299418,1.001721444299418
T2_select_target,llama1b:llama3b,combined_hidden_source_quality_score,6,0,0.005231294744660109,0.9710083124552245,1.001721444299418,0.9964901495547579
T2_select_target,llama1b:llama3b,combined_param_direction_score,6,0,0.005231294744660109,0.6571428571428571,1.001721444299418,0.9964901495547579
T2_select_target,llama1b:llama3b,combined_ratio_direction_score,6,0,0.005231294744660109,0.6571428571428571,1.001721444299418,0.9964901495547579
T2_select_target,llama1b:llama3b,pair_geometry_compatibility_score,6,0,0.23508082220617843,0.02857142857142857,1.001721444299418,0.7666406220932396
T2_select_target,llama1b:llama8b,rel_direction_l1_to_target,6,0,0.014920954117444318,-0.42857142857142855,0.9886768060721384,0.973755851954694
T2_select_target,llama1b:llama8b,rel_direction_rmse_to_target,6,0,0.014920954117444318,-0.42857142857142855,0.9886768060721384,0.973755851954694
T2_select_target,llama1b:llama8b,rel_magnitude_l1_to_target,6,0,0.014920954117444318,-0.37142857142857144,0.9886768060721384,0.973755851954694
T2_select_target,llama1b:llama8b,rel_magnitude_rmse_to_target,6,0,0.30136464739040725,-0.5428571428571428,0.9886768060721384,0.6873121586817311
T2_select_target,llama1b:llama8b,memory_target_norm_gap,6,0,0.30136464739040725,-0.08571428571428572,0.9886768060721384,0.6873121586817311
T2_select_target,llama1b:llama8b,anchor_direction_js_to_target,6,0,0.04541408000824754,-0.4857142857142857,0.9886768060721384,0.9432627260638908
T2_select_target,llama1b:llama8b,target_direction_subspace_residual,6,1,0.0,0.42857142857142855,0.9886768060721384,0.9886768060721384
T2_select_target,llama1b:llama8b,capacity_normalized_direction_rmse,6,0,0.014920954117444318,-0.42857142857142855,0.9886768060721384,0.973755851954694
T2_select_target,llama1b:llama8b,diagnostic_rel_direction_z2_mean,6,0,0.014920954117444318,-0.42857142857142855,0.9886768060721384,0.973755851954694
T2_select_target,llama1b:llama8b,diagnostic_rel_magnitude_z_abs_mean,6,0,0.014920954117444318,0.4857142857142857,0.9886768060721384,0.973755851954694
T2_select_target,llama1b:llama8b,diagnostic_target_direction_std_mean,6,0,0.008381500804674258,0.42857142857142855,0.9886768060721384,0.9802953052674641
T2_select_target,llama1b:llama8b,diagnostic_target_direction_std_min,6,0,0.014920954117444318,-0.5428571428571428,0.9886768060721384,0.973755851954694
T2_select_target,llama1b:llama8b,diagnostic_target_magnitude_std_mean,6,0,0.014920954117444318,0.4857142857142857,0.9886768060721384,0.973755851954694
T2_select_target,llama1b:llama8b,diagnostic_target_magnitude_std_min,6,0,0.014920954117444318,0.4857142857142857,0.9886768060721384,0.973755851954694
T2_select_target,llama1b:llama8b,target_text_nll,6,0,0.04541408000824754,-0.42857142857142855,0.9886768060721384,0.9432627260638908
T2_select_target,llama1b:llama8b,target_minus_source_nll,6,0,0.04541408000824754,-0.42857142857142855,0.9886768060721384,0.9432627260638908
T2_select_target,llama1b:llama8b,target_hidden_size,6,0,0.04541408000824754,0.4058397249567139,0.9886768060721384,0.9432627260638908
T2_select_target,llama1b:llama8b,abs_log_hidden_ratio,6,0,0.04541408000824754,0.4058397249567139,0.9886768060721384,0.9432627260638908
T2_select_target,llama1b:llama8b,prior_same_model_family,6,0,0.008381500804674258,0.8280786712108251,0.9886768060721384,0.9802953052674641
T2_select_target,llama1b:llama8b,prior_cross_model_family,6,0,0.04541408000824754,-0.8280786712108251,0.9886768060721384,0.9432627260638908
T2_select_target,llama1b:llama8b,prior_target_param_b,6,0,0.04541408000824754,0.0,0.9886768060721384,0.9432627260638908
T2_select_target,llama1b:llama8b,prior_log_param_ratio_target_over_source,6,0,0.04541408000824754,0.0,0.9886768060721384,0.9432627260638908
T2_select_target,llama1b:llama8b,prior_param_tier_jump,6,0,0.008381500804674258,0.0,0.9886768060721384,0.9802953052674641
T2_select_target,llama1b:llama8b,pair_normalized_direction_rmse,6,0,0.014920954117444318,-0.42857142857142855,0.9886768060721384,0.973755851954694
T2_select_target,llama1b:llama8b,target_readability_z2_mean,6,0,0.014920954117444318,-0.42857142857142855,0.9886768060721384,0.973755851954694
T2_select_target,llama1b:llama8b,target_readability_tail_frac,6,0,0.014920954117444318,-0.42857142857142855,0.9886768060721384,0.973755851954694
T2_select_target,llama1b:llama8b,target_readability_cross_entropy,6,0,0.04541408000824754,-0.4857142857142857,0.9886768060721384,0.9432627260638908
T2_select_target,llama1b:llama8b,source_to_target_anchor_kl,6,0,0.04541408000824754,-0.4857142857142857,0.9886768060721384,0.9432627260638908
T2_select_target,llama1b:llama8b,target_readability_energy,6,0,0.014920954117444318,-0.42857142857142855,0.9886768060721384,0.973755851954694
T2_select_target,llama1b:llama8b,source_target_top_anchor_overlap,6,0,0.04541408000824754,0.08571428571428572,0.9886768060721384,0.9432627260638908
T2_select_target,llama1b:llama8b,source_target_direction_entropy_gap,6,0,0.04541408000824754,-0.4857142857142857,0.9886768060721384,0.9432627260638908
T2_select_target,llama1b:llama8b,source_target_direction_dispersion_gap,6,0,0.04541408000824754,-0.42857142857142855,0.9886768060721384,0.9432627260638908
T2_select_target,llama1b:llama8b,diagnostic_source_direction_entropy_mean,6,0,0.04541408000824754,0.49377071987869414,0.9886768060721384,0.9432627260638908
T2_select_target,llama1b:llama8b,diagnostic_target_direction_entropy,6,0,0.04541408000824754,-0.4857142857142857,0.9886768060721384,0.9432627260638908
T2_select_target,llama1b:llama8b,diagnostic_source_direction_std_mean,6,0,0.04541408000824754,0.49377071987869414,0.9886768060721384,0.9432627260638908
T2_select_target,llama1b:llama8b,_z_target_hidden_size,6,0,0.04541408000824754,0.4058397249567139,0.9886768060721384,0.9432627260638908
T2_select_target,llama1b:llama8b,_z_prior_target_param_b,6,0,0.04541408000824754,0.0,0.9886768060721384,0.9432627260638908
T2_select_target,llama1b:llama8b,_z_log_param_ratio,6,0,0.04541408000824754,0.0,0.9886768060721384,0.9432627260638908
T2_select_target,llama1b:llama8b,_z_neg_direction_rmse,6,0,0.014920954117444318,-0.42857142857142855,0.9886768060721384,0.973755851954694
T2_select_target,llama1b:llama8b,_z_neg_anchor_js,6,0,0.04541408000824754,-0.4857142857142857,0.9886768060721384,0.9432627260638908
T2_select_target,llama1b:llama8b,_z_neg_magnitude_rmse,6,0,0.30136464739040725,-0.5428571428571428,0.9886768060721384,0.6873121586817311
T2_select_target,llama1b:llama8b,_z_neg_subspace_residual,6,1,0.0,0.42857142857142855,0.9886768060721384,0.9886768060721384
T2_select_target,llama1b:llama8b,_z_neg_pair_norm_direction_rmse,6,0,0.014920954117444318,-0.42857142857142855,0.9886768060721384,0.973755851954694
T2_select_target,llama1b:llama8b,_z_neg_target_readability_z2,6,0,0.014920954117444318,-0.42857142857142855,0.9886768060721384,0.973755851954694
T2_select_target,llama1b:llama8b,_z_neg_target_readability_tail,6,0,0.014920954117444318,-0.42857142857142855,0.9886768060721384,0.973755851954694
T2_select_target,llama1b:llama8b,_z_neg_target_readability_ce,6,0,0.04541408000824754,-0.4857142857142857,0.9886768060721384,0.9432627260638908
T2_select_target,llama1b:llama8b,_z_neg_source_to_target_kl,6,0,0.04541408000824754,-0.4857142857142857,0.9886768060721384,0.9432627260638908
T2_select_target,llama1b:llama8b,_z_target_readability_energy,6,0,0.014920954117444318,-0.42857142857142855,0.9886768060721384,0.973755851954694
T2_select_target,llama1b:llama8b,_z_top_anchor_overlap,6,0,0.04541408000824754,0.08571428571428572,0.9886768060721384,0.9432627260638908
T2_select_target,llama1b:llama8b,_z_neg_direction_entropy_gap,6,0,0.04541408000824754,-0.4857142857142857,0.9886768060721384,0.9432627260638908
T2_select_target,llama1b:llama8b,_z_neg_direction_dispersion_gap,6,0,0.04541408000824754,-0.42857142857142855,0.9886768060721384,0.9432627260638908
T2_select_target,llama1b:llama8b,combined_hidden_direction_score,6,0,0.04541408000824754,-0.14285714285714285,0.9886768060721384,0.9432627260638908
T2_select_target,llama1b:llama8b,combined_hidden_js_score,6,0,0.04541408000824754,-0.42857142857142855,0.9886768060721384,0.9432627260638908
T2_select_target,llama1b:llama8b,combined_hidden_source_quality_score,6,0,0.04541408000824754,0.4058397249567139,0.9886768060721384,0.9432627260638908
T2_select_target,llama1b:llama8b,combined_param_direction_score,6,0,0.014920954117444318,-0.37142857142857144,0.9886768060721384,0.973755851954694
T2_select_target,llama1b:llama8b,combined_ratio_direction_score,6,0,0.014920954117444318,-0.37142857142857144,0.9886768060721384,0.973755851954694
T2_select_target,llama1b:llama8b,pair_geometry_compatibility_score,6,0,0.014920954117444318,-0.42857142857142855,0.9886768060721384,0.973755851954694
T2_select_target,llama1b:mistral7b,rel_direction_l1_to_target,6,0,0.02252447701088489,-0.02857142857142857,0.9543166649258013,0.9317921879149164
T2_select_target,llama1b:mistral7b,rel_direction_rmse_to_target,6,0,0.02252447701088489,-0.02857142857142857,0.9543166649258013,0.9317921879149164
T2_select_target,llama1b:mistral7b,rel_magnitude_l1_to_target,6,0,0.5814887568296516,-0.7714285714285715,0.9543166649258013,0.3728279080961496
T2_select_target,llama1b:mistral7b,rel_magnitude_rmse_to_target,6,0,0.5814887568296516,-0.6571428571428571,0.9543166649258013,0.3728279080961496
T2_select_target,llama1b:mistral7b,memory_target_norm_gap,6,0,0.15534666579395373,-0.2571428571428571,0.9543166649258013,0.7989699991318475
T2_select_target,llama1b:mistral7b,anchor_direction_js_to_target,6,0,0.07438141091589545,-0.08571428571428572,0.9543166649258013,0.8799352540099058
T2_select_target,llama1b:mistral7b,target_direction_subspace_residual,6,1,0.0,0.02857142857142857,0.9543166649258013,0.9543166649258013
T2_select_target,llama1b:mistral7b,capacity_normalized_direction_rmse,6,0,0.02252447701088489,-0.02857142857142857,0.9543166649258013,0.9317921879149164
T2_select_target,llama1b:mistral7b,diagnostic_rel_direction_z2_mean,6,0,0.15534666579395373,-0.7142857142857143,0.9543166649258013,0.7989699991318475
T2_select_target,llama1b:mistral7b,diagnostic_rel_magnitude_z_abs_mean,6,0,0.02252447701088489,0.6571428571428571,0.9543166649258013,0.9317921879149164
T2_select_target,llama1b:mistral7b,diagnostic_target_direction_std_mean,6,0,0.5814887568296516,-0.7142857142857143,0.9543166649258013,0.3728279080961496
T2_select_target,llama1b:mistral7b,diagnostic_target_direction_std_min,6,0,0.5814887568296516,-0.8285714285714286,0.9543166649258013,0.3728279080961496
T2_select_target,llama1b:mistral7b,diagnostic_target_magnitude_std_mean,6,0,0.02252447701088489,0.6571428571428571,0.9543166649258013,0.9317921879149164
T2_select_target,llama1b:mistral7b,diagnostic_target_magnitude_std_min,6,0,0.02252447701088489,0.6571428571428571,0.9543166649258013,0.9317921879149164
T2_select_target,llama1b:mistral7b,target_text_nll,6,0,0.02252447701088489,0.02857142857142857,0.9543166649258013,0.9317921879149164
T2_select_target,llama1b:mistral7b,target_minus_source_nll,6,0,0.02252447701088489,0.02857142857142857,0.9543166649258013,0.9317921879149164
T2_select_target,llama1b:mistral7b,target_hidden_size,6,0,0.07438141091589545,0.753702346348183,0.9543166649258013,0.8799352540099058
T2_select_target,llama1b:mistral7b,abs_log_hidden_ratio,6,0,0.07438141091589545,0.753702346348183,0.9543166649258013,0.8799352540099058
T2_select_target,llama1b:mistral7b,prior_target_param_b,6,0,0.07438141091589545,0.49280538030458115,0.9543166649258013,0.8799352540099058
T2_select_target,llama1b:mistral7b,prior_log_param_ratio_target_over_source,6,0,0.07438141091589545,0.49280538030458115,0.9543166649258013,0.8799352540099058
T2_select_target,llama1b:mistral7b,prior_param_tier_jump,6,0,0.07484788107137808,-0.41403933560541256,0.9543166649258013,0.8794687838544232
T2_select_target,llama1b:mistral7b,pair_normalized_direction_rmse,6,0,0.02252447701088489,-0.02857142857142857,0.9543166649258013,0.9317921879149164
T2_select_target,llama1b:mistral7b,target_readability_z2_mean,6,0,0.15534666579395373,-0.7142857142857143,0.9543166649258013,0.7989699991318475
T2_select_target,llama1b:mistral7b,target_readability_tail_frac,6,0,0.5814887568296516,-0.753702346348183,0.9543166649258013,0.3728279080961496
T2_select_target,llama1b:mistral7b,target_readability_cross_entropy,6,0,0.07438141091589545,-0.08571428571428572,0.9543166649258013,0.8799352540099058
T2_select_target,llama1b:mistral7b,source_to_target_anchor_kl,6,0,0.07438141091589545,-0.08571428571428572,0.9543166649258013,0.8799352540099058
T2_select_target,llama1b:mistral7b,target_readability_energy,6,0,0.02252447701088489,0.5428571428571428,0.9543166649258013,0.9317921879149164
T2_select_target,llama1b:mistral7b,source_target_top_anchor_overlap,6,0,0.07438141091589545,0.5428571428571428,0.9543166649258013,0.8799352540099058
T2_select_target,llama1b:mistral7b,source_target_direction_entropy_gap,6,0,0.07438141091589545,-0.08571428571428572,0.9543166649258013,0.8799352540099058
T2_select_target,llama1b:mistral7b,source_target_direction_dispersion_gap,6,0,0.07438141091589545,0.4857142857142857,0.9543166649258013,0.8799352540099058
T2_select_target,llama1b:mistral7b,diagnostic_source_direction_entropy_mean,6,0,0.07484788107137808,0.4879500364742666,0.9543166649258013,0.8794687838544232
T2_select_target,llama1b:mistral7b,diagnostic_target_direction_entropy,6,0,0.07438141091589545,-0.08571428571428572,0.9543166649258013,0.8799352540099058
T2_select_target,llama1b:mistral7b,diagnostic_source_direction_std_mean,6,0,0.5814887568296516,-0.4879500364742666,0.9543166649258013,0.3728279080961496
T2_select_target,llama1b:mistral7b,_z_target_hidden_size,6,0,0.07438141091589545,0.753702346348183,0.9543166649258013,0.8799352540099058
T2_select_target,llama1b:mistral7b,_z_prior_target_param_b,6,0,0.07438141091589545,0.49280538030458115,0.9543166649258013,0.8799352540099058
T2_select_target,llama1b:mistral7b,_z_log_param_ratio,6,0,0.07438141091589545,0.49280538030458115,0.9543166649258013,0.8799352540099058
T2_select_target,llama1b:mistral7b,_z_neg_direction_rmse,6,0,0.02252447701088489,-0.02857142857142857,0.9543166649258013,0.9317921879149164
T2_select_target,llama1b:mistral7b,_z_neg_anchor_js,6,0,0.07438141091589545,-0.08571428571428572,0.9543166649258013,0.8799352540099058
T2_select_target,llama1b:mistral7b,_z_neg_magnitude_rmse,6,0,0.5814887568296516,-0.6571428571428571,0.9543166649258013,0.3728279080961496
T2_select_target,llama1b:mistral7b,_z_neg_subspace_residual,6,1,0.0,0.02857142857142857,0.9543166649258013,0.9543166649258013
T2_select_target,llama1b:mistral7b,_z_neg_pair_norm_direction_rmse,6,0,0.02252447701088489,-0.02857142857142857,0.9543166649258013,0.9317921879149164
T2_select_target,llama1b:mistral7b,_z_neg_target_readability_z2,6,0,0.15534666579395373,-0.7142857142857143,0.9543166649258013,0.7989699991318475
T2_select_target,llama1b:mistral7b,_z_neg_target_readability_tail,6,0,0.5814887568296516,-0.753702346348183,0.9543166649258013,0.3728279080961496
T2_select_target,llama1b:mistral7b,_z_neg_target_readability_ce,6,0,0.07438141091589545,-0.08571428571428572,0.9543166649258013,0.8799352540099058
T2_select_target,llama1b:mistral7b,_z_neg_source_to_target_kl,6,0,0.07438141091589545,-0.08571428571428572,0.9543166649258013,0.8799352540099058
T2_select_target,llama1b:mistral7b,_z_target_readability_energy,6,0,0.02252447701088489,0.5428571428571428,0.9543166649258013,0.9317921879149164
T2_select_target,llama1b:mistral7b,_z_top_anchor_overlap,6,0,0.07438141091589545,0.5428571428571428,0.9543166649258013,0.8799352540099058
T2_select_target,llama1b:mistral7b,_z_neg_direction_entropy_gap,6,0,0.07438141091589545,-0.08571428571428572,0.9543166649258013,0.8799352540099058
T2_select_target,llama1b:mistral7b,_z_neg_direction_dispersion_gap,6,0,0.07438141091589545,0.4857142857142857,0.9543166649258013,0.8799352540099058
T2_select_target,llama1b:mistral7b,combined_hidden_direction_score,6,0,0.07438141091589545,0.37142857142857144,0.9543166649258013,0.8799352540099058
T2_select_target,llama1b:mistral7b,combined_hidden_js_score,6,0,0.07438141091589545,0.7142857142857143,0.9543166649258013,0.8799352540099058
T2_select_target,llama1b:mistral7b,combined_hidden_source_quality_score,6,0,0.07438141091589545,0.753702346348183,0.9543166649258013,0.8799352540099058
T2_select_target,llama1b:mistral7b,combined_param_direction_score,6,0,0.07438141091589545,0.08571428571428572,0.9543166649258013,0.8799352540099058
T2_select_target,llama1b:mistral7b,combined_ratio_direction_score,6,0,0.02252447701088489,0.14285714285714285,0.9543166649258013,0.9317921879149164
T2_select_target,llama1b:mistral7b,pair_geometry_compatibility_score,6,0,0.07438141091589545,-0.08571428571428572,0.9543166649258013,0.8799352540099058
T2_select_target,llama1b:qwen1.5b,rel_direction_l1_to_target,6,0,0.021995137927522057,-0.3142857142857143,0.9850664026606478,0.9630712647331258
T2_select_target,llama1b:qwen1.5b,rel_direction_rmse_to_target,6,0,0.021995137927522057,-0.3142857142857143,0.9850664026606478,0.9630712647331258
T2_select_target,llama1b:qwen1.5b,rel_magnitude_l1_to_target,6,0,0.002612893133027483,0.7142857142857143,0.9850664026606478,0.9824535095276203
T2_select_target,llama1b:qwen1.5b,rel_magnitude_rmse_to_target,6,0,0.002612893133027483,0.4857142857142857,0.9850664026606478,0.9824535095276203
T2_select_target,llama1b:qwen1.5b,memory_target_norm_gap,6,1,0.0,-0.02857142857142857,0.9850664026606478,0.9850664026606478
T2_select_target,llama1b:qwen1.5b,anchor_direction_js_to_target,6,0,0.021995137927522057,-0.37142857142857144,0.9850664026606478,0.9630712647331258
T2_select_target,llama1b:qwen1.5b,target_direction_subspace_residual,6,1,0.0,0.3142857142857143,0.9850664026606478,0.9850664026606478
T2_select_target,llama1b:qwen1.5b,capacity_normalized_direction_rmse,6,0,0.021995137927522057,-0.3142857142857143,0.9850664026606478,0.9630712647331258
T2_select_target,llama1b:qwen1.5b,diagnostic_rel_direction_z2_mean,6,0,0.002031184536615882,0.2,0.9850664026606478,0.9830352181240319
T2_select_target,llama1b:qwen1.5b,diagnostic_rel_magnitude_z_abs_mean,6,0,0.021995137927522057,-0.5428571428571428,0.9850664026606478,0.9630712647331258
T2_select_target,llama1b:qwen1.5b,diagnostic_target_direction_std_mean,6,0,0.018265139014711163,-0.14285714285714285,0.9850664026606478,0.9668012636459367
T2_select_target,llama1b:qwen1.5b,diagnostic_target_direction_std_min,6,0,0.2559764744692573,-0.42857142857142855,0.9850664026606478,0.7290899281913905
T2_select_target,llama1b:qwen1.5b,diagnostic_target_magnitude_std_mean,6,0,0.021995137927522057,-0.5428571428571428,0.9850664026606478,0.9630712647331258
T2_select_target,llama1b:qwen1.5b,diagnostic_target_magnitude_std_min,6,0,0.021995137927522057,-0.5428571428571428,0.9850664026606478,0.9630712647331258
T2_select_target,llama1b:qwen1.5b,target_text_nll,6,0,0.002612893133027483,-0.3142857142857143,0.9850664026606478,0.9824535095276203
T2_select_target,llama1b:qwen1.5b,target_minus_source_nll,6,0,0.002612893133027483,-0.3142857142857143,0.9850664026606478,0.9824535095276203
T2_select_target,llama1b:qwen1.5b,target_hidden_size,6,0,0.002031184536615882,0.4707919090691997,0.9850664026606478,0.9830352181240319
T2_select_target,llama1b:qwen1.5b,abs_log_hidden_ratio,6,0,0.018265139014711163,-0.4707919090691997,0.9850664026606478,0.9668012636459367
T2_select_target,llama1b:qwen1.5b,prior_same_model_family,6,0,0.2559764744692573,-0.8280786712108251,0.9850664026606478,0.7290899281913905
T2_select_target,llama1b:qwen1.5b,prior_cross_model_family,6,0,0.018265139014711163,0.8280786712108251,0.9850664026606478,0.9668012636459367
T2_select_target,llama1b:qwen1.5b,prior_target_param_b,6,0,0.002031184536615882,0.23539595453459985,0.9850664026606478,0.9830352181240319
T2_select_target,llama1b:qwen1.5b,prior_log_param_ratio_target_over_source,6,0,0.002031184536615882,0.23539595453459985,0.9850664026606478,0.9830352181240319
T2_select_target,llama1b:qwen1.5b,prior_param_tier_jump,6,0,0.002031184536615882,0.09759000729485331,0.9850664026606478,0.9830352181240319
T2_select_target,llama1b:qwen1.5b,pair_normalized_direction_rmse,6,0,0.021995137927522057,-0.3142857142857143,0.9850664026606478,0.9630712647331258
T2_select_target,llama1b:qwen1.5b,target_readability_z2_mean,6,0,0.002031184536615882,0.2,0.9850664026606478,0.9830352181240319
T2_select_target,llama1b:qwen1.5b,target_readability_tail_frac,6,0,0.002031184536615882,-0.02857142857142857,0.9850664026606478,0.9830352181240319
T2_select_target,llama1b:qwen1.5b,target_magnitude_tail_frac,6,0,0.021995137927522057,-0.3927922024247863,0.9850664026606478,0.9630712647331258
T2_select_target,llama1b:qwen1.5b,target_readability_cross_entropy,6,0,0.002612893133027483,-0.2571428571428571,0.9850664026606478,0.9824535095276203
T2_select_target,llama1b:qwen1.5b,source_to_target_anchor_kl,6,0,0.021995137927522057,-0.37142857142857144,0.9850664026606478,0.9630712647331258
T2_select_target,llama1b:qwen1.5b,target_readability_energy,6,0,0.2559764744692573,-0.42857142857142855,0.9850664026606478,0.7290899281913905
T2_select_target,llama1b:qwen1.5b,source_target_top_anchor_overlap,6,1,0.0,0.02857142857142857,0.9850664026606478,0.9850664026606478
T2_select_target,llama1b:qwen1.5b,source_target_direction_entropy_gap,6,0,0.021995137927522057,-0.2571428571428571,0.9850664026606478,0.9630712647331258
T2_select_target,llama1b:qwen1.5b,source_target_direction_dispersion_gap,6,0,0.002031184536615882,0.02857142857142857,0.9850664026606478,0.9830352181240319
T2_select_target,llama1b:qwen1.5b,diagnostic_source_direction_entropy_mean,6,0,0.2559764744692573,-0.802377419802878,0.9850664026606478,0.7290899281913905
T2_select_target,llama1b:qwen1.5b,diagnostic_target_direction_entropy,6,0,0.002612893133027483,-0.08571428571428572,0.9850664026606478,0.9824535095276203
T2_select_target,llama1b:qwen1.5b,diagnostic_source_direction_std_mean,6,0,0.018265139014711163,0.49377071987869414,0.9850664026606478,0.9668012636459367
T2_select_target,llama1b:qwen1.5b,_z_target_hidden_size,6,0,0.002031184536615882,0.4707919090691997,0.9850664026606478,0.9830352181240319
T2_select_target,llama1b:qwen1.5b,_z_prior_target_param_b,6,0,0.002031184536615882,0.23539595453459985,0.9850664026606478,0.9830352181240319
T2_select_target,llama1b:qwen1.5b,_z_log_param_ratio,6,0,0.002031184536615882,0.23539595453459985,0.9850664026606478,0.9830352181240319
T2_select_target,llama1b:qwen1.5b,_z_neg_direction_rmse,6,0,0.021995137927522057,-0.3142857142857143,0.9850664026606478,0.9630712647331258
T2_select_target,llama1b:qwen1.5b,_z_neg_anchor_js,6,0,0.021995137927522057,-0.37142857142857144,0.9850664026606478,0.9630712647331258
T2_select_target,llama1b:qwen1.5b,_z_neg_magnitude_rmse,6,0,0.002612893133027483,0.4857142857142857,0.9850664026606478,0.9824535095276203
T2_select_target,llama1b:qwen1.5b,_z_neg_subspace_residual,6,1,0.0,0.3142857142857143,0.9850664026606478,0.9850664026606478
T2_select_target,llama1b:qwen1.5b,_z_neg_pair_norm_direction_rmse,6,0,0.021995137927522057,-0.3142857142857143,0.9850664026606478,0.9630712647331258
T2_select_target,llama1b:qwen1.5b,_z_neg_target_readability_z2,6,0,0.002031184536615882,0.2,0.9850664026606478,0.9830352181240319
T2_select_target,llama1b:qwen1.5b,_z_neg_target_readability_tail,6,0,0.002031184536615882,-0.02857142857142857,0.9850664026606478,0.9830352181240319
T2_select_target,llama1b:qwen1.5b,_z_neg_target_magnitude_tail,6,0,0.021995137927522057,-0.3927922024247863,0.9850664026606478,0.9630712647331258
T2_select_target,llama1b:qwen1.5b,_z_neg_target_readability_ce,6,0,0.002612893133027483,-0.2571428571428571,0.9850664026606478,0.9824535095276203
T2_select_target,llama1b:qwen1.5b,_z_neg_source_to_target_kl,6,0,0.021995137927522057,-0.37142857142857144,0.9850664026606478,0.9630712647331258
T2_select_target,llama1b:qwen1.5b,_z_target_readability_energy,6,0,0.2559764744692573,-0.42857142857142855,0.9850664026606478,0.7290899281913905
T2_select_target,llama1b:qwen1.5b,_z_top_anchor_overlap,6,1,0.0,0.02857142857142857,0.9850664026606478,0.9850664026606478
T2_select_target,llama1b:qwen1.5b,_z_neg_direction_entropy_gap,6,0,0.021995137927522057,-0.2571428571428571,0.9850664026606478,0.9630712647331258
T2_select_target,llama1b:qwen1.5b,_z_neg_direction_dispersion_gap,6,0,0.002031184536615882,0.02857142857142857,0.9850664026606478,0.9830352181240319
T2_select_target,llama1b:qwen1.5b,combined_hidden_direction_score,6,0,0.002031184536615882,0.14285714285714285,0.9850664026606478,0.9830352181240319
T2_select_target,llama1b:qwen1.5b,combined_hidden_js_score,6,0,0.002612893133027483,0.37142857142857144,0.9850664026606478,0.9824535095276203
T2_select_target,llama1b:qwen1.5b,combined_hidden_source_quality_score,6,0,0.002031184536615882,0.4707919090691997,0.9850664026606478,0.9830352181240319
T2_select_target,llama1b:qwen1.5b,combined_param_direction_score,6,0,0.002031184536615882,0.02857142857142857,0.9850664026606478,0.9830352181240319
T2_select_target,llama1b:qwen1.5b,combined_ratio_direction_score,6,0,0.002031184536615882,0.02857142857142857,0.9850664026606478,0.9830352181240319
T2_select_target,llama1b:qwen1.5b,pair_geometry_compatibility_score,6,0,0.2559764744692573,-0.5428571428571428,0.9850664026606478,0.7290899281913905
T2_select_target,llama1b:qwen3b,rel_direction_l1_to_target,6,0,0.04046887070129679,0.2,0.9925502742922382,0.9520814035909414
T2_select_target,llama1b:qwen3b,rel_direction_rmse_to_target,6,0,0.04046887070129679,0.2,0.9925502742922382,0.9520814035909414
T2_select_target,llama1b:qwen3b,rel_magnitude_l1_to_target,6,0,0.032858083834701235,0.37142857142857144,0.9925502742922382,0.959692190457537
T2_select_target,llama1b:qwen3b,rel_magnitude_rmse_to_target,6,0,0.032858083834701235,0.02857142857142857,0.9925502742922382,0.959692190457537
T2_select_target,llama1b:qwen3b,memory_target_norm_gap,6,0,0.007774520459685408,-0.2571428571428571,0.9925502742922382,0.9847757538325528
T2_select_target,llama1b:qwen3b,anchor_direction_js_to_target,6,0,0.032858083834701235,0.2571428571428571,0.9925502742922382,0.959692190457537
T2_select_target,llama1b:qwen3b,target_direction_subspace_residual,6,0,0.007774520459685408,-0.14285714285714285,0.9925502742922382,0.9847757538325528
T2_select_target,llama1b:qwen3b,capacity_normalized_direction_rmse,6,0,0.04046887070129679,0.2,0.9925502742922382,0.9520814035909414
T2_select_target,llama1b:qwen3b,diagnostic_rel_direction_z2_mean,6,1,0.0,0.37142857142857144,0.9925502742922382,0.9925502742922382
T2_select_target,llama1b:qwen3b,diagnostic_rel_magnitude_z_abs_mean,6,0,0.04046887070129679,0.08571428571428572,0.9925502742922382,0.9520814035909414
T2_select_target,llama1b:qwen3b,diagnostic_target_direction_std_mean,6,0,0.46788114801097846,-0.8285714285714286,0.9925502742922382,0.5246691262812597
T2_select_target,llama1b:qwen3b,diagnostic_target_direction_std_min,6,0,0.21752936975577375,-0.5428571428571428,0.9925502742922382,0.7750209045364644
T2_select_target,llama1b:qwen3b,diagnostic_target_magnitude_std_mean,6,0,0.04046887070129679,0.08571428571428572,0.9925502742922382,0.9520814035909414
T2_select_target,llama1b:qwen3b,diagnostic_target_magnitude_std_min,6,0,0.04046887070129679,0.08571428571428572,0.9925502742922382,0.9520814035909414
T2_select_target,llama1b:qwen3b,target_text_nll,6,0,0.032858083834701235,0.37142857142857144,0.9925502742922382,0.959692190457537
T2_select_target,llama1b:qwen3b,target_minus_source_nll,6,0,0.032858083834701235,0.37142857142857144,0.9925502742922382,0.959692190457537
T2_select_target,llama1b:qwen3b,target_hidden_size,6,1,0.0,0.7247137945655605,0.9925502742922382,0.9925502742922382
T2_select_target,llama1b:qwen3b,abs_log_hidden_ratio,6,0,0.46788114801097846,-0.7826908981308054,0.9925502742922382,0.5246691262812597
T2_select_target,llama1b:qwen3b,prior_same_model_family,6,0,0.21752936975577375,-0.41403933560541256,0.9925502742922382,0.7750209045364644
T2_select_target,llama1b:qwen3b,prior_cross_model_family,6,0,0.46788114801097846,0.41403933560541256,0.9925502742922382,0.5246691262812597
T2_select_target,llama1b:qwen3b,prior_target_param_b,6,1,0.0,0.8116794499134278,0.9925502742922382,0.9925502742922382
T2_select_target,llama1b:qwen3b,prior_log_param_ratio_target_over_source,6,1,0.0,0.8116794499134278,0.9925502742922382,0.9925502742922382
T2_select_target,llama1b:qwen3b,prior_param_tier_jump,6,1,0.0,0.16903085094570333,0.9925502742922382,0.9925502742922382
T2_select_target,llama1b:qwen3b,pair_normalized_direction_rmse,6,0,0.04046887070129679,0.2,0.9925502742922382,0.9520814035909414
T2_select_target,llama1b:qwen3b,target_readability_z2_mean,6,1,0.0,0.37142857142857144,0.9925502742922382,0.9925502742922382
T2_select_target,llama1b:qwen3b,target_readability_tail_frac,6,1,0.0,0.42857142857142855,0.9925502742922382,0.9925502742922382
T2_select_target,llama1b:qwen3b,target_magnitude_tail_frac,6,0,0.04046887070129679,-0.13093073414159545,0.9925502742922382,0.9520814035909414
T2_select_target,llama1b:qwen3b,target_readability_cross_entropy,6,0,0.032858083834701235,0.42857142857142855,0.9925502742922382,0.959692190457537
T2_select_target,llama1b:qwen3b,source_to_target_anchor_kl,6,0,0.032858083834701235,0.2571428571428571,0.9925502742922382,0.959692190457537
T2_select_target,llama1b:qwen3b,target_readability_energy,6,0,0.21752936975577375,-0.4857142857142857,0.9925502742922382,0.7750209045364644
T2_select_target,llama1b:qwen3b,source_target_top_anchor_overlap,6,0,0.21752936975577375,-0.7714285714285715,0.9925502742922382,0.7750209045364644
T2_select_target,llama1b:qwen3b,source_target_direction_entropy_gap,6,0,0.032858083834701235,0.2571428571428571,0.9925502742922382,0.959692190457537
T2_select_target,llama1b:qwen3b,source_target_direction_dispersion_gap,6,1,0.0,0.7714285714285715,0.9925502742922382,0.9925502742922382
T2_select_target,llama1b:qwen3b,diagnostic_source_direction_entropy_mean,6,0,0.032858083834701235,-0.18516401995451032,0.9925502742922382,0.959692190457537
T2_select_target,llama1b:qwen3b,diagnostic_target_direction_entropy,6,0,0.032858083834701235,0.42857142857142855,0.9925502742922382,0.959692190457537
T2_select_target,llama1b:qwen3b,diagnostic_source_direction_std_mean,6,0,0.46788114801097846,0.18516401995451032,0.9925502742922382,0.5246691262812597
T2_select_target,llama1b:qwen3b,_z_target_hidden_size,6,1,0.0,0.7247137945655605,0.9925502742922382,0.9925502742922382
T2_select_target,llama1b:qwen3b,_z_prior_target_param_b,6,1,0.0,0.8116794499134278,0.9925502742922382,0.9925502742922382
T2_select_target,llama1b:qwen3b,_z_log_param_ratio,6,1,0.0,0.8116794499134278,0.9925502742922382,0.9925502742922382
T2_select_target,llama1b:qwen3b,_z_neg_direction_rmse,6,0,0.04046887070129679,0.2,0.9925502742922382,0.9520814035909414
T2_select_target,llama1b:qwen3b,_z_neg_anchor_js,6,0,0.032858083834701235,0.2571428571428571,0.9925502742922382,0.959692190457537
T2_select_target,llama1b:qwen3b,_z_neg_magnitude_rmse,6,0,0.032858083834701235,0.02857142857142857,0.9925502742922382,0.959692190457537
T2_select_target,llama1b:qwen3b,_z_neg_subspace_residual,6,0,0.007774520459685408,-0.14285714285714285,0.9925502742922382,0.9847757538325528
T2_select_target,llama1b:qwen3b,_z_neg_pair_norm_direction_rmse,6,0,0.04046887070129679,0.2,0.9925502742922382,0.9520814035909414
T2_select_target,llama1b:qwen3b,_z_neg_target_readability_z2,6,1,0.0,0.37142857142857144,0.9925502742922382,0.9925502742922382
T2_select_target,llama1b:qwen3b,_z_neg_target_readability_tail,6,1,0.0,0.42857142857142855,0.9925502742922382,0.9925502742922382
T2_select_target,llama1b:qwen3b,_z_neg_target_magnitude_tail,6,0,0.04046887070129679,-0.13093073414159545,0.9925502742922382,0.9520814035909414
T2_select_target,llama1b:qwen3b,_z_neg_target_readability_ce,6,0,0.032858083834701235,0.42857142857142855,0.9925502742922382,0.959692190457537
T2_select_target,llama1b:qwen3b,_z_neg_source_to_target_kl,6,0,0.032858083834701235,0.2571428571428571,0.9925502742922382,0.959692190457537
T2_select_target,llama1b:qwen3b,_z_target_readability_energy,6,0,0.21752936975577375,-0.4857142857142857,0.9925502742922382,0.7750209045364644
T2_select_target,llama1b:qwen3b,_z_top_anchor_overlap,6,0,0.21752936975577375,-0.7714285714285715,0.9925502742922382,0.7750209045364644
T2_select_target,llama1b:qwen3b,_z_neg_direction_entropy_gap,6,0,0.032858083834701235,0.2571428571428571,0.9925502742922382,0.959692190457537
T2_select_target,llama1b:qwen3b,_z_neg_direction_dispersion_gap,6,1,0.0,0.7714285714285715,0.9925502742922382,0.9925502742922382
T2_select_target,llama1b:qwen3b,combined_hidden_direction_score,6,1,0.0,0.7714285714285715,0.9925502742922382,0.9925502742922382
T2_select_target,llama1b:qwen3b,combined_hidden_js_score,6,0,0.032858083834701235,0.6571428571428571,0.9925502742922382,0.959692190457537
T2_select_target,llama1b:qwen3b,combined_hidden_source_quality_score,6,1,0.0,0.7247137945655605,0.9925502742922382,0.9925502742922382
T2_select_target,llama1b:qwen3b,combined_param_direction_score,6,1,0.0,0.6,0.9925502742922382,0.9925502742922382
T2_select_target,llama1b:qwen3b,combined_ratio_direction_score,6,1,0.0,0.6,0.9925502742922382,0.9925502742922382
T2_select_target,llama1b:qwen3b,pair_geometry_compatibility_score,6,0,0.032858083834701235,0.3142857142857143,0.9925502742922382,0.959692190457537
T2_select_target,llama1b:qwen7b,rel_direction_l1_to_target,6,1,0.0,0.02857142857142857,0.9887724154221437,0.9887724154221437
T2_select_target,llama1b:qwen7b,rel_direction_rmse_to_target,6,1,0.0,0.02857142857142857,0.9887724154221437,0.9887724154221437
T2_select_target,llama1b:qwen7b,rel_magnitude_l1_to_target,6,0,0.023421646280830655,0.4857142857142857,0.9887724154221437,0.965350769141313
T2_select_target,llama1b:qwen7b,rel_magnitude_rmse_to_target,6,0,0.02089690121370258,0.7142857142857143,0.9887724154221437,0.9678755142084411
T2_select_target,llama1b:qwen7b,memory_target_norm_gap,6,0,0.0025585554089132545,-0.2,0.9887724154221437,0.9862138600132304
T2_select_target,llama1b:qwen7b,anchor_direction_js_to_target,6,1,0.0,0.3142857142857143,0.9887724154221437,0.9887724154221437
T2_select_target,llama1b:qwen7b,target_direction_subspace_residual,6,0,0.0025585554089132545,-0.14285714285714285,0.9887724154221437,0.9862138600132304
T2_select_target,llama1b:qwen7b,capacity_normalized_direction_rmse,6,1,0.0,0.02857142857142857,0.9887724154221437,0.9887724154221437
T2_select_target,llama1b:qwen7b,diagnostic_rel_direction_z2_mean,6,1,0.0,0.02857142857142857,0.9887724154221437,0.9887724154221437
T2_select_target,llama1b:qwen7b,diagnostic_rel_magnitude_z_abs_mean,6,0,0.3602775850632659,-0.6,0.9887724154221437,0.6284948303588778
T2_select_target,llama1b:qwen7b,diagnostic_target_direction_std_mean,6,0,0.02089690121370258,-0.2571428571428571,0.9887724154221437,0.9678755142084411
T2_select_target,llama1b:qwen7b,diagnostic_target_direction_std_min,6,0,0.24306517355588542,-0.8285714285714286,0.9887724154221437,0.7457072418662583
T2_select_target,llama1b:qwen7b,diagnostic_target_magnitude_std_mean,6,0,0.3602775850632659,-0.6,0.9887724154221437,0.6284948303588778
T2_select_target,llama1b:qwen7b,diagnostic_target_magnitude_std_min,6,0,0.3602775850632659,-0.6,0.9887724154221437,0.6284948303588778
T2_select_target,llama1b:qwen7b,target_text_nll,6,0,0.023421646280830655,-0.37142857142857144,0.9887724154221437,0.965350769141313
T2_select_target,llama1b:qwen7b,target_minus_source_nll,6,0,0.023421646280830655,-0.37142857142857144,0.9887724154221437,0.965350769141313
T2_select_target,llama1b:qwen7b,target_hidden_size,6,1,0.0,0.6179143806533246,0.9887724154221437,0.9887724154221437
T2_select_target,llama1b:qwen7b,abs_log_hidden_ratio,6,1,0.0,0.6179143806533246,0.9887724154221437,0.9887724154221437
T2_select_target,llama1b:qwen7b,prior_same_model_family,6,0,0.24306517355588542,-0.8280786712108251,0.9887724154221437,0.7457072418662583
T2_select_target,llama1b:qwen7b,prior_cross_model_family,6,0,0.02089690121370258,0.8280786712108251,0.9887724154221437,0.9678755142084411
T2_select_target,llama1b:qwen7b,prior_target_param_b,6,1,0.0,0.3768511731740915,0.9887724154221437,0.9887724154221437
T2_select_target,llama1b:qwen7b,prior_log_param_ratio_target_over_source,6,1,0.0,0.3768511731740915,0.9887724154221437,0.9887724154221437
T2_select_target,llama1b:qwen7b,prior_param_tier_jump,6,0,0.02089690121370258,-0.41403933560541256,0.9887724154221437,0.9678755142084411
T2_select_target,llama1b:qwen7b,pair_normalized_direction_rmse,6,1,0.0,0.02857142857142857,0.9887724154221437,0.9887724154221437
T2_select_target,llama1b:qwen7b,target_readability_z2_mean,6,1,0.0,0.02857142857142857,0.9887724154221437,0.9887724154221437
T2_select_target,llama1b:qwen7b,target_readability_tail_frac,6,1,0.0,0.02857142857142857,0.9887724154221437,0.9887724154221437
T2_select_target,llama1b:qwen7b,target_readability_cross_entropy,6,0,0.023421646280830655,0.14285714285714285,0.9887724154221437,0.965350769141313
T2_select_target,llama1b:qwen7b,source_to_target_anchor_kl,6,1,0.0,0.3142857142857143,0.9887724154221437,0.9887724154221437
T2_select_target,llama1b:qwen7b,target_readability_energy,6,0,0.0025585554089132545,0.6,0.9887724154221437,0.9862138600132304
T2_select_target,llama1b:qwen7b,source_target_top_anchor_overlap,6,0,0.24306517355588542,-0.6,0.9887724154221437,0.7457072418662583
T2_select_target,llama1b:qwen7b,source_target_direction_entropy_gap,6,1,0.0,0.3142857142857143,0.9887724154221437,0.9887724154221437
T2_select_target,llama1b:qwen7b,source_target_direction_dispersion_gap,6,0,0.023421646280830655,-0.08571428571428572,0.9887724154221437,0.965350769141313
T2_select_target,llama1b:qwen7b,diagnostic_source_direction_entropy_mean,6,0,0.02089690121370258,0.7406560798180413,0.9887724154221437,0.9678755142084411
T2_select_target,llama1b:qwen7b,diagnostic_target_direction_entropy,6,0,0.023421646280830655,0.14285714285714285,0.9887724154221437,0.965350769141313
T2_select_target,llama1b:qwen7b,diagnostic_source_direction_std_mean,6,0,0.023421646280830655,-0.7406560798180413,0.9887724154221437,0.965350769141313
T2_select_target,llama1b:qwen7b,_z_target_hidden_size,6,1,0.0,0.6179143806533246,0.9887724154221437,0.9887724154221437
T2_select_target,llama1b:qwen7b,_z_prior_target_param_b,6,1,0.0,0.3768511731740915,0.9887724154221437,0.9887724154221437
T2_select_target,llama1b:qwen7b,_z_log_param_ratio,6,1,0.0,0.3768511731740915,0.9887724154221437,0.9887724154221437
T2_select_target,llama1b:qwen7b,_z_neg_direction_rmse,6,1,0.0,0.02857142857142857,0.9887724154221437,0.9887724154221437
T2_select_target,llama1b:qwen7b,_z_neg_anchor_js,6,1,0.0,0.3142857142857143,0.9887724154221437,0.9887724154221437
T2_select_target,llama1b:qwen7b,_z_neg_magnitude_rmse,6,0,0.02089690121370258,0.7142857142857143,0.9887724154221437,0.9678755142084411
T2_select_target,llama1b:qwen7b,_z_neg_subspace_residual,6,0,0.0025585554089132545,-0.14285714285714285,0.9887724154221437,0.9862138600132304
T2_select_target,llama1b:qwen7b,_z_neg_pair_norm_direction_rmse,6,1,0.0,0.02857142857142857,0.9887724154221437,0.9887724154221437
T2_select_target,llama1b:qwen7b,_z_neg_target_readability_z2,6,1,0.0,0.02857142857142857,0.9887724154221437,0.9887724154221437
T2_select_target,llama1b:qwen7b,_z_neg_target_readability_tail,6,1,0.0,0.02857142857142857,0.9887724154221437,0.9887724154221437
T2_select_target,llama1b:qwen7b,_z_neg_target_readability_ce,6,0,0.023421646280830655,0.14285714285714285,0.9887724154221437,0.965350769141313
T2_select_target,llama1b:qwen7b,_z_neg_source_to_target_kl,6,1,0.0,0.3142857142857143,0.9887724154221437,0.9887724154221437
T2_select_target,llama1b:qwen7b,_z_target_readability_energy,6,0,0.0025585554089132545,0.6,0.9887724154221437,0.9862138600132304
T2_select_target,llama1b:qwen7b,_z_top_anchor_overlap,6,0,0.24306517355588542,-0.6,0.9887724154221437,0.7457072418662583
T2_select_target,llama1b:qwen7b,_z_neg_direction_entropy_gap,6,1,0.0,0.3142857142857143,0.9887724154221437,0.9887724154221437
T2_select_target,llama1b:qwen7b,_z_neg_direction_dispersion_gap,6,0,0.023421646280830655,-0.08571428571428572,0.9887724154221437,0.965350769141313
T2_select_target,llama1b:qwen7b,combined_hidden_direction_score,6,1,0.0,0.37142857142857144,0.9887724154221437,0.9887724154221437
T2_select_target,llama1b:qwen7b,combined_hidden_js_score,6,1,0.0,0.6,0.9887724154221437,0.9887724154221437
T2_select_target,llama1b:qwen7b,combined_hidden_source_quality_score,6,1,0.0,0.6179143806533246,0.9887724154221437,0.9887724154221437
T2_select_target,llama1b:qwen7b,combined_param_direction_score,6,1,0.0,0.08571428571428572,0.9887724154221437,0.9887724154221437
T2_select_target,llama1b:qwen7b,combined_ratio_direction_score,6,1,0.0,0.08571428571428572,0.9887724154221437,0.9887724154221437
T2_select_target,llama1b:qwen7b,pair_geometry_compatibility_score,6,1,0.0,0.02857142857142857,0.9887724154221437,0.9887724154221437
